{"type":"FeatureCollection","metadata":{"cenario":"atual","gerado_em":"08/10/2026 21:22","fonte":"BASE_OTIMIZACAO_ROTAS_URNAS_2026.xlsx","roteamento":"OSRM (perfil carro)","totais":{"Ouro Preto":{"rotas":44,"destinos":54},"Mariana":{"rotas":41,"destinos":40},"Itabirito":{"rotas":37,"destinos":37}},"pendencias":[],"observacoes":["ITB-1600: ESCOLA MUNICIPAL DÁRIA ALVES DA SILVA COUTO sem rota de escolta em 2026","OPR-R25: destino a 573 m da via mais próxima; o último trecho não aparece no traçado","MRN-R16: destino a 502 m da via mais próxima; o último trecho não aparece no traçado","MRN-R28: destino a 647 m da via mais próxima; o último trecho não aparece no traçado"]},"features":[{"type":"Feature","geometry":{"type":"Point","coordinates":[-43.5056197042022,-20.3846867715749]},"properties":{"tipo":"origem","id":"OPR-S1","municipio":"Ouro Preto","nome":"PONTO DE PARTIDA OURO PRETO","endereco":"PRAÇA REINALDO ALVES DE BRITO","bairro":"CENTRO","ueop":"52º BPM","cia":"248ª Cia PM","unidade":"248cia","bpm":"52bpm"}},{"type":"Feature","geometry":{"type":"Point","coordinates":[-43.4174489158461,-20.3688266796596]},"properties":{"tipo":"origem","id":"MRN-S1","municipio":"Mariana","nome":"PONTO DE PARTIDA MARIANA","endereco":"AV MANUEL LEANDRO CORREA, 415","bairro":"BARRO PRETO","ueop":"52º BPM","cia":"239ª Cia PM","unidade":"239cia","bpm":"52bpm"}},{"type":"Feature","geometry":{"type":"Point","coordinates":[-43.7994943123023,-20.2496267291878]},"properties":{"tipo":"origem","id":"ITB-S1","municipio":"Itabirito","nome":"PONTO DE PARTIDA ITABIRITO","endereco":"RUA JOÃO PESSOA ,251","bairro":"CENTRO","ueop":"52º BPM","cia":"250ª Cia PM","unidade":"250cia","bpm":"52bpm"}},{"type":"Feature","geometry":{"type":"LineString","coordinates":[[-43.5056,-20.38455],[-43.506,-20.38455],[-43.50563,-20.38524],[-43.50494,-20.3853],[-43.5037,-20.3855],[-43.50349,-20.38561],[-43.50347,-20.38534],[-43.50353,-20.38487],[-43.50331,-20.3847],[-43.50323,-20.38455],[-43.50322,-20.38425],[-43.50333,-20.38338],[-43.50306,-20.38301],[-43.5025,-20.383],[-43.50204,-20.3828],[-43.50187,-20.38278],[-43.50051,-20.38349],[-43.49869,-20.38398],[-43.49809,-20.38403],[-43.49774,-20.38419],[-43.4976,-20.38441],[-43.49744,-20.38484],[-43.49701,-20.38496],[-43.49659,-20.38486],[-43.49615,-20.38447],[-43.49569,-20.38462],[-43.4951,-20.38462],[-43.49465,-20.38468],[-43.49432,-20.38462],[-43.49383,-20.3844],[-43.49336,-20.38429],[-43.49307,-20.384],[-43.49273,-20.3839],[-43.49251,-20.38376],[-43.49246,-20.38341],[-43.49237,-20.38326],[-43.49185,-20.38305],[-43.49154,-20.38278],[-43.49136,-20.38269],[-43.49108,-20.38266],[-43.49052,-20.38277],[-43.48994,-20.38258],[-43.48986,-20.38261],[-43.48966,-20.38283],[-43.48907,-20.38294],[-43.48856,-20.38318],[-43.4882,-20.38307],[-43.48774,-20.38276],[-43.48767,-20.38251],[-43.48743,-20.38222],[-43.48769,-20.38195],[-43.48807,-20.38212],[-43.48888,-20.3821],[-43.48942,-20.38181],[-43.48939,-20.38174],[-43.4891,-20.38152],[-43.48926,-20.38136],[-43.48925,-20.3813],[-43.48888,-20.381],[-43.48832,-20.38126],[-43.48793,-20.38112],[-43.48791,-20.38115],[-43.48814,-20.38139],[-43.4885,-20.38166],[-43.48868,-20.38208],[-43.48888,-20.3821],[-43.48897,-20.38221],[-43.48887,-20.38248],[-43.48864,-20.38266],[-43.48846,-20.38268],[-43.48794,-20.38248],[-43.48767,-20.38251],[-43.48769,-20.38267],[-43.48782,-20.38284],[-43.48843,-20.38317],[-43.48856,-20.38318],[-43.48907,-20.38294],[-43.48966,-20.38283],[-43.48986,-20.38261],[-43.48994,-20.38258],[-43.49052,-20.38277],[-43.49108,-20.38266],[-43.49127,-20.38267],[-43.49154,-20.38278],[-43.49185,-20.38305],[-43.49232,-20.38322],[-43.49244,-20.38335],[-43.49251,-20.38376],[-43.49273,-20.3839],[-43.49307,-20.384],[-43.49341,-20.38431],[-43.49383,-20.3844],[-43.49432,-20.38462],[-43.49465,-20.38468],[-43.4951,-20.38462],[-43.49569,-20.38462],[-43.49615,-20.38447],[-43.49659,-20.38486],[-43.49687,-20.38495],[-43.49712,-20.38496],[-43.49744,-20.38484],[-43.4976,-20.38441],[-43.49774,-20.38419],[-43.49809,-20.38403],[-43.49869,-20.38398],[-43.50051,-20.38349],[-43.50187,-20.38278],[-43.50204,-20.3828],[-43.5025,-20.383],[-43.50306,-20.38301],[-43.50317,-20.38313],[-43.50333,-20.38338],[-43.50322,-20.38425],[-43.50323,-20.38455],[-43.50331,-20.3847],[-43.50353,-20.38487],[-43.50361,-20.38488],[-43.50381,-20.38475],[-43.50402,-20.38408],[-43.50395,-20.38377],[-43.50403,-20.38269],[-43.50397,-20.38214],[-43.50384,-20.38173],[-43.50407,-20.38138],[-43.50373,-20.38112],[-43.5036,-20.38108],[-43.50334,-20.38116],[-43.50256,-20.38115]]},"properties":{"tipo":"rota","id":"OPR-R01","rota":"ROTA 01","municipio":"Ouro Preto","id_saida":"OPR-S1","origem":"PONTO DE PARTIDA OURO PRETO","ueop":"52º BPM","cia":"248ª Cia PM","unidade":"248cia","bpm":"52bpm","modalidade":"NAO_INFORMADA","paradas":["OPR-1155","OPR-1694","OPR-1120"],"destinos":["ESCOLA MUNICIPAL INFANTIL CIRANDINHA","ESCOLA MUNICIPAL PROF. JUVENTINA DRUMMOND - PRÉDIO NOVO","ESCOLA MUNICIPAL SAO SEBASTIAO"],"qtd_paradas":3,"urnas":12,"distancia_km":6.09,"tempo_min":11.8,"trechos":[{"km":2.67,"min":5.0},{"km":0.2,"min":0.6},{"km":3.22,"min":6.2}],"calculada":true,"distancia_via_m":19}},{"type":"Feature","geometry":{"type":"LineString","coordinates":[[-43.5056,-20.38455],[-43.506,-20.38455],[-43.50563,-20.38524],[-43.50494,-20.3853],[-43.5037,-20.3855],[-43.50349,-20.38561],[-43.50246,-20.3858],[-43.50213,-20.38606],[-43.50208,-20.38576],[-43.50135,-20.38623],[-43.50016,-20.38718],[-43.49982,-20.38739],[-43.49876,-20.38769],[-43.49766,-20.38759],[-43.49755,-20.38754],[-43.49677,-20.38776],[-43.49649,-20.38778],[-43.4956,-20.38773],[-43.4952,-20.38768],[-43.49462,-20.38749],[-43.49432,-20.38751],[-43.49424,-20.38678],[-43.49438,-20.38638],[-43.49426,-20.38621],[-43.49367,-20.38624],[-43.4927,-20.38618],[-43.49217,-20.38608],[-43.49191,-20.38612],[-43.49131,-20.38634],[-43.49043,-20.3865],[-43.48914,-20.38695],[-43.48852,-20.38699],[-43.48735,-20.38656],[-43.48685,-20.38608],[-43.48698,-20.38591],[-43.4872,-20.38591],[-43.48749,-20.38581],[-43.48753,-20.38542],[-43.48716,-20.3851],[-43.48692,-20.38497],[-43.48663,-20.38509],[-43.4863,-20.38533],[-43.4853,-20.38549]]},"properties":{"tipo":"rota","id":"OPR-R02","rota":"ROTA 02","municipio":"Ouro Preto","id_saida":"OPR-S1","origem":"PONTO DE PARTIDA OURO PRETO","ueop":"52º BPM","cia":"248ª Cia PM","unidade":"248cia","bpm":"52bpm","modalidade":"NAO_INFORMADA","paradas":["OPR-1724"],"destinos":["ESCOLA MUNICIPAL ISAURA MENDES - PREDIO NOVO"],"qtd_paradas":1,"urnas":5,"distancia_km":2.79,"tempo_min":6.2,"trechos":[{"km":2.79,"min":6.2}],"calculada":true,"distancia_via_m":15}},{"type":"Feature","geometry":{"type":"LineString","coordinates":[[-43.5056,-20.38455],[-43.506,-20.38455],[-43.50563,-20.38524],[-43.50494,-20.3853],[-43.5037,-20.3855],[-43.50349,-20.38561],[-43.50246,-20.3858],[-43.50213,-20.38606],[-43.50208,-20.38576],[-43.50135,-20.38623],[-43.50016,-20.38718],[-43.49982,-20.38739],[-43.49876,-20.38769],[-43.49766,-20.38759],[-43.49755,-20.38754],[-43.49677,-20.38776],[-43.49649,-20.38778],[-43.4956,-20.38773],[-43.4952,-20.38768],[-43.49462,-20.38749],[-43.49432,-20.38751],[-43.49435,-20.38802],[-43.49429,-20.3884],[-43.49402,-20.38862],[-43.49342,-20.38874],[-43.49246,-20.38882],[-43.49129,-20.38938],[-43.49079,-20.38981],[-43.49058,-20.39025],[-43.48993,-20.39065],[-43.48956,-20.39095],[-43.48936,-20.39104],[-43.48912,-20.39107],[-43.48908,-20.39101],[-43.48886,-20.39097],[-43.48836,-20.39096],[-43.48784,-20.39133],[-43.4871,-20.39146],[-43.48699,-20.39154],[-43.48702,-20.39173],[-43.48732,-20.39212],[-43.48777,-20.39257],[-43.4878,-20.39267],[-43.48764,-20.39336],[-43.48773,-20.3938],[-43.48772,-20.39403],[-43.48728,-20.39512],[-43.48711,-20.39537],[-43.48705,-20.39535],[-43.48703,-20.39521],[-43.48711,-20.39483],[-43.48709,-20.39466],[-43.48699,-20.39417],[-43.4869,-20.39414],[-43.48682,-20.39422],[-43.48672,-20.39534],[-43.48662,-20.39543],[-43.48596,-20.39555],[-43.48582,-20.39554],[-43.4857,-20.39547],[-43.48522,-20.39509],[-43.4848,-20.39506],[-43.48477,-20.39493],[-43.48485,-20.3947],[-43.4848,-20.39463],[-43.48457,-20.39459],[-43.48373,-20.39463],[-43.48391,-20.39525],[-43.48423,-20.39592],[-43.48453,-20.39636],[-43.48497,-20.39669],[-43.48646,-20.39731],[-43.48713,-20.39774],[-43.48743,-20.39799],[-43.48772,-20.39842],[-43.48933,-20.40323],[-43.48986,-20.40406],[-43.49183,-20.40616],[-43.49223,-20.40653],[-43.49279,-20.40683],[-43.49335,-20.40694],[-43.49405,-20.40688],[-43.49644,-20.40577],[-43.49617,-20.40579],[-43.49566,-20.40568],[-43.49529,-20.40544]]},"properties":{"tipo":"rota","id":"OPR-R03","rota":"ROTA 03","municipio":"Ouro Preto","id_saida":"OPR-S1","origem":"PONTO DE PARTIDA OURO PRETO","ueop":"52º BPM","cia":"248ª Cia PM","unidade":"248cia","bpm":"52bpm","modalidade":"NAO_INFORMADA","paradas":["OPR-1104","OPR-1643"],"destinos":["ESCOLA ESTADUAL DESEMBARGADOR HORACIO ANDRADE","ESCOLA MUNICIPAL PROFESSOR ADHALMIR SANTOS MAIA"],"qtd_paradas":2,"urnas":12,"distancia_km":5.83,"tempo_min":9.6,"trechos":[{"km":1.56,"min":3.4},{"km":4.28,"min":6.2}],"calculada":true,"distancia_via_m":15}},{"type":"Feature","geometry":{"type":"LineString","coordinates":[[-43.5056,-20.38455],[-43.506,-20.38455],[-43.50563,-20.38524],[-43.50494,-20.3853],[-43.5037,-20.3855],[-43.50349,-20.38561],[-43.50246,-20.3858],[-43.50213,-20.38606],[-43.50208,-20.38576],[-43.50135,-20.38623],[-43.50016,-20.38718],[-43.49982,-20.38739],[-43.49876,-20.38769],[-43.49766,-20.38759],[-43.49755,-20.38754],[-43.49677,-20.38776],[-43.49649,-20.38778],[-43.4956,-20.38773],[-43.4952,-20.38768],[-43.49462,-20.38749],[-43.49432,-20.38751],[-43.49435,-20.38802],[-43.49429,-20.3884],[-43.49402,-20.38862],[-43.49342,-20.38874],[-43.49246,-20.38882],[-43.49129,-20.38938],[-43.49079,-20.38981],[-43.49058,-20.39025],[-43.48993,-20.39065],[-43.48956,-20.39095],[-43.48936,-20.39104],[-43.48912,-20.39107],[-43.48908,-20.39101],[-43.48886,-20.39097],[-43.48836,-20.39096],[-43.48784,-20.39133],[-43.48729,-20.39143]]},"properties":{"tipo":"rota","id":"OPR-R04","rota":"ROTA 04","municipio":"Ouro Preto","id_saida":"OPR-S1","origem":"PONTO DE PARTIDA OURO PRETO","ueop":"52º BPM","cia":"248ª Cia PM","unidade":"248cia","bpm":"52bpm","modalidade":"NAO_INFORMADA","paradas":["OPR-1546"],"destinos":["ESCOLA  MUNICIPAL  PROFESSOR  HELIO HOMEM DE FARIA"],"qtd_paradas":1,"urnas":9,"distancia_km":2.38,"tempo_min":4.7,"trechos":[{"km":2.38,"min":4.7}],"calculada":true,"distancia_via_m":25}},{"type":"Feature","geometry":{"type":"LineString","coordinates":[[-43.5056,-20.38455],[-43.506,-20.38455],[-43.50643,-20.38428],[-43.5068,-20.38433],[-43.50707,-20.38448],[-43.50741,-20.38524],[-43.50754,-20.38542],[-43.50774,-20.38551],[-43.50862,-20.38498],[-43.50867,-20.38489],[-43.50859,-20.38454],[-43.50863,-20.38422],[-43.50887,-20.38395],[-43.50928,-20.38371],[-43.50966,-20.38377],[-43.50993,-20.38394],[-43.51012,-20.38411],[-43.50996,-20.38432],[-43.50999,-20.3844],[-43.51055,-20.38496],[-43.51069,-20.38495],[-43.51131,-20.38462],[-43.51141,-20.38421],[-43.51204,-20.38405],[-43.51273,-20.38365],[-43.51281,-20.38356],[-43.51407,-20.38297],[-43.51437,-20.38275],[-43.51484,-20.38216],[-43.51586,-20.38161]]},"properties":{"tipo":"rota","id":"OPR-R05","rota":"ROTA 05","municipio":"Ouro Preto","id_saida":"OPR-S1","origem":"PONTO DE PARTIDA OURO PRETO","ueop":"52º BPM","cia":"248ª Cia PM","unidade":"248cia","bpm":"52bpm","modalidade":"NAO_INFORMADA","paradas":["OPR-1554","OPR-1031"],"destinos":["ESCOLA MUNICIPAL ALFREDO BAETA","COLEGIO ARQUIDIOCESANO DE OURO PRETO"],"qtd_paradas":2,"urnas":13,"distancia_km":1.51,"tempo_min":3.4,"trechos":[{"km":1.39,"min":3.1},{"km":0.12,"min":0.3}],"calculada":true,"distancia_via_m":15}},{"type":"Feature","geometry":{"type":"LineString","coordinates":[[-43.5056,-20.38455],[-43.506,-20.38455],[-43.50643,-20.38428],[-43.50737,-20.38434],[-43.50753,-20.38444],[-43.50774,-20.38487],[-43.5078,-20.3849],[-43.50796,-20.38482],[-43.50788,-20.3844],[-43.50793,-20.38399],[-43.50786,-20.38308],[-43.50758,-20.38271],[-43.50765,-20.382],[-43.50738,-20.38101],[-43.50723,-20.38079],[-43.50689,-20.38062],[-43.50547,-20.38138]]},"properties":{"tipo":"rota","id":"OPR-R06","rota":"ROTA 06","municipio":"Ouro Preto","id_saida":"OPR-S1","origem":"PONTO DE PARTIDA OURO PRETO","ueop":"52º BPM","cia":"248ª Cia PM","unidade":"248cia","bpm":"52bpm","modalidade":"NAO_INFORMADA","paradas":["OPR-1678"],"destinos":["CRECHE MUNICIPAL NOÊMIA VELOSO"],"qtd_paradas":1,"urnas":3,"distancia_km":0.97,"tempo_min":2.1,"trechos":[{"km":0.97,"min":2.1}],"calculada":true,"distancia_via_m":15}},{"type":"Feature","geometry":{"type":"LineString","coordinates":[[-43.5056,-20.38455],[-43.506,-20.38455],[-43.50563,-20.38524],[-43.50494,-20.3853],[-43.5037,-20.3855],[-43.50349,-20.38561],[-43.50347,-20.38534],[-43.50353,-20.38487],[-43.50361,-20.38488],[-43.50381,-20.38475],[-43.50573,-20.38454],[-43.506,-20.38455],[-43.50563,-20.38524],[-43.50494,-20.3853],[-43.5037,-20.3855],[-43.50349,-20.38561],[-43.50347,-20.38534],[-43.50353,-20.38487],[-43.50361,-20.38488],[-43.50371,-20.3848]]},"properties":{"tipo":"rota","id":"OPR-R07","rota":"ROTA 07","municipio":"Ouro Preto","id_saida":"OPR-S1","origem":"PONTO DE PARTIDA OURO PRETO","ueop":"52º BPM","cia":"248ª Cia PM","unidade":"248cia","bpm":"52bpm","modalidade":"NAO_INFORMADA","paradas":["OPR-1082","OPR-1058"],"destinos":["ESCOLA ESTADUAL DOM PEDRO II","ESCOLA DE MINAS"],"qtd_paradas":2,"urnas":14,"distancia_km":1.13,"tempo_min":2.9,"trechos":[{"km":0.56,"min":1.4},{"km":0.57,"min":1.4}],"calculada":true,"distancia_via_m":15}},{"type":"Feature","geometry":{"type":"LineString","coordinates":[[-43.5056,-20.38455],[-43.506,-20.38455],[-43.50563,-20.38524],[-43.50494,-20.3853],[-43.5037,-20.3855],[-43.50349,-20.38561],[-43.50286,-20.38572],[-43.50283,-20.3862],[-43.50259,-20.38638],[-43.50246,-20.38724],[-43.50233,-20.38765],[-43.50244,-20.3889],[-43.5027,-20.38862],[-43.50288,-20.38824],[-43.50298,-20.38822],[-43.50322,-20.38829],[-43.50337,-20.38841],[-43.50357,-20.38882],[-43.50356,-20.38894],[-43.50327,-20.38924],[-43.5016,-20.39034],[-43.50151,-20.38967],[-43.50116,-20.38964],[-43.50086,-20.38955],[-43.50044,-20.38884],[-43.50017,-20.38793],[-43.50001,-20.38775],[-43.49969,-20.38768]]},"properties":{"tipo":"rota","id":"OPR-R08","rota":"ROTA 08","municipio":"Ouro Preto","id_saida":"OPR-S1","origem":"PONTO DE PARTIDA OURO PRETO","ueop":"52º BPM","cia":"248ª Cia PM","unidade":"248cia","bpm":"52bpm","modalidade":"NAO_INFORMADA","paradas":["OPR-1112","OPR-1090"],"destinos":["ESCOLA MUNICIPAL MONSENHOR JOÃO CASTILHO BARBOSA","ESCOLA ESTADUAL MARILIA DE DIRCEU"],"qtd_paradas":2,"urnas":15,"distancia_km":1.66,"tempo_min":4.3,"trechos":[{"km":1.23,"min":3.1},{"km":0.44,"min":1.2}],"calculada":true,"distancia_via_m":36}},{"type":"Feature","geometry":{"type":"LineString","coordinates":[[-43.5056,-20.38455],[-43.506,-20.38455],[-43.50643,-20.38428],[-43.5068,-20.38433],[-43.50707,-20.38448],[-43.50741,-20.38524],[-43.50754,-20.38542],[-43.50774,-20.38551],[-43.50762,-20.38591],[-43.50758,-20.38641],[-43.50714,-20.38697],[-43.50768,-20.38708],[-43.50796,-20.38735],[-43.50845,-20.38704]]},"properties":{"tipo":"rota","id":"OPR-R09","rota":"ROTA 09","municipio":"Ouro Preto","id_saida":"OPR-S1","origem":"PONTO DE PARTIDA OURO PRETO","ueop":"52º BPM","cia":"248ª Cia PM","unidade":"248cia","bpm":"52bpm","modalidade":"NAO_INFORMADA","paradas":["OPR-1040"],"destinos":["ESCOLA  ESTADUAL DOM VELLOSO"],"qtd_paradas":1,"urnas":7,"distancia_km":0.65,"tempo_min":1.9,"trechos":[{"km":0.65,"min":1.9}],"calculada":true,"distancia_via_m":15}},{"type":"Feature","geometry":{"type":"LineString","coordinates":[[-43.5056,-20.38455],[-43.506,-20.38455],[-43.50643,-20.38428],[-43.5068,-20.38433],[-43.50707,-20.38448],[-43.50741,-20.38524],[-43.50754,-20.38542],[-43.50774,-20.38551],[-43.50762,-20.38591],[-43.50758,-20.38641],[-43.50714,-20.38697],[-43.50701,-20.38737],[-43.5067,-20.38964],[-43.50661,-20.39072],[-43.50582,-20.39093],[-43.50508,-20.39102],[-43.50467,-20.39096],[-43.50418,-20.39082],[-43.50431,-20.39099],[-43.50528,-20.39128],[-43.50606,-20.3913],[-43.50681,-20.39169],[-43.50702,-20.39162],[-43.50759,-20.39127],[-43.50783,-20.39129],[-43.5086,-20.39152],[-43.50898,-20.39156],[-43.50927,-20.39151],[-43.50942,-20.39145],[-43.50963,-20.39125],[-43.50981,-20.39083],[-43.51017,-20.39068],[-43.51182,-20.39076],[-43.51194,-20.39087],[-43.51202,-20.39113],[-43.51211,-20.39124],[-43.51231,-20.39137],[-43.5131,-20.39171],[-43.51445,-20.39288],[-43.51473,-20.39307],[-43.51519,-20.39357],[-43.51614,-20.39403],[-43.51634,-20.39418],[-43.51701,-20.395],[-43.51778,-20.39569],[-43.51785,-20.39584],[-43.51786,-20.39668],[-43.51797,-20.39725],[-43.51832,-20.39767],[-43.51958,-20.39999],[-43.52111,-20.40313],[-43.52128,-20.40322],[-43.52146,-20.40322],[-43.52153,-20.40345],[-43.5215,-20.40354],[-43.52229,-20.40409],[-43.5236,-20.4052],[-43.52431,-20.40572],[-43.52542,-20.40669],[-43.5258,-20.40692],[-43.52625,-20.40707],[-43.52643,-20.40718],[-43.5265,-20.40728],[-43.52656,-20.40745],[-43.52637,-20.40843],[-43.52627,-20.40877],[-43.52616,-20.40886],[-43.526,-20.40921],[-43.52601,-20.40966],[-43.52596,-20.40984],[-43.52601,-20.40966],[-43.526,-20.40921],[-43.52616,-20.40886],[-43.52627,-20.40877],[-43.52637,-20.40843],[-43.52656,-20.40745],[-43.5265,-20.40728],[-43.52643,-20.40718],[-43.52625,-20.40707],[-43.5258,-20.40692],[-43.52542,-20.40669],[-43.52431,-20.40572],[-43.5236,-20.4052],[-43.52229,-20.40409],[-43.5215,-20.40354],[-43.52127,-20.40359],[-43.52119,-20.40353],[-43.52122,-20.40331],[-43.52042,-20.40167],[-43.51958,-20.39999],[-43.51832,-20.39767],[-43.51807,-20.39738],[-43.51756,-20.39728]]},"properties":{"tipo":"rota","id":"OPR-R10","rota":"ROTA 10","municipio":"Ouro Preto","id_saida":"OPR-S1","origem":"PONTO DE PARTIDA OURO PRETO","ueop":"52º BPM","cia":"248ª Cia PM","unidade":"248cia","bpm":"52bpm","modalidade":"NAO_INFORMADA","paradas":["OPR-1635","OPR-1236"],"destinos":["ESCOLA MUNICIPAL RENÉ GIANNETTI","ESCOLA MUNICIPAL TOMÁS ANTÔNIO GONZAGA"],"qtd_paradas":2,"urnas":8,"distancia_km":6.67,"tempo_min":11.3,"trechos":[{"km":4.68,"min":7.8},{"km":1.99,"min":3.5}],"calculada":true,"distancia_via_m":25}},{"type":"Feature","geometry":{"type":"LineString","coordinates":[[-43.5056,-20.38455],[-43.506,-20.38455],[-43.50643,-20.38428],[-43.5068,-20.38433],[-43.50707,-20.38448],[-43.50741,-20.38524],[-43.50754,-20.38542],[-43.50774,-20.38551],[-43.50762,-20.38591],[-43.50758,-20.38641],[-43.50714,-20.38697],[-43.50701,-20.38737],[-43.5067,-20.38964],[-43.50661,-20.39072],[-43.50582,-20.39093],[-43.50531,-20.39101],[-43.50489,-20.391],[-43.50385,-20.39078],[-43.50308,-20.39083],[-43.50163,-20.3911],[-43.50135,-20.39225],[-43.50099,-20.39265],[-43.49904,-20.39435],[-43.4989,-20.3946],[-43.49887,-20.39525],[-43.49893,-20.39537],[-43.49953,-20.39591],[-43.49964,-20.39596],[-43.50032,-20.39588],[-43.50047,-20.3959],[-43.5012,-20.39621],[-43.50193,-20.39711],[-43.50286,-20.39794],[-43.50304,-20.39815],[-43.50336,-20.39866],[-43.50411,-20.40023],[-43.50422,-20.40039],[-43.50437,-20.4005],[-43.50473,-20.4006],[-43.50563,-20.4007],[-43.50599,-20.40081],[-43.50633,-20.4011],[-43.50677,-20.40158],[-43.50697,-20.40171],[-43.50776,-20.40181],[-43.5085,-20.40184],[-43.50897,-20.40202],[-43.50938,-20.40226],[-43.51036,-20.40246],[-43.51043,-20.4023],[-43.51055,-20.4023],[-43.51069,-20.40244],[-43.51096,-20.40256],[-43.512,-20.40333],[-43.51225,-20.40345],[-43.51238,-20.40345],[-43.51255,-20.40336],[-43.51316,-20.40294]]},"properties":{"tipo":"rota","id":"OPR-R11","rota":"ROTA 11","municipio":"Ouro Preto","id_saida":"OPR-S1","origem":"PONTO DE PARTIDA OURO PRETO","ueop":"52º BPM","cia":"248ª Cia PM","unidade":"248cia","bpm":"52bpm","modalidade":"NAO_INFORMADA","paradas":["OPR-1651","OPR-1163"],"destinos":["ESCOLA MUNICIPAL SIMAO LACERDA","ESCOLA ESTADUAL DE OURO PRETO"],"qtd_paradas":2,"urnas":13,"distancia_km":3.93,"tempo_min":7.2,"trechos":[{"km":3.49,"min":6.5},{"km":0.44,"min":0.7}],"calculada":true,"distancia_via_m":31}},{"type":"Feature","geometry":{"type":"LineString","coordinates":[[-43.5056,-20.38455],[-43.506,-20.38455],[-43.50643,-20.38428],[-43.5068,-20.38433],[-43.50707,-20.38448],[-43.50741,-20.38524],[-43.50754,-20.38542],[-43.50774,-20.38551],[-43.50762,-20.38591],[-43.50758,-20.38641],[-43.50714,-20.38697],[-43.50701,-20.38737],[-43.5067,-20.38964],[-43.50661,-20.39072],[-43.50582,-20.39093],[-43.50531,-20.39101],[-43.50489,-20.391],[-43.50385,-20.39078],[-43.50308,-20.39083],[-43.50163,-20.3911],[-43.50135,-20.39225],[-43.50099,-20.39265],[-43.49904,-20.39435],[-43.4989,-20.3946],[-43.49887,-20.39525],[-43.49893,-20.39537],[-43.49953,-20.39591],[-43.49975,-20.39596],[-43.50032,-20.39588],[-43.50047,-20.3959],[-43.50108,-20.39613],[-43.50238,-20.39692],[-43.50299,-20.39716],[-43.50361,-20.39777],[-43.50378,-20.3979],[-43.50408,-20.39803],[-43.5051,-20.39818],[-43.50616,-20.39805],[-43.50657,-20.39821],[-43.5067,-20.39805],[-43.50673,-20.39788],[-43.50689,-20.39775],[-43.50772,-20.39864],[-43.50989,-20.39868],[-43.50987,-20.39793],[-43.50982,-20.39785],[-43.50963,-20.39774],[-43.5079,-20.39772],[-43.50941,-20.39773],[-43.50963,-20.39774],[-43.50973,-20.39779],[-43.50987,-20.39793],[-43.50988,-20.39877],[-43.5077,-20.39873],[-43.50733,-20.39839],[-43.50699,-20.39816],[-43.50675,-20.39832],[-43.50616,-20.39805],[-43.5051,-20.39818],[-43.50408,-20.39803],[-43.50378,-20.3979],[-43.50361,-20.39777],[-43.50299,-20.39716],[-43.50238,-20.39692],[-43.50108,-20.39613],[-43.50032,-20.39588],[-43.50058,-20.39585],[-43.50097,-20.396],[-43.50115,-20.39593],[-43.5012,-20.3958],[-43.50108,-20.39553]]},"properties":{"tipo":"rota","id":"OPR-R12","rota":"ROTA 12","municipio":"Ouro Preto","id_saida":"OPR-S1","origem":"PONTO DE PARTIDA OURO PRETO","ueop":"52º BPM","cia":"248ª Cia PM","unidade":"248cia","bpm":"52bpm","modalidade":"NAO_INFORMADA","paradas":["OPR-1732","OPR-1716"],"destinos":["ESCOLA DE MINAS - CAMPUS","INSTITUTO FEDERAL DE MINAS GERAIS"],"qtd_paradas":2,"urnas":6,"distancia_km":5.2,"tempo_min":13.8,"trechos":[{"km":3.53,"min":8.2},{"km":1.68,"min":5.6}],"calculada":true,"distancia_via_m":31}},{"type":"Feature","geometry":{"type":"LineString","coordinates":[[-43.5056,-20.38455],[-43.506,-20.38455],[-43.50643,-20.38428],[-43.50737,-20.38434],[-43.50745,-20.38436],[-43.50756,-20.38448],[-43.50777,-20.3849],[-43.50796,-20.38482],[-43.50788,-20.3844],[-43.50793,-20.38399],[-43.50786,-20.38308],[-43.50758,-20.38271],[-43.50765,-20.382],[-43.50738,-20.38101],[-43.50723,-20.38079],[-43.50689,-20.38062],[-43.50759,-20.38027],[-43.50771,-20.38016],[-43.50937,-20.37934],[-43.5097,-20.37921],[-43.51116,-20.37881],[-43.5133,-20.378],[-43.51384,-20.37789],[-43.51446,-20.37796],[-43.51488,-20.37808],[-43.51599,-20.37875],[-43.51664,-20.37899],[-43.51721,-20.37909],[-43.51849,-20.37921],[-43.51947,-20.37925],[-43.52019,-20.37936],[-43.5205,-20.37946],[-43.52118,-20.37978],[-43.52184,-20.38029],[-43.523,-20.3813],[-43.52346,-20.38146],[-43.52373,-20.38145],[-43.52399,-20.38138],[-43.52429,-20.38121],[-43.52455,-20.3809],[-43.5249,-20.38037],[-43.52546,-20.37891],[-43.52559,-20.37872],[-43.52579,-20.37857],[-43.52628,-20.37837],[-43.52767,-20.37834],[-43.52836,-20.37816],[-43.52942,-20.37761],[-43.53211,-20.37608],[-43.53386,-20.37521],[-43.53423,-20.37518],[-43.5346,-20.37528],[-43.53476,-20.37538],[-43.53554,-20.37636],[-43.53576,-20.37653],[-43.53611,-20.37668],[-43.53673,-20.37673],[-43.53902,-20.37585],[-43.54074,-20.37505],[-43.54382,-20.37382],[-43.54444,-20.37371],[-43.54483,-20.37378],[-43.54522,-20.37397],[-43.54824,-20.37605],[-43.54878,-20.37624],[-43.54931,-20.3762],[-43.54961,-20.37608],[-43.55034,-20.37552],[-43.55102,-20.37514],[-43.5526,-20.37479],[-43.55422,-20.37429],[-43.555,-20.37394],[-43.55594,-20.37311],[-43.55928,-20.36965],[-43.56107,-20.36838],[-43.56176,-20.36797],[-43.56259,-20.36767],[-43.5632,-20.36755],[-43.56731,-20.36717],[-43.56783,-20.36714],[-43.56838,-20.36722],[-43.5688,-20.36738],[-43.56903,-20.36752],[-43.56946,-20.3679],[-43.57058,-20.36919],[-43.57082,-20.36939],[-43.57128,-20.36964],[-43.57177,-20.36977],[-43.57235,-20.36981],[-43.57418,-20.3698],[-43.57476,-20.36994],[-43.57514,-20.37013],[-43.5759,-20.37076],[-43.57931,-20.37438],[-43.57992,-20.37483],[-43.58076,-20.37525],[-43.58113,-20.37538],[-43.58197,-20.37556],[-43.58346,-20.37564],[-43.58417,-20.37578],[-43.58753,-20.37713],[-43.58803,-20.37728],[-43.58893,-20.37742],[-43.59007,-20.37746],[-43.59381,-20.37711],[-43.59431,-20.37711],[-43.59488,-20.37719],[-43.59587,-20.3775],[-43.59925,-20.37884],[-43.59996,-20.37903],[-43.60221,-20.37916],[-43.60385,-20.37915],[-43.60595,-20.37921],[-43.60665,-20.37919],[-43.6073,-20.37903],[-43.60756,-20.37878],[-43.60766,-20.37862],[-43.60802,-20.37753],[-43.60814,-20.37738],[-43.60902,-20.37672],[-43.60925,-20.37648],[-43.60945,-20.3762],[-43.60985,-20.37523],[-43.61004,-20.37496],[-43.61035,-20.37477],[-43.6108,-20.37466],[-43.61444,-20.37468],[-43.61557,-20.37476],[-43.61618,-20.37496],[-43.61766,-20.37588],[-43.61809,-20.37606],[-43.62092,-20.37671],[-43.62147,-20.37675],[-43.62196,-20.37665],[-43.62325,-20.37598],[-43.62389,-20.37574],[-43.62457,-20.37567],[-43.62594,-20.37574],[-43.62628,-20.37566],[-43.62714,-20.37514],[-43.62824,-20.37416],[-43.62838,-20.37434],[-43.62844,-20.37451],[-43.62843,-20.37501],[-43.62847,-20.37525],[-43.62832,-20.37538],[-43.62762,-20.37546],[-43.62752,-20.37551],[-43.62738,-20.37584],[-43.62739,-20.37598],[-43.62744,-20.37608],[-43.62922,-20.37758],[-43.62931,-20.37775],[-43.62987,-20.37948],[-43.63006,-20.3796],[-43.63049,-20.37973],[-43.63049,-20.37984],[-43.6302,-20.38028],[-43.63015,-20.38048],[-43.63023,-20.38072],[-43.6304,-20.38082],[-43.63045,-20.38092],[-43.63055,-20.38139],[-43.63058,-20.38216],[-43.63089,-20.38295],[-43.63106,-20.38315],[-43.6311,-20.38334],[-43.63102,-20.38358],[-43.63107,-20.38387],[-43.6306,-20.38459],[-43.63025,-20.3848],[-43.63006,-20.38525],[-43.62982,-20.38563],[-43.62992,-20.38605],[-43.62944,-20.38695],[-43.63,-20.38821],[-43.63047,-20.38903],[-43.63129,-20.39016],[-43.63183,-20.39154],[-43.63177,-20.39221],[-43.63192,-20.39312],[-43.63215,-20.39364],[-43.63255,-20.39398],[-43.63311,-20.39424],[-43.63506,-20.39582],[-43.63523,-20.39605],[-43.63528,-20.3965],[-43.63515,-20.39716],[-43.63515,-20.39739],[-43.63521,-20.39789],[-43.63519,-20.39881],[-43.63533,-20.39976],[-43.63515,-20.40052],[-43.63524,-20.40084],[-43.63545,-20.40125],[-43.6356,-20.40179],[-43.63561,-20.40226],[-43.63567,-20.40251],[-43.63585,-20.40267],[-43.63631,-20.40285],[-43.63659,-20.40327],[-43.63684,-20.40348],[-43.6372,-20.4035],[-43.63783,-20.40335],[-43.63846,-20.40351],[-43.6389,-20.40338],[-43.63976,-20.4034],[-43.64042,-20.40348],[-43.6407,-20.40356],[-43.64155,-20.40391],[-43.64234,-20.40442],[-43.64314,-20.40464],[-43.64363,-20.4049],[-43.64398,-20.40514],[-43.64418,-20.40544],[-43.64421,-20.40569],[-43.64415,-20.40582],[-43.6438,-20.40591],[-43.64343,-20.40616],[-43.64283,-20.407],[-43.64226,-20.40763],[-43.64176,-20.40796],[-43.6409,-20.40822],[-43.64056,-20.40851],[-43.64049,-20.40881],[-43.64105,-20.4094],[-43.64095,-20.4095],[-43.64045,-20.40964],[-43.6403,-20.40983],[-43.63998,-20.41055],[-43.63974,-20.41179],[-43.63999,-20.41245],[-43.63985,-20.41297],[-43.63989,-20.41321],[-43.63979,-20.41337],[-43.63947,-20.41365],[-43.63946,-20.41382],[-43.63959,-20.41392],[-43.63998,-20.41403],[-43.64004,-20.41416],[-43.64051,-20.41442],[-43.64101,-20.41461],[-43.64145,-20.41454],[-43.64197,-20.41438],[-43.64236,-20.41434],[-43.64263,-20.41443],[-43.64288,-20.41468],[-43.6435,-20.41559],[-43.64394,-20.41594],[-43.64448,-20.41614],[-43.64492,-20.41624],[-43.64651,-20.41628],[-43.64678,-20.41638],[-43.64719,-20.41677],[-43.64743,-20.41707],[-43.6479,-20.41724],[-43.64843,-20.41712],[-43.64884,-20.41692],[-43.64922,-20.41692],[-43.64957,-20.41708],[-43.64982,-20.41729],[-43.64993,-20.41754],[-43.65003,-20.41865],[-43.65025,-20.419],[-43.65061,-20.41918],[-43.65212,-20.41921],[-43.65254,-20.4194],[-43.65293,-20.41985],[-43.65313,-20.42023],[-43.65359,-20.4214],[-43.65387,-20.4216],[-43.65406,-20.42183],[-43.65496,-20.42171],[-43.65633,-20.42093],[-43.6566,-20.42083],[-43.65692,-20.42077],[-43.65772,-20.42079],[-43.65836,-20.42098],[-43.65831,-20.4208],[-43.65809,-20.42066],[-43.65798,-20.42049],[-43.65822,-20.42042],[-43.6586,-20.42041],[-43.65908,-20.42051],[-43.65935,-20.42061],[-43.65979,-20.42089],[-43.66014,-20.42088],[-43.66103,-20.42133],[-43.6614,-20.42227],[-43.66159,-20.42293],[-43.66185,-20.42308],[-43.66203,-20.42307],[-43.66254,-20.42284],[-43.66304,-20.42293],[-43.66359,-20.4231],[-43.66442,-20.42307],[-43.66502,-20.42312],[-43.66535,-20.42322],[-43.66592,-20.4236],[-43.66657,-20.42371],[-43.66755,-20.42408],[-43.66781,-20.42403],[-43.66813,-20.42384],[-43.66828,-20.42385],[-43.66888,-20.42444],[-43.66953,-20.4246],[-43.66967,-20.42468],[-43.66969,-20.42479],[-43.66957,-20.42497],[-43.66949,-20.42528],[-43.66933,-20.42549],[-43.66937,-20.4256],[-43.67023,-20.42603],[-43.67081,-20.426],[-43.67116,-20.4261],[-43.67132,-20.4262],[-43.67162,-20.42654],[-43.67171,-20.4268],[-43.67169,-20.42692],[-43.67268,-20.42754],[-43.67324,-20.42776],[-43.67365,-20.42782],[-43.6752,-20.42769],[-43.6758,-20.42775],[-43.6768,-20.42819],[-43.67831,-20.42822],[-43.68068,-20.42907],[-43.681,-20.42929],[-43.68139,-20.42978],[-43.68179,-20.43007],[-43.68275,-20.43038],[-43.68544,-20.43056],[-43.68668,-20.43086],[-43.68852,-20.43094],[-43.68888,-20.43105],[-43.6892,-20.4313],[-43.68935,-20.43156],[-43.68935,-20.43196],[-43.68924,-20.43245],[-43.6893,-20.43272],[-43.68963,-20.43333],[-43.68977,-20.43372],[-43.68956,-20.43437],[-43.68963,-20.43467],[-43.68989,-20.43528],[-43.6903,-20.43581],[-43.69046,-20.43609],[-43.69082,-20.43639],[-43.69199,-20.43708],[-43.69363,-20.43726],[-43.69471,-20.43752],[-43.69533,-20.43756],[-43.69567,-20.43769],[-43.69629,-20.4386],[-43.69664,-20.4388],[-43.69703,-20.43882],[-43.69736,-20.43873],[-43.69785,-20.43851],[-43.69824,-20.43844],[-43.69899,-20.43851],[-43.69985,-20.43874],[-43.70106,-20.4395],[-43.70118,-20.43985],[-43.70112,-20.44022],[-43.7009,-20.4405],[-43.70036,-20.44087],[-43.70011,-20.44117],[-43.69983,-20.44167],[-43.69956,-20.44295],[-43.69968,-20.44327],[-43.69989,-20.44348],[-43.70029,-20.44373],[-43.70083,-20.4437],[-43.70214,-20.44319],[-43.70277,-20.44312],[-43.70372,-20.44321],[-43.70447,-20.44359],[-43.70499,-20.44351],[-43.70546,-20.44322],[-43.70593,-20.44276],[-43.7063,-20.44251],[-43.7067,-20.44241],[-43.70712,-20.44249],[-43.708,-20.44282],[-43.70851,-20.44288],[-43.70961,-20.44258],[-43.7101,-20.44251],[-43.7116,-20.44269],[-43.71239,-20.44271],[-43.71297,-20.44256],[-43.71516,-20.44166],[-43.71583,-20.44145],[-43.71595,-20.44108],[-43.71608,-20.44098],[-43.71659,-20.4407],[-43.71743,-20.44049],[-43.71856,-20.4397],[-43.7188,-20.43946],[-43.71889,-20.43922],[-43.7192,-20.43717],[-43.71937,-20.43661],[-43.71954,-20.43645],[-43.72157,-20.43599],[-43.72293,-20.43506],[-43.72316,-20.43483],[-43.7233,-20.43465],[-43.72352,-20.43401],[-43.72425,-20.43364],[-43.72583,-20.43331],[-43.72597,-20.43322],[-43.72625,-20.43287],[-43.72724,-20.4324],[-43.72808,-20.43232],[-43.72893,-20.43231],[-43.72919,-20.43224],[-43.72964,-20.43201],[-43.72985,-20.43157],[-43.72997,-20.43144],[-43.7303,-20.43127],[-43.73051,-20.43124],[-43.73071,-20.4313],[-43.7312,-20.43185],[-43.73183,-20.43195],[-43.73207,-20.43193],[-43.73273,-20.43174],[-43.73328,-20.43177],[-43.73375,-20.43189],[-43.73395,-20.43199],[-43.73414,-20.43209],[-43.73436,-20.43232],[-43.73472,-20.43239],[-43.73491,-20.4323],[-43.73502,-20.43213],[-43.73505,-20.43199],[-43.735,-20.43147],[-43.73504,-20.43131],[-43.73526,-20.43109],[-43.73549,-20.43102],[-43.73589,-20.43101],[-43.73654,-20.43138],[-43.73682,-20.43145],[-43.73716,-20.4314],[-43.73758,-20.43124],[-43.73787,-20.43125],[-43.73882,-20.43174],[-43.7391,-20.43183],[-43.73994,-20.43235],[-43.74013,-20.43238],[-43.74069,-20.43234],[-43.74099,-20.43223],[-43.74131,-20.4322],[-43.7435,-20.43221],[-43.74443,-20.43209],[-43.74504,-20.43213],[-43.7455,-20.43195],[-43.74635,-20.43192],[-43.74735,-20.43171],[-43.74762,-20.4317],[-43.74787,-20.43175],[-43.74812,-20.43187],[-43.74841,-20.43216],[-43.74849,-20.43297],[-43.74858,-20.43332],[-43.74884,-20.43367],[-43.74942,-20.4341],[-43.74971,-20.43414],[-43.75088,-20.43385],[-43.75128,-20.43365],[-43.75154,-20.43337],[-43.75207,-20.4325],[-43.75225,-20.43228],[-43.75307,-20.43152],[-43.75323,-20.43145],[-43.75356,-20.43152],[-43.75413,-20.432],[-43.75454,-20.43222],[-43.75515,-20.43221],[-43.75698,-20.43236],[-43.75736,-20.43232],[-43.75747,-20.43224],[-43.75785,-20.4316],[-43.75816,-20.43128],[-43.75923,-20.43065],[-43.76011,-20.43025],[-43.76045,-20.43013],[-43.76107,-20.43005],[-43.7615,-20.42986],[-43.76236,-20.42936],[-43.76295,-20.42869],[-43.7632,-20.42849],[-43.76346,-20.42839],[-43.76405,-20.42835],[-43.76507,-20.42872],[-43.76534,-20.42877],[-43.76585,-20.42873],[-43.76642,-20.42843],[-43.7669,-20.42785],[-43.76707,-20.42772],[-43.76717,-20.42771],[-43.76753,-20.42785],[-43.76817,-20.4283],[-43.76919,-20.42846],[-43.76931,-20.42855],[-43.76964,-20.4291],[-43.77078,-20.42962],[-43.77119,-20.42971],[-43.7715,-20.42971],[-43.77198,-20.42965],[-43.77308,-20.42937],[-43.77336,-20.42942],[-43.77393,-20.42979],[-43.77408,-20.43004],[-43.77424,-20.43075],[-43.77412,-20.43088],[-43.77342,-20.43126],[-43.77316,-20.43154],[-43.77309,-20.43173],[-43.77316,-20.432],[-43.77384,-20.43251],[-43.77332,-20.43272],[-43.77313,-20.43268],[-43.77287,-20.43242],[-43.7727,-20.43206],[-43.77258,-20.43194],[-43.77228,-20.43177],[-43.77203,-20.43173],[-43.77165,-20.43179],[-43.77143,-20.43188],[-43.77135,-20.43196],[-43.77126,-20.43261],[-43.77115,-20.43274],[-43.77094,-20.43282],[-43.77038,-20.43284],[-43.7694,-20.4326],[-43.76897,-20.43277],[-43.76879,-20.43299],[-43.76878,-20.43309],[-43.7689,-20.43322],[-43.77009,-20.43376],[-43.77038,-20.43396],[-43.77114,-20.4332],[-43.77151,-20.43269],[-43.77162,-20.43259],[-43.77176,-20.43259],[-43.772,-20.43284],[-43.77235,-20.43343],[-43.77266,-20.43419],[-43.7728,-20.43466]]},"properties":{"tipo":"rota","id":"OPR-R13","rota":"ROTA 13","municipio":"Ouro Preto","id_saida":"OPR-S1","origem":"PONTO DE PARTIDA OURO PRETO","ueop":"52º BPM","cia":"248ª Cia PM","unidade":"248cia","bpm":"52bpm","modalidade":"NAO_INFORMADA","paradas":["OPR-1279"],"destinos":["ESCOLA MUNICIPAL MONSENHOR RAFAEL"],"qtd_paradas":1,"urnas":1,"distancia_km":41.05,"tempo_min":61.5,"trechos":[{"km":41.05,"min":61.5}],"calculada":true,"distancia_via_m":36}},{"type":"Feature","geometry":{"type":"LineString","coordinates":[[-43.5056,-20.38455],[-43.506,-20.38455],[-43.50643,-20.38428],[-43.50737,-20.38434],[-43.50745,-20.38436],[-43.50756,-20.38448],[-43.50777,-20.3849],[-43.50796,-20.38482],[-43.50788,-20.3844],[-43.50793,-20.38399],[-43.50786,-20.38308],[-43.50758,-20.38271],[-43.50765,-20.382],[-43.50738,-20.38101],[-43.50723,-20.38079],[-43.50689,-20.38062],[-43.50759,-20.38027],[-43.50771,-20.38016],[-43.50937,-20.37934],[-43.5097,-20.37921],[-43.51116,-20.37881],[-43.5133,-20.378],[-43.51384,-20.37789],[-43.51446,-20.37796],[-43.51488,-20.37808],[-43.51599,-20.37875],[-43.51664,-20.37899],[-43.51721,-20.37909],[-43.51849,-20.37921],[-43.51947,-20.37925],[-43.52019,-20.37936],[-43.5205,-20.37946],[-43.52118,-20.37978],[-43.52184,-20.38029],[-43.523,-20.3813],[-43.52346,-20.38146],[-43.52373,-20.38145],[-43.52399,-20.38138],[-43.52429,-20.38121],[-43.52455,-20.3809],[-43.5249,-20.38037],[-43.52546,-20.37891],[-43.52559,-20.37872],[-43.52579,-20.37857],[-43.52628,-20.37837],[-43.52767,-20.37834],[-43.52836,-20.37816],[-43.52942,-20.37761],[-43.53211,-20.37608],[-43.53386,-20.37521],[-43.53423,-20.37518],[-43.5346,-20.37528],[-43.53476,-20.37538],[-43.53554,-20.37636],[-43.53576,-20.37653],[-43.53611,-20.37668],[-43.53673,-20.37673],[-43.53902,-20.37585],[-43.54074,-20.37505],[-43.54382,-20.37382],[-43.54444,-20.37371],[-43.54483,-20.37378],[-43.54522,-20.37397],[-43.54824,-20.37605],[-43.54878,-20.37624],[-43.54931,-20.3762],[-43.54961,-20.37608],[-43.55034,-20.37552],[-43.55102,-20.37514],[-43.5526,-20.37479],[-43.55422,-20.37429],[-43.555,-20.37394],[-43.55594,-20.37311],[-43.55928,-20.36965],[-43.56107,-20.36838],[-43.56176,-20.36797],[-43.56259,-20.36767],[-43.5632,-20.36755],[-43.56731,-20.36717],[-43.56783,-20.36714],[-43.56838,-20.36722],[-43.5688,-20.36738],[-43.56903,-20.36752],[-43.56946,-20.3679],[-43.57058,-20.36919],[-43.57082,-20.36939],[-43.57128,-20.36964],[-43.57177,-20.36977],[-43.57235,-20.36981],[-43.57418,-20.3698],[-43.57476,-20.36994],[-43.57514,-20.37013],[-43.5759,-20.37076],[-43.57931,-20.37438],[-43.57992,-20.37483],[-43.58076,-20.37525],[-43.58113,-20.37538],[-43.58197,-20.37556],[-43.58346,-20.37564],[-43.58417,-20.37578],[-43.58753,-20.37713],[-43.58803,-20.37728],[-43.58893,-20.37742],[-43.59007,-20.37746],[-43.59381,-20.37711],[-43.59431,-20.37711],[-43.59488,-20.37719],[-43.59587,-20.3775],[-43.59925,-20.37884],[-43.59996,-20.37903],[-43.60221,-20.37916],[-43.60385,-20.37915],[-43.60595,-20.37921],[-43.60665,-20.37919],[-43.6073,-20.37903],[-43.60756,-20.37878],[-43.60766,-20.37862],[-43.60802,-20.37753],[-43.60814,-20.37738],[-43.60902,-20.37672],[-43.60925,-20.37648],[-43.60945,-20.3762],[-43.60985,-20.37523],[-43.61004,-20.37496],[-43.61035,-20.37477],[-43.6108,-20.37466],[-43.61444,-20.37468],[-43.61557,-20.37476],[-43.61618,-20.37496],[-43.61766,-20.37588],[-43.61809,-20.37606],[-43.62092,-20.37671],[-43.62147,-20.37675],[-43.62196,-20.37665],[-43.62325,-20.37598],[-43.62389,-20.37574],[-43.62457,-20.37567],[-43.62594,-20.37574],[-43.62628,-20.37566],[-43.62714,-20.37514],[-43.62824,-20.37416],[-43.62838,-20.37434],[-43.62844,-20.37451],[-43.62843,-20.37501],[-43.62847,-20.37525],[-43.62832,-20.37538],[-43.62762,-20.37546],[-43.62752,-20.37551],[-43.62738,-20.37584],[-43.62739,-20.37598],[-43.62744,-20.37608],[-43.62922,-20.37758],[-43.62931,-20.37775],[-43.62987,-20.37948],[-43.63006,-20.3796],[-43.63049,-20.37973],[-43.63049,-20.37984],[-43.6302,-20.38028],[-43.63015,-20.38048],[-43.63023,-20.38072],[-43.6304,-20.38082],[-43.63045,-20.38092],[-43.63055,-20.38139],[-43.63058,-20.38216],[-43.63089,-20.38295],[-43.63106,-20.38315],[-43.6311,-20.38334],[-43.63102,-20.38358],[-43.63107,-20.38387],[-43.6306,-20.38459],[-43.63025,-20.3848],[-43.63006,-20.38525],[-43.62982,-20.38563],[-43.62992,-20.38605],[-43.62944,-20.38695],[-43.63,-20.38821],[-43.63047,-20.38903],[-43.63129,-20.39016],[-43.63183,-20.39154],[-43.63177,-20.39221],[-43.63192,-20.39312],[-43.63215,-20.39364],[-43.63255,-20.39398],[-43.63311,-20.39424],[-43.63506,-20.39582],[-43.63523,-20.39605],[-43.63528,-20.3965],[-43.63515,-20.39716],[-43.63515,-20.39739],[-43.63521,-20.39789],[-43.63519,-20.39881],[-43.63533,-20.39976],[-43.63515,-20.40052],[-43.63524,-20.40084],[-43.63545,-20.40125],[-43.6356,-20.40179],[-43.63561,-20.40226],[-43.63567,-20.40251],[-43.63585,-20.40267],[-43.63631,-20.40285],[-43.63659,-20.40327],[-43.63684,-20.40348],[-43.6372,-20.4035],[-43.63783,-20.40335],[-43.63846,-20.40351],[-43.6389,-20.40338],[-43.63976,-20.4034],[-43.64042,-20.40348],[-43.6407,-20.40356],[-43.64155,-20.40391],[-43.64234,-20.40442],[-43.64314,-20.40464],[-43.64363,-20.4049],[-43.64398,-20.40514],[-43.64418,-20.40544],[-43.64421,-20.40569],[-43.64415,-20.40582],[-43.6438,-20.40591],[-43.64343,-20.40616],[-43.64283,-20.407],[-43.64226,-20.40763],[-43.64176,-20.40796],[-43.6409,-20.40822],[-43.64056,-20.40851],[-43.64049,-20.40881],[-43.64105,-20.4094],[-43.64095,-20.4095],[-43.64045,-20.40964],[-43.6403,-20.40983],[-43.63998,-20.41055],[-43.63974,-20.41179],[-43.63999,-20.41245],[-43.63985,-20.41297],[-43.63989,-20.41321],[-43.63979,-20.41337],[-43.63947,-20.41365],[-43.63946,-20.41382],[-43.63959,-20.41392],[-43.63998,-20.41403],[-43.64004,-20.41416],[-43.64051,-20.41442],[-43.64101,-20.41461],[-43.64145,-20.41454],[-43.64197,-20.41438],[-43.64236,-20.41434],[-43.64263,-20.41443],[-43.64288,-20.41468],[-43.6435,-20.41559],[-43.64394,-20.41594],[-43.64448,-20.41614],[-43.64492,-20.41624],[-43.64651,-20.41628],[-43.64678,-20.41638],[-43.64719,-20.41677],[-43.64743,-20.41707],[-43.6479,-20.41724],[-43.64843,-20.41712],[-43.64884,-20.41692],[-43.64922,-20.41692],[-43.64957,-20.41708],[-43.64982,-20.41729],[-43.64993,-20.41754],[-43.65003,-20.41865],[-43.65025,-20.419],[-43.65061,-20.41918],[-43.65212,-20.41921],[-43.65254,-20.4194],[-43.65293,-20.41985],[-43.65313,-20.42023],[-43.65359,-20.4214],[-43.65387,-20.4216],[-43.65406,-20.42183],[-43.65496,-20.42171],[-43.65633,-20.42093],[-43.6566,-20.42083],[-43.65692,-20.42077],[-43.65772,-20.42079],[-43.65836,-20.42098],[-43.65831,-20.4208],[-43.65809,-20.42066],[-43.65798,-20.42049],[-43.65822,-20.42042],[-43.6586,-20.42041],[-43.65908,-20.42051],[-43.65935,-20.42061],[-43.65979,-20.42089],[-43.66014,-20.42088],[-43.66103,-20.42133],[-43.6614,-20.42227],[-43.66159,-20.42293],[-43.66185,-20.42308],[-43.66203,-20.42307],[-43.66254,-20.42284],[-43.66304,-20.42293],[-43.66359,-20.4231],[-43.66442,-20.42307],[-43.66502,-20.42312],[-43.66535,-20.42322],[-43.66592,-20.4236],[-43.66657,-20.42371],[-43.66755,-20.42408],[-43.66781,-20.42403],[-43.66813,-20.42384],[-43.66828,-20.42385],[-43.66888,-20.42444],[-43.66953,-20.4246],[-43.66967,-20.42468],[-43.66969,-20.42479],[-43.66957,-20.42497],[-43.66949,-20.42528],[-43.66933,-20.42549],[-43.66937,-20.4256],[-43.67023,-20.42603],[-43.67081,-20.426],[-43.67116,-20.4261],[-43.67132,-20.4262],[-43.67162,-20.42654],[-43.67171,-20.4268],[-43.67169,-20.42692],[-43.67268,-20.42754],[-43.67324,-20.42776],[-43.67365,-20.42782],[-43.6752,-20.42769],[-43.6758,-20.42775],[-43.6768,-20.42819],[-43.67831,-20.42822],[-43.68068,-20.42907],[-43.681,-20.42929],[-43.68139,-20.42978],[-43.68179,-20.43007],[-43.68275,-20.43038],[-43.68544,-20.43056],[-43.68668,-20.43086],[-43.68852,-20.43094],[-43.68888,-20.43105],[-43.6892,-20.4313],[-43.68935,-20.43156],[-43.68935,-20.43196],[-43.68924,-20.43245],[-43.6893,-20.43272],[-43.68963,-20.43333],[-43.68977,-20.43372],[-43.68956,-20.43437],[-43.68963,-20.43467],[-43.68989,-20.43528],[-43.6903,-20.43581],[-43.69046,-20.43609],[-43.69082,-20.43639],[-43.69199,-20.43708],[-43.69363,-20.43726],[-43.69471,-20.43752],[-43.69533,-20.43756],[-43.69567,-20.43769],[-43.69629,-20.4386],[-43.69664,-20.4388],[-43.69703,-20.43882],[-43.69736,-20.43873],[-43.69785,-20.43851],[-43.69824,-20.43844],[-43.69899,-20.43851],[-43.69985,-20.43874],[-43.70106,-20.4395],[-43.70118,-20.43985],[-43.70112,-20.44022],[-43.7009,-20.4405],[-43.70036,-20.44087],[-43.70011,-20.44117],[-43.69983,-20.44167],[-43.69956,-20.44295],[-43.69968,-20.44327],[-43.69989,-20.44348],[-43.70029,-20.44373],[-43.70083,-20.4437],[-43.70214,-20.44319],[-43.70277,-20.44312],[-43.70372,-20.44321],[-43.70447,-20.44359],[-43.70499,-20.44351],[-43.70546,-20.44322],[-43.70593,-20.44276],[-43.7063,-20.44251],[-43.7067,-20.44241],[-43.70712,-20.44249],[-43.708,-20.44282],[-43.70851,-20.44288],[-43.70961,-20.44258],[-43.7101,-20.44251],[-43.7116,-20.44269],[-43.71239,-20.44271],[-43.71297,-20.44256],[-43.71516,-20.44166],[-43.71583,-20.44145],[-43.71595,-20.44108],[-43.71608,-20.44098],[-43.71659,-20.4407],[-43.71743,-20.44049],[-43.71856,-20.4397],[-43.7188,-20.43946],[-43.71889,-20.43922],[-43.7192,-20.43717],[-43.71937,-20.43661],[-43.71954,-20.43645],[-43.72157,-20.43599],[-43.72293,-20.43506],[-43.72316,-20.43483],[-43.7233,-20.43465],[-43.72352,-20.43401],[-43.72425,-20.43364],[-43.72583,-20.43331],[-43.72597,-20.43322],[-43.72625,-20.43287],[-43.72724,-20.4324],[-43.72808,-20.43232],[-43.72893,-20.43231],[-43.72919,-20.43224],[-43.72964,-20.43201],[-43.72985,-20.43157],[-43.72997,-20.43144],[-43.7303,-20.43127],[-43.73051,-20.43124],[-43.73071,-20.4313],[-43.7312,-20.43185],[-43.73183,-20.43195],[-43.73207,-20.43193],[-43.73273,-20.43174],[-43.73328,-20.43177],[-43.73375,-20.43189],[-43.73395,-20.43199],[-43.73414,-20.43209],[-43.73436,-20.43232],[-43.73472,-20.43239],[-43.73491,-20.4323],[-43.73502,-20.43213],[-43.73505,-20.43199],[-43.735,-20.43147],[-43.73504,-20.43131],[-43.73526,-20.43109],[-43.73549,-20.43102],[-43.73589,-20.43101],[-43.73654,-20.43138],[-43.73682,-20.43145],[-43.73716,-20.4314],[-43.73758,-20.43124],[-43.73787,-20.43125],[-43.73882,-20.43174],[-43.7391,-20.43183],[-43.73994,-20.43235],[-43.74013,-20.43238],[-43.74069,-20.43234],[-43.74099,-20.43223],[-43.74131,-20.4322],[-43.7435,-20.43221],[-43.74443,-20.43209],[-43.74504,-20.43213],[-43.7455,-20.43195],[-43.74635,-20.43192],[-43.74735,-20.43171],[-43.74762,-20.4317],[-43.74787,-20.43175],[-43.74812,-20.43187],[-43.74841,-20.43216],[-43.74849,-20.43297],[-43.74858,-20.43332],[-43.74884,-20.43367],[-43.74942,-20.4341],[-43.74971,-20.43414],[-43.75088,-20.43385],[-43.75128,-20.43365],[-43.75154,-20.43337],[-43.75207,-20.4325],[-43.75225,-20.43228],[-43.75307,-20.43152],[-43.75323,-20.43145],[-43.75356,-20.43152],[-43.75413,-20.432],[-43.75454,-20.43222],[-43.75515,-20.43221],[-43.75698,-20.43236],[-43.75736,-20.43232],[-43.75747,-20.43224],[-43.75785,-20.4316],[-43.75816,-20.43128],[-43.75923,-20.43065],[-43.76011,-20.43025],[-43.76045,-20.43013],[-43.76107,-20.43005],[-43.7615,-20.42986],[-43.76236,-20.42936],[-43.76295,-20.42869],[-43.7632,-20.42849],[-43.76346,-20.42839],[-43.76405,-20.42835],[-43.76507,-20.42872],[-43.76534,-20.42877],[-43.76585,-20.42873],[-43.76642,-20.42843],[-43.7669,-20.42785],[-43.76707,-20.42772],[-43.76717,-20.42771],[-43.76753,-20.42785],[-43.76817,-20.4283],[-43.76919,-20.42846],[-43.76931,-20.42855],[-43.76964,-20.4291],[-43.77078,-20.42962],[-43.77119,-20.42971],[-43.7715,-20.42971],[-43.77198,-20.42965],[-43.77308,-20.42937],[-43.77336,-20.42942],[-43.77361,-20.42955],[-43.77393,-20.42979],[-43.77402,-20.42991],[-43.77424,-20.43075],[-43.77412,-20.43088],[-43.77342,-20.43126],[-43.77316,-20.43154],[-43.77309,-20.43173],[-43.77316,-20.432],[-43.77384,-20.43251],[-43.7741,-20.43235],[-43.77425,-20.43234],[-43.77566,-20.43247],[-43.77621,-20.43243],[-43.77658,-20.43258],[-43.77714,-20.43307],[-43.77776,-20.43346],[-43.77909,-20.43376],[-43.77955,-20.43396],[-43.77968,-20.43407],[-43.78025,-20.43492],[-43.78131,-20.43614],[-43.78179,-20.43694],[-43.78262,-20.43811],[-43.783,-20.43896],[-43.78321,-20.43927],[-43.78339,-20.43944],[-43.78436,-20.44007],[-43.78514,-20.44022],[-43.7858,-20.44073],[-43.78734,-20.44119],[-43.78799,-20.44155],[-43.78829,-20.4418],[-43.78838,-20.44201],[-43.78837,-20.44233],[-43.78801,-20.44348],[-43.78794,-20.44395],[-43.788,-20.44416],[-43.78839,-20.44484],[-43.78983,-20.44642],[-43.79008,-20.44665],[-43.79027,-20.44671],[-43.79069,-20.44672],[-43.79105,-20.44667],[-43.79125,-20.44669],[-43.79156,-20.4468],[-43.79189,-20.4471],[-43.79222,-20.44779],[-43.79237,-20.44793],[-43.79262,-20.44808],[-43.79316,-20.44821],[-43.7948,-20.44833],[-43.79514,-20.44827],[-43.79562,-20.44813],[-43.79591,-20.44799],[-43.79663,-20.44738],[-43.79704,-20.4471],[-43.79733,-20.44702],[-43.79784,-20.44705],[-43.79865,-20.44721],[-43.8003,-20.44828],[-43.80109,-20.44848],[-43.80167,-20.44872],[-43.80183,-20.44876],[-43.80203,-20.44873],[-43.80218,-20.44852],[-43.80232,-20.44813],[-43.80235,-20.44796],[-43.80229,-20.44771],[-43.80208,-20.44762],[-43.80144,-20.44758],[-43.80106,-20.44746],[-43.80089,-20.44728],[-43.80082,-20.44711],[-43.80075,-20.44687],[-43.80076,-20.44673],[-43.80101,-20.44618],[-43.80116,-20.446],[-43.80191,-20.44569],[-43.80235,-20.44544],[-43.80301,-20.44524],[-43.80324,-20.44505],[-43.80328,-20.44495],[-43.80325,-20.44436],[-43.80328,-20.44424],[-43.80361,-20.44381],[-43.80396,-20.4436],[-43.80416,-20.44355],[-43.80479,-20.44372],[-43.80557,-20.44374],[-43.80598,-20.44364],[-43.80639,-20.44344],[-43.80724,-20.44321],[-43.80777,-20.44278],[-43.80826,-20.44216],[-43.80849,-20.44194],[-43.80914,-20.4416],[-43.81122,-20.44069],[-43.81221,-20.44006],[-43.81293,-20.43943],[-43.81316,-20.43917],[-43.8134,-20.43903],[-43.81368,-20.43896],[-43.81397,-20.43897],[-43.81471,-20.43911],[-43.81508,-20.43906],[-43.81528,-20.43889],[-43.81552,-20.43829],[-43.8157,-20.43799],[-43.81586,-20.43744],[-43.8162,-20.43688],[-43.81662,-20.43598],[-43.81679,-20.43584],[-43.81718,-20.43569],[-43.81766,-20.43564],[-43.81887,-20.43581],[-43.81905,-20.43579],[-43.81975,-20.43545],[-43.81999,-20.43545],[-43.8202,-20.43554],[-43.82051,-20.43582],[-43.82125,-20.43659],[-43.82174,-20.43677],[-43.82205,-20.4368],[-43.82248,-20.43677],[-43.8229,-20.43687],[-43.82316,-20.43702],[-43.82356,-20.4374],[-43.82366,-20.43744]]},"properties":{"tipo":"rota","id":"OPR-R14","rota":"ROTA 14","municipio":"Ouro Preto","id_saida":"OPR-S1","origem":"PONTO DE PARTIDA OURO PRETO","ueop":"52º BPM","cia":"248ª Cia PM","unidade":"248cia","bpm":"52bpm","modalidade":"NAO_INFORMADA","paradas":["OPR-1520"],"destinos":["ESCOLA MUNICIPAL PROFESSORA CELINA DE MELO CRUZ"],"qtd_paradas":1,"urnas":1,"distancia_km":47.14,"tempo_min":72.8,"trechos":[{"km":47.14,"min":72.8}],"calculada":true,"distancia_via_m":170}},{"type":"Feature","geometry":{"type":"LineString","coordinates":[[-43.5056,-20.38455],[-43.506,-20.38455],[-43.50563,-20.38524],[-43.50494,-20.3853],[-43.5037,-20.3855],[-43.50349,-20.38561],[-43.50347,-20.38534],[-43.50353,-20.38487],[-43.50331,-20.3847],[-43.50323,-20.38455],[-43.50322,-20.38425],[-43.50333,-20.38338],[-43.50306,-20.38301],[-43.5025,-20.383],[-43.50204,-20.3828],[-43.50187,-20.38278],[-43.50051,-20.38349],[-43.49869,-20.38398],[-43.49809,-20.38403],[-43.49774,-20.38419],[-43.4976,-20.38441],[-43.49744,-20.38484],[-43.49701,-20.38496],[-43.49659,-20.38486],[-43.49615,-20.38447],[-43.49569,-20.38462],[-43.4951,-20.38462],[-43.49465,-20.38468],[-43.49432,-20.38462],[-43.49383,-20.3844],[-43.49336,-20.38429],[-43.49307,-20.384],[-43.49273,-20.3839],[-43.49251,-20.38376],[-43.49246,-20.38341],[-43.49237,-20.38326],[-43.49185,-20.38305],[-43.49154,-20.38278],[-43.49136,-20.38269],[-43.49108,-20.38266],[-43.49052,-20.38277],[-43.48994,-20.38258],[-43.48986,-20.38261],[-43.48966,-20.38283],[-43.48907,-20.38294],[-43.4885,-20.38318],[-43.48804,-20.38297],[-43.48712,-20.3828],[-43.4864,-20.38257],[-43.48589,-20.38234],[-43.48497,-20.38175],[-43.48476,-20.38151],[-43.48437,-20.38056],[-43.48405,-20.38022],[-43.48408,-20.37997],[-43.4842,-20.37983],[-43.48445,-20.37967],[-43.48457,-20.37949],[-43.48453,-20.37933],[-43.48419,-20.37878],[-43.48354,-20.3784],[-43.48296,-20.37818],[-43.48231,-20.37809],[-43.48207,-20.37795],[-43.48162,-20.37752],[-43.4812,-20.37725],[-43.48093,-20.3769],[-43.48063,-20.37664],[-43.4801,-20.37606],[-43.48001,-20.37577],[-43.47891,-20.37499],[-43.47852,-20.37485],[-43.47792,-20.37483],[-43.47762,-20.37472],[-43.47702,-20.37421],[-43.47695,-20.37422],[-43.47593,-20.37386],[-43.47569,-20.37371],[-43.47485,-20.37283],[-43.47455,-20.37259],[-43.47432,-20.37248],[-43.4741,-20.37246],[-43.47401,-20.37251],[-43.47393,-20.37246],[-43.47395,-20.37237],[-43.47401,-20.37235],[-43.47398,-20.37172],[-43.47285,-20.36808],[-43.47293,-20.36773],[-43.47311,-20.36727],[-43.47283,-20.36652],[-43.47257,-20.36624],[-43.47249,-20.36573],[-43.4722,-20.36529],[-43.47213,-20.36416],[-43.47201,-20.36352],[-43.47204,-20.36334],[-43.4723,-20.36284],[-43.47227,-20.36226],[-43.47236,-20.36195],[-43.47266,-20.36128],[-43.47268,-20.36072],[-43.47295,-20.3605],[-43.47321,-20.36039],[-43.47295,-20.36019],[-43.47239,-20.36018],[-43.4722,-20.35878],[-43.47187,-20.35858],[-43.47186,-20.35826],[-43.47331,-20.35696],[-43.47332,-20.35654],[-43.47279,-20.35648],[-43.47204,-20.35663],[-43.47156,-20.35641],[-43.47086,-20.35587],[-43.4707,-20.35561],[-43.4707,-20.35481],[-43.47043,-20.3543],[-43.46984,-20.35418],[-43.46894,-20.35361],[-43.46889,-20.35298],[-43.46877,-20.35255],[-43.46868,-20.35189],[-43.46852,-20.35177],[-43.46825,-20.35077],[-43.46832,-20.35038],[-43.46842,-20.35022],[-43.46857,-20.35013],[-43.46932,-20.34986],[-43.46978,-20.34931],[-43.47067,-20.34863],[-43.47075,-20.34845],[-43.47064,-20.34808],[-43.47055,-20.34807],[-43.47039,-20.3483],[-43.47028,-20.34834],[-43.46934,-20.34832],[-43.4688,-20.34842],[-43.4686,-20.3485],[-43.46851,-20.34846],[-43.46854,-20.34833],[-43.46897,-20.34765],[-43.4691,-20.34731],[-43.469,-20.34651],[-43.46906,-20.34621],[-43.46904,-20.34543],[-43.46909,-20.34515],[-43.469,-20.34505],[-43.4687,-20.34494],[-43.46869,-20.34479],[-43.46877,-20.34458],[-43.46873,-20.34436],[-43.46862,-20.34432],[-43.46836,-20.34452],[-43.46828,-20.34452],[-43.46799,-20.34437],[-43.46776,-20.34414],[-43.46767,-20.34396],[-43.46757,-20.34314],[-43.46745,-20.34268],[-43.46753,-20.34241],[-43.4675,-20.34232],[-43.46693,-20.34176],[-43.46648,-20.34154],[-43.46607,-20.34152],[-43.46594,-20.34139],[-43.46618,-20.34108],[-43.46643,-20.34063],[-43.46659,-20.34029],[-43.4667,-20.3399],[-43.46688,-20.33976],[-43.46695,-20.33953],[-43.46726,-20.33937],[-43.46766,-20.33885],[-43.46774,-20.3386],[-43.46774,-20.33833],[-43.46795,-20.33821],[-43.46828,-20.33813],[-43.46846,-20.33789],[-43.46871,-20.33771],[-43.46875,-20.33751],[-43.46867,-20.33719],[-43.46866,-20.33669],[-43.46824,-20.33609],[-43.46808,-20.3357],[-43.46801,-20.33563],[-43.46743,-20.33537],[-43.46715,-20.33545],[-43.46617,-20.33485],[-43.46565,-20.33441],[-43.465,-20.33409],[-43.46458,-20.33347],[-43.46401,-20.33309],[-43.46353,-20.33248],[-43.46209,-20.33148],[-43.46205,-20.33139],[-43.46216,-20.33134],[-43.46265,-20.33141],[-43.463,-20.33129],[-43.4631,-20.33119],[-43.46332,-20.33042],[-43.46355,-20.32999],[-43.46358,-20.32967],[-43.46353,-20.32893],[-43.46331,-20.32797],[-43.46339,-20.32775],[-43.46347,-20.32768],[-43.46392,-20.32753],[-43.46429,-20.32727],[-43.46551,-20.3258],[-43.4657,-20.32565],[-43.46588,-20.32555],[-43.46632,-20.32544],[-43.4674,-20.32544],[-43.46777,-20.32534],[-43.47308,-20.32136],[-43.47423,-20.32012],[-43.47587,-20.31811],[-43.47611,-20.31776],[-43.47726,-20.31564],[-43.47733,-20.31547],[-43.47739,-20.31505],[-43.47722,-20.31243],[-43.47727,-20.30907],[-43.47738,-20.30844],[-43.4777,-20.30783],[-43.47826,-20.30703],[-43.47851,-20.30652],[-43.47857,-20.30611],[-43.47858,-20.30458],[-43.47863,-20.30422],[-43.47875,-20.3039],[-43.47886,-20.30368],[-43.47988,-20.30227],[-43.48048,-20.30121],[-43.48166,-20.29874],[-43.48172,-20.29848],[-43.48164,-20.29798],[-43.4814,-20.29766],[-43.481,-20.29738],[-43.47989,-20.29678],[-43.47922,-20.29623],[-43.47903,-20.29596],[-43.47912,-20.29587],[-43.47913,-20.29576],[-43.47895,-20.295]]},"properties":{"tipo":"rota","id":"OPR-R15","rota":"ROTA 15","municipio":"Ouro Preto","id_saida":"OPR-S1","origem":"PONTO DE PARTIDA OURO PRETO","ueop":"52º BPM","cia":"248ª Cia PM","unidade":"248cia","bpm":"52bpm","modalidade":"NAO_INFORMADA","paradas":["OPR-1414"],"destinos":["ESCOLA ESTADUAL PROFESSORA DAURA DE CARVALHO NETO"],"qtd_paradas":1,"urnas":8,"distancia_km":15.95,"tempo_min":32.6,"trechos":[{"km":15.95,"min":32.6}],"calculada":true,"distancia_via_m":15}},{"type":"Feature","geometry":{"type":"LineString","coordinates":[[-43.5056,-20.38455],[-43.506,-20.38455],[-43.50563,-20.38524],[-43.50494,-20.3853],[-43.5037,-20.3855],[-43.50349,-20.38561],[-43.50347,-20.38534],[-43.50353,-20.38487],[-43.50331,-20.3847],[-43.50323,-20.38455],[-43.50322,-20.38425],[-43.50333,-20.38338],[-43.50306,-20.38301],[-43.5025,-20.383],[-43.50204,-20.3828],[-43.50187,-20.38278],[-43.50051,-20.38349],[-43.49869,-20.38398],[-43.49809,-20.38403],[-43.49774,-20.38419],[-43.4976,-20.38441],[-43.49744,-20.38484],[-43.49701,-20.38496],[-43.49659,-20.38486],[-43.49615,-20.38447],[-43.49569,-20.38462],[-43.4951,-20.38462],[-43.49465,-20.38468],[-43.49432,-20.38462],[-43.49383,-20.3844],[-43.49336,-20.38429],[-43.49307,-20.384],[-43.49273,-20.3839],[-43.49251,-20.38376],[-43.49246,-20.38341],[-43.49237,-20.38326],[-43.49185,-20.38305],[-43.49154,-20.38278],[-43.49136,-20.38269],[-43.49108,-20.38266],[-43.49052,-20.38277],[-43.48994,-20.38258],[-43.48986,-20.38261],[-43.48966,-20.38283],[-43.48907,-20.38294],[-43.4885,-20.38318],[-43.48804,-20.38297],[-43.48712,-20.3828],[-43.4864,-20.38257],[-43.48589,-20.38234],[-43.48497,-20.38175],[-43.48476,-20.38151],[-43.48437,-20.38056],[-43.48405,-20.38022],[-43.48408,-20.37997],[-43.4842,-20.37983],[-43.48445,-20.37967],[-43.48457,-20.37949],[-43.48453,-20.37933],[-43.48419,-20.37878],[-43.48354,-20.3784],[-43.48296,-20.37818],[-43.48231,-20.37809],[-43.48207,-20.37795],[-43.48162,-20.37752],[-43.4812,-20.37725],[-43.48093,-20.3769],[-43.48063,-20.37664],[-43.4801,-20.37606],[-43.48001,-20.37577],[-43.47891,-20.37499],[-43.47852,-20.37485],[-43.47792,-20.37483],[-43.47762,-20.37472],[-43.47702,-20.37421],[-43.47695,-20.37422],[-43.47593,-20.37386],[-43.47569,-20.37371],[-43.47485,-20.37283],[-43.47455,-20.37259],[-43.47432,-20.37248],[-43.4741,-20.37246],[-43.47401,-20.37251],[-43.47393,-20.37246],[-43.47395,-20.37237],[-43.47401,-20.37235],[-43.47398,-20.37172],[-43.47285,-20.36808],[-43.47293,-20.36773],[-43.47311,-20.36727],[-43.47283,-20.36652],[-43.47257,-20.36624],[-43.47249,-20.36573],[-43.4722,-20.36529],[-43.47213,-20.36416],[-43.47201,-20.36352],[-43.47204,-20.36334],[-43.4723,-20.36284],[-43.47227,-20.36226],[-43.47236,-20.36195],[-43.47266,-20.36128],[-43.47268,-20.36072],[-43.47295,-20.3605],[-43.47321,-20.36039],[-43.47295,-20.36019],[-43.47239,-20.36018],[-43.4722,-20.35878],[-43.47187,-20.35858],[-43.47186,-20.35826],[-43.47331,-20.35696],[-43.47332,-20.35654],[-43.47279,-20.35648],[-43.47204,-20.35663],[-43.47156,-20.35641],[-43.47086,-20.35587],[-43.4707,-20.35561],[-43.4707,-20.35481],[-43.47043,-20.3543],[-43.46984,-20.35418],[-43.46894,-20.35361],[-43.46889,-20.35298],[-43.46877,-20.35255],[-43.46868,-20.35189],[-43.46852,-20.35177],[-43.46825,-20.35077],[-43.46832,-20.35038],[-43.46842,-20.35022],[-43.46857,-20.35013],[-43.46932,-20.34986],[-43.46978,-20.34931],[-43.47067,-20.34863],[-43.47075,-20.34845],[-43.47064,-20.34808],[-43.47055,-20.34807],[-43.47039,-20.3483],[-43.47028,-20.34834],[-43.46934,-20.34832],[-43.4688,-20.34842],[-43.4686,-20.3485],[-43.46851,-20.34846],[-43.46854,-20.34833],[-43.46897,-20.34765],[-43.4691,-20.34731],[-43.469,-20.34651],[-43.46906,-20.34621],[-43.46904,-20.34543],[-43.46909,-20.34515],[-43.469,-20.34505],[-43.4687,-20.34494],[-43.46869,-20.34479],[-43.46877,-20.34458],[-43.46873,-20.34436],[-43.46862,-20.34432],[-43.46836,-20.34452],[-43.46828,-20.34452],[-43.46799,-20.34437],[-43.46776,-20.34414],[-43.46767,-20.34396],[-43.46757,-20.34314],[-43.46745,-20.34268],[-43.46753,-20.34241],[-43.4675,-20.34232],[-43.46693,-20.34176],[-43.46648,-20.34154],[-43.46607,-20.34152],[-43.46594,-20.34139],[-43.46618,-20.34108],[-43.46643,-20.34063],[-43.46659,-20.34029],[-43.4667,-20.3399],[-43.46688,-20.33976],[-43.46695,-20.33953],[-43.46726,-20.33937],[-43.46766,-20.33885],[-43.46774,-20.3386],[-43.46774,-20.33833],[-43.46795,-20.33821],[-43.46828,-20.33813],[-43.46846,-20.33789],[-43.46871,-20.33771],[-43.46875,-20.33751],[-43.46867,-20.33719],[-43.46866,-20.33669],[-43.46824,-20.33609],[-43.46808,-20.3357],[-43.46801,-20.33563],[-43.46743,-20.33537],[-43.46715,-20.33545],[-43.46617,-20.33485],[-43.46565,-20.33441],[-43.465,-20.33409],[-43.46458,-20.33347],[-43.46401,-20.33309],[-43.46353,-20.33248],[-43.46209,-20.33148],[-43.46205,-20.33139],[-43.46216,-20.33134],[-43.46265,-20.33141],[-43.463,-20.33129],[-43.4631,-20.33119],[-43.46332,-20.33042],[-43.46355,-20.32999],[-43.46358,-20.32967],[-43.46353,-20.32893],[-43.46331,-20.32797],[-43.46339,-20.32775],[-43.46347,-20.32768],[-43.46392,-20.32753],[-43.46429,-20.32727],[-43.46551,-20.3258],[-43.4657,-20.32565],[-43.46588,-20.32555],[-43.46632,-20.32544],[-43.4674,-20.32544],[-43.46777,-20.32534],[-43.47308,-20.32136],[-43.47423,-20.32012],[-43.47587,-20.31811],[-43.47611,-20.31776],[-43.47712,-20.31593],[-43.47733,-20.31547],[-43.47739,-20.31505],[-43.47738,-20.3145],[-43.47724,-20.31313],[-43.47722,-20.31243],[-43.47727,-20.30907],[-43.47731,-20.30871],[-43.47748,-20.3082],[-43.47826,-20.30703],[-43.47851,-20.30652],[-43.47857,-20.30611],[-43.47858,-20.30458],[-43.47863,-20.30422],[-43.47875,-20.3039],[-43.47886,-20.30368],[-43.47988,-20.30227],[-43.48048,-20.30121],[-43.48166,-20.29874],[-43.48172,-20.29831],[-43.48164,-20.29798],[-43.4814,-20.29766],[-43.481,-20.29738],[-43.47989,-20.29678],[-43.47922,-20.29623],[-43.4789,-20.29571],[-43.47844,-20.29449],[-43.47805,-20.2933],[-43.47802,-20.29293],[-43.47807,-20.29271],[-43.47816,-20.29257],[-43.47858,-20.2921],[-43.47879,-20.29179],[-43.47885,-20.29154],[-43.47891,-20.28946],[-43.47881,-20.28909],[-43.47852,-20.2888],[-43.47657,-20.28761],[-43.47634,-20.28752],[-43.47607,-20.2877],[-43.47453,-20.28995],[-43.4742,-20.29052],[-43.47408,-20.29085],[-43.47405,-20.29119],[-43.47504,-20.29294],[-43.47483,-20.29304]]},"properties":{"tipo":"rota","id":"OPR-R16","rota":"ROTA 16","municipio":"Ouro Preto","id_saida":"OPR-S1","origem":"PONTO DE PARTIDA OURO PRETO","ueop":"52º BPM","cia":"248ª Cia PM","unidade":"248cia","bpm":"52bpm","modalidade":"NAO_INFORMADA","paradas":["OPR-1740"],"destinos":["COLEGIO RENASCER"],"qtd_paradas":1,"urnas":1,"distancia_km":17.68,"tempo_min":35.2,"trechos":[{"km":17.68,"min":35.2}],"calculada":true,"distancia_via_m":24}},{"type":"Feature","geometry":{"type":"LineString","coordinates":[[-43.5056,-20.38455],[-43.506,-20.38455],[-43.50643,-20.38428],[-43.5068,-20.38433],[-43.50707,-20.38448],[-43.50741,-20.38524],[-43.50754,-20.38542],[-43.50774,-20.38551],[-43.50762,-20.38591],[-43.50758,-20.38641],[-43.50714,-20.38697],[-43.50701,-20.38737],[-43.5067,-20.38964],[-43.50661,-20.39072],[-43.50582,-20.39093],[-43.50508,-20.39102],[-43.50467,-20.39096],[-43.50418,-20.39082],[-43.50431,-20.39099],[-43.50528,-20.39128],[-43.50606,-20.3913],[-43.50681,-20.39169],[-43.50702,-20.39162],[-43.50759,-20.39127],[-43.50783,-20.39129],[-43.5086,-20.39152],[-43.50898,-20.39156],[-43.50927,-20.39151],[-43.50942,-20.39145],[-43.50963,-20.39125],[-43.50981,-20.39083],[-43.51017,-20.39068],[-43.51182,-20.39076],[-43.51194,-20.39087],[-43.51202,-20.39113],[-43.51211,-20.39124],[-43.51231,-20.39137],[-43.5131,-20.39171],[-43.51445,-20.39288],[-43.51473,-20.39307],[-43.51519,-20.39357],[-43.51614,-20.39403],[-43.51634,-20.39418],[-43.51701,-20.395],[-43.51778,-20.39569],[-43.51785,-20.39584],[-43.51786,-20.39668],[-43.51797,-20.39725],[-43.51832,-20.39767],[-43.51958,-20.39999],[-43.52111,-20.40313],[-43.52128,-20.40322],[-43.52146,-20.40322],[-43.52153,-20.40345],[-43.5215,-20.40354],[-43.52229,-20.40409],[-43.5236,-20.4052],[-43.52431,-20.40572],[-43.52542,-20.40669],[-43.5258,-20.40692],[-43.52625,-20.40707],[-43.52643,-20.40718],[-43.5265,-20.40728],[-43.52656,-20.40745],[-43.52637,-20.40843],[-43.52613,-20.40918],[-43.52622,-20.4101],[-43.52623,-20.41089],[-43.52657,-20.41212],[-43.52659,-20.41238],[-43.5265,-20.41383],[-43.52653,-20.41427],[-43.52676,-20.41482],[-43.52722,-20.41553],[-43.52731,-20.41584],[-43.52729,-20.41752],[-43.52751,-20.41846],[-43.52748,-20.41858],[-43.52721,-20.41896],[-43.52716,-20.41914],[-43.52718,-20.41927],[-43.52738,-20.41951],[-43.52756,-20.41961],[-43.52781,-20.41967],[-43.52803,-20.41965],[-43.52932,-20.4191],[-43.53126,-20.41877],[-43.53223,-20.41828],[-43.53248,-20.4182],[-43.53312,-20.41816],[-43.53439,-20.41819],[-43.53544,-20.41836],[-43.53559,-20.41834],[-43.53619,-20.41807],[-43.53725,-20.41796],[-43.53773,-20.41783],[-43.53932,-20.41773],[-43.54053,-20.41745],[-43.54188,-20.41722],[-43.54225,-20.4172],[-43.54241,-20.41721],[-43.54306,-20.41747],[-43.54321,-20.41749],[-43.54413,-20.41737],[-43.54456,-20.41749],[-43.54548,-20.41793],[-43.54637,-20.41842],[-43.54804,-20.41998],[-43.54826,-20.42012],[-43.54848,-20.42019],[-43.55157,-20.42051],[-43.55339,-20.42061],[-43.5539,-20.42073],[-43.55436,-20.42095],[-43.55464,-20.42116],[-43.55518,-20.42188],[-43.55555,-20.42227],[-43.55612,-20.4227],[-43.55647,-20.42316],[-43.55658,-20.42341],[-43.55667,-20.42398],[-43.55665,-20.42505],[-43.55658,-20.42558],[-43.55525,-20.43155],[-43.55518,-20.43193],[-43.55522,-20.43219],[-43.55532,-20.43234],[-43.55559,-20.43253],[-43.55614,-20.43257],[-43.55637,-20.4327],[-43.55647,-20.43295],[-43.55639,-20.43347],[-43.55647,-20.43376],[-43.55663,-20.43384],[-43.55722,-20.43396],[-43.5575,-20.43417],[-43.55882,-20.43568],[-43.56106,-20.43874],[-43.56135,-20.43934],[-43.56182,-20.44005],[-43.56224,-20.44037],[-43.56254,-20.44052],[-43.56333,-20.44085],[-43.56371,-20.44093],[-43.56329,-20.44191],[-43.56313,-20.4424],[-43.56298,-20.44264],[-43.56137,-20.44385],[-43.56087,-20.44439],[-43.56051,-20.44469],[-43.56023,-20.44503],[-43.55961,-20.44614],[-43.55939,-20.44643],[-43.5587,-20.44712],[-43.55805,-20.44752],[-43.5573,-20.44786],[-43.55688,-20.44819],[-43.55671,-20.44852],[-43.55664,-20.4493],[-43.55644,-20.45036],[-43.55631,-20.45061],[-43.5559,-20.45102],[-43.55584,-20.45131],[-43.55586,-20.45183],[-43.55574,-20.45201],[-43.55561,-20.4521],[-43.55528,-20.45223],[-43.55444,-20.45229],[-43.55394,-20.45226],[-43.55246,-20.45199],[-43.55197,-20.45237],[-43.55175,-20.45319],[-43.55151,-20.45353],[-43.55122,-20.45372],[-43.55074,-20.45383],[-43.55017,-20.45366],[-43.54956,-20.45315],[-43.54898,-20.4525],[-43.54835,-20.45221],[-43.54777,-20.45215],[-43.54665,-20.45214],[-43.54537,-20.45202],[-43.54488,-20.45206],[-43.54366,-20.45247],[-43.54335,-20.45266],[-43.54231,-20.45355],[-43.54088,-20.45488],[-43.54034,-20.45498],[-43.53988,-20.45515],[-43.5391,-20.45495],[-43.53868,-20.4549],[-43.53778,-20.45504],[-43.53746,-20.4552],[-43.53674,-20.45584],[-43.53636,-20.45601],[-43.53513,-20.45629],[-43.53417,-20.45682],[-43.53348,-20.45784]]},"properties":{"tipo":"rota","id":"OPR-R17","rota":"ROTA 17","municipio":"Ouro Preto","id_saida":"OPR-S1","origem":"PONTO DE PARTIDA OURO PRETO","ueop":"52º BPM","cia":"248ª Cia PM","unidade":"248cia","bpm":"52bpm","modalidade":"NAO_INFORMADA","paradas":["OPR-1627"],"destinos":["SALÃO COMUNITÁRIO - CHAPADA"],"qtd_paradas":1,"urnas":1,"distancia_km":16.02,"tempo_min":23.3,"trechos":[{"km":16.02,"min":23.3}],"calculada":true,"distancia_via_m":15}},{"type":"Feature","geometry":{"type":"LineString","coordinates":[[-43.5056,-20.38455],[-43.506,-20.38455],[-43.50643,-20.38428],[-43.5068,-20.38433],[-43.50707,-20.38448],[-43.50741,-20.38524],[-43.50754,-20.38542],[-43.50774,-20.38551],[-43.50762,-20.38591],[-43.50758,-20.38641],[-43.50714,-20.38697],[-43.50701,-20.38737],[-43.5067,-20.38964],[-43.50661,-20.39072],[-43.50582,-20.39093],[-43.50508,-20.39102],[-43.50467,-20.39096],[-43.50418,-20.39082],[-43.50431,-20.39099],[-43.50528,-20.39128],[-43.50606,-20.3913],[-43.50681,-20.39169],[-43.50702,-20.39162],[-43.50759,-20.39127],[-43.50783,-20.39129],[-43.5086,-20.39152],[-43.50898,-20.39156],[-43.50927,-20.39151],[-43.50942,-20.39145],[-43.50963,-20.39125],[-43.50981,-20.39083],[-43.51017,-20.39068],[-43.51182,-20.39076],[-43.51194,-20.39087],[-43.51202,-20.39113],[-43.51211,-20.39124],[-43.51231,-20.39137],[-43.5131,-20.39171],[-43.51445,-20.39288],[-43.51473,-20.39307],[-43.51519,-20.39357],[-43.51614,-20.39403],[-43.51634,-20.39418],[-43.51701,-20.395],[-43.51778,-20.39569],[-43.51785,-20.39584],[-43.51786,-20.39668],[-43.51797,-20.39725],[-43.51832,-20.39767],[-43.51958,-20.39999],[-43.52111,-20.40313],[-43.52128,-20.40322],[-43.52146,-20.40322],[-43.52153,-20.40345],[-43.5215,-20.40354],[-43.52229,-20.40409],[-43.5236,-20.4052],[-43.52431,-20.40572],[-43.52542,-20.40669],[-43.5258,-20.40692],[-43.52625,-20.40707],[-43.52643,-20.40718],[-43.5265,-20.40728],[-43.52656,-20.40745],[-43.52637,-20.40843],[-43.52614,-20.40911],[-43.52613,-20.4093],[-43.52622,-20.4101],[-43.52623,-20.41089],[-43.52658,-20.41224],[-43.5265,-20.41383],[-43.52653,-20.41427],[-43.52676,-20.41482],[-43.52722,-20.41553],[-43.52731,-20.41584],[-43.52729,-20.41752],[-43.52751,-20.41846],[-43.52748,-20.41858],[-43.52721,-20.41896],[-43.52716,-20.41914],[-43.52724,-20.41937],[-43.52756,-20.41961],[-43.52781,-20.41967],[-43.52803,-20.41965],[-43.52932,-20.4191],[-43.53126,-20.41877],[-43.53223,-20.41828],[-43.53248,-20.4182],[-43.53312,-20.41816],[-43.53439,-20.41819],[-43.53544,-20.41836],[-43.53559,-20.41834],[-43.53619,-20.41807],[-43.53725,-20.41796],[-43.53773,-20.41783],[-43.53932,-20.41773],[-43.54053,-20.41745],[-43.54188,-20.41722],[-43.54225,-20.4172],[-43.54241,-20.41721],[-43.54306,-20.41747],[-43.54321,-20.41749],[-43.54413,-20.41737],[-43.54456,-20.41749],[-43.54548,-20.41793],[-43.54637,-20.41842],[-43.54804,-20.41998],[-43.54826,-20.42012],[-43.54848,-20.42019],[-43.55157,-20.42051],[-43.55339,-20.42061],[-43.5539,-20.42073],[-43.55436,-20.42095],[-43.55464,-20.42116],[-43.55518,-20.42188],[-43.55555,-20.42227],[-43.55612,-20.4227],[-43.55647,-20.42316],[-43.55658,-20.42341],[-43.55667,-20.42398],[-43.55665,-20.42505],[-43.55658,-20.42558],[-43.55525,-20.43155],[-43.55518,-20.43193],[-43.55522,-20.43219],[-43.55532,-20.43234],[-43.55559,-20.43253],[-43.55614,-20.43257],[-43.55637,-20.4327],[-43.55647,-20.43295],[-43.55639,-20.43347],[-43.55647,-20.43376],[-43.55663,-20.43384],[-43.55722,-20.43396],[-43.5575,-20.43417],[-43.55882,-20.43568],[-43.56106,-20.43874],[-43.56135,-20.43934],[-43.56182,-20.44005],[-43.56224,-20.44037],[-43.56254,-20.44052],[-43.56333,-20.44085],[-43.56371,-20.44093],[-43.56329,-20.44191],[-43.56313,-20.4424],[-43.56298,-20.44264],[-43.56137,-20.44385],[-43.56087,-20.44439],[-43.56051,-20.44469],[-43.56023,-20.44503],[-43.55961,-20.44614],[-43.55939,-20.44643],[-43.5587,-20.44712],[-43.55805,-20.44752],[-43.5573,-20.44786],[-43.55688,-20.44819],[-43.55671,-20.44852],[-43.55664,-20.4493],[-43.55644,-20.45036],[-43.55631,-20.45061],[-43.5559,-20.45102],[-43.55584,-20.45131],[-43.55586,-20.45183],[-43.55574,-20.45201],[-43.55561,-20.4521],[-43.55528,-20.45223],[-43.55444,-20.45229],[-43.55394,-20.45226],[-43.55246,-20.45199],[-43.55197,-20.45237],[-43.55175,-20.45319],[-43.55151,-20.45353],[-43.55122,-20.45372],[-43.55084,-20.45383],[-43.55063,-20.45382],[-43.55017,-20.45366],[-43.54956,-20.45315],[-43.54898,-20.4525],[-43.54835,-20.45221],[-43.54814,-20.45217],[-43.54665,-20.45214],[-43.54556,-20.45203],[-43.54505,-20.45203],[-43.54366,-20.45247],[-43.54335,-20.45266],[-43.54258,-20.45331],[-43.54088,-20.45488],[-43.54034,-20.45498],[-43.53988,-20.45515],[-43.5391,-20.45495],[-43.53868,-20.4549],[-43.53778,-20.45504],[-43.53746,-20.4552],[-43.53674,-20.45584],[-43.53636,-20.45601],[-43.53513,-20.45629],[-43.53417,-20.45682],[-43.53398,-20.45705],[-43.53361,-20.45769],[-43.53337,-20.45794],[-43.53158,-20.4588],[-43.53088,-20.45938],[-43.5298,-20.4601],[-43.52942,-20.46042],[-43.52914,-20.46079],[-43.52839,-20.46278],[-43.52811,-20.46309],[-43.52697,-20.46331],[-43.52672,-20.46318],[-43.52649,-20.46289],[-43.52631,-20.46284],[-43.52593,-20.46289],[-43.52547,-20.46284],[-43.52515,-20.46288],[-43.52431,-20.46312],[-43.52414,-20.4632],[-43.52399,-20.46335],[-43.52383,-20.46419],[-43.52374,-20.46432],[-43.52335,-20.46437],[-43.52296,-20.46469],[-43.52223,-20.46465],[-43.52195,-20.46476],[-43.5219,-20.46486],[-43.52195,-20.46496],[-43.52238,-20.46512],[-43.52243,-20.46524],[-43.5222,-20.46551],[-43.52185,-20.46619],[-43.52177,-20.46679],[-43.52182,-20.46778],[-43.52172,-20.46825],[-43.52199,-20.46882],[-43.5221,-20.4694],[-43.52239,-20.46973],[-43.52236,-20.46982],[-43.52226,-20.4699],[-43.52198,-20.47002],[-43.52208,-20.47049],[-43.52192,-20.47084],[-43.52157,-20.47119],[-43.52115,-20.47141],[-43.52115,-20.47161],[-43.52121,-20.47194],[-43.52133,-20.47214],[-43.52196,-20.47285],[-43.52227,-20.47327],[-43.52268,-20.47365],[-43.52284,-20.47394],[-43.52283,-20.47428],[-43.52271,-20.47479],[-43.52266,-20.47528],[-43.52257,-20.4755],[-43.52247,-20.47563],[-43.52218,-20.47576],[-43.51987,-20.47614],[-43.51947,-20.47638],[-43.519,-20.47657],[-43.51823,-20.47705],[-43.5184,-20.47757],[-43.51869,-20.47809],[-43.51833,-20.47828],[-43.51804,-20.47837],[-43.51796,-20.47886],[-43.51805,-20.47895],[-43.5184,-20.4788],[-43.51846,-20.47885],[-43.51804,-20.47936],[-43.51719,-20.48005],[-43.51715,-20.48021],[-43.51698,-20.48041],[-43.51686,-20.48068],[-43.51681,-20.48096],[-43.51632,-20.48136],[-43.51616,-20.48156],[-43.51549,-20.48188],[-43.51439,-20.48213],[-43.51391,-20.48211],[-43.51357,-20.48215],[-43.51216,-20.48254],[-43.51102,-20.48304],[-43.51083,-20.48308],[-43.50991,-20.48406],[-43.50984,-20.48431],[-43.5102,-20.48455],[-43.51048,-20.48483],[-43.51059,-20.48507],[-43.5106,-20.48532],[-43.51045,-20.48558],[-43.50996,-20.48577],[-43.50938,-20.48617],[-43.50888,-20.48617],[-43.50795,-20.48636],[-43.50792,-20.48646],[-43.50819,-20.48669],[-43.50812,-20.48679],[-43.50775,-20.48697],[-43.50745,-20.48723],[-43.50704,-20.48732],[-43.50691,-20.48742],[-43.50657,-20.48723],[-43.50646,-20.48731],[-43.50598,-20.48843],[-43.50579,-20.48864],[-43.50523,-20.48882],[-43.50508,-20.48891],[-43.50499,-20.48905],[-43.50514,-20.48918],[-43.50573,-20.48892],[-43.50598,-20.48898],[-43.50614,-20.48886],[-43.50634,-20.48847],[-43.50646,-20.48844],[-43.50655,-20.48848],[-43.50665,-20.48928],[-43.50677,-20.48939],[-43.50694,-20.48943],[-43.50704,-20.48935],[-43.50704,-20.48924],[-43.50684,-20.48901],[-43.50684,-20.48891],[-43.50697,-20.48891],[-43.50717,-20.48903],[-43.50724,-20.48922],[-43.50719,-20.48954],[-43.50709,-20.48969],[-43.50655,-20.48969],[-43.50636,-20.48956],[-43.50624,-20.48964],[-43.50618,-20.48979],[-43.50606,-20.48986],[-43.50588,-20.48985],[-43.50555,-20.48997],[-43.50508,-20.49034],[-43.50414,-20.4905],[-43.50392,-20.49071],[-43.50303,-20.49107],[-43.50272,-20.49124],[-43.50243,-20.49131],[-43.50241,-20.49137],[-43.50267,-20.49149],[-43.5027,-20.49164],[-43.5026,-20.49174],[-43.50244,-20.49177],[-43.50205,-20.49167],[-43.50111,-20.49228],[-43.50084,-20.4927],[-43.50093,-20.49298],[-43.50113,-20.4933],[-43.50112,-20.49354],[-43.50075,-20.49396],[-43.5008,-20.49423],[-43.50078,-20.49461],[-43.50066,-20.49478],[-43.50049,-20.49481],[-43.49999,-20.49457],[-43.49982,-20.49433],[-43.49976,-20.49399],[-43.4996,-20.49372],[-43.49905,-20.49359],[-43.49863,-20.4936],[-43.49848,-20.49388],[-43.49829,-20.49407],[-43.49779,-20.49411],[-43.49738,-20.49435],[-43.4969,-20.49421],[-43.49669,-20.49424],[-43.49657,-20.49435],[-43.49656,-20.49461],[-43.49668,-20.49485],[-43.49729,-20.49502],[-43.49744,-20.4952],[-43.49741,-20.49536],[-43.49708,-20.4955],[-43.49698,-20.49559],[-43.49673,-20.49564],[-43.49651,-20.49585],[-43.49635,-20.49593],[-43.49623,-20.49595],[-43.49607,-20.49586],[-43.49599,-20.49564],[-43.496,-20.49552],[-43.49591,-20.49538],[-43.49562,-20.49524],[-43.49526,-20.49497],[-43.4951,-20.4949],[-43.49442,-20.49496],[-43.49405,-20.49481],[-43.4939,-20.49464],[-43.4938,-20.49463],[-43.49325,-20.4951],[-43.49304,-20.49553],[-43.49293,-20.49554],[-43.49257,-20.4954],[-43.49223,-20.49542],[-43.49186,-20.49581],[-43.49178,-20.49599],[-43.49163,-20.49612],[-43.49135,-20.49622],[-43.49125,-20.49622],[-43.49117,-20.49615],[-43.49113,-20.4959],[-43.491,-20.49585],[-43.49045,-20.49588],[-43.4895,-20.49613],[-43.48914,-20.49608],[-43.48881,-20.4962],[-43.48852,-20.49622],[-43.48812,-20.49617],[-43.48778,-20.4962],[-43.48715,-20.49608],[-43.48664,-20.49583],[-43.48623,-20.49613],[-43.48575,-20.49624],[-43.48565,-20.49618],[-43.48548,-20.49577],[-43.48488,-20.49576],[-43.48412,-20.49538],[-43.48394,-20.49535],[-43.48377,-20.49541],[-43.48362,-20.49573],[-43.48327,-20.4961],[-43.48314,-20.49655],[-43.48301,-20.49668],[-43.48276,-20.49674],[-43.48255,-20.49663],[-43.4824,-20.49623],[-43.48243,-20.49588],[-43.48253,-20.49567],[-43.48251,-20.49555],[-43.48232,-20.49549],[-43.48215,-20.49536],[-43.48192,-20.49535],[-43.48161,-20.49543],[-43.48105,-20.49582],[-43.48038,-20.49591],[-43.48015,-20.49611],[-43.48,-20.49615],[-43.47962,-20.49608],[-43.47918,-20.49623],[-43.47908,-20.49616],[-43.47906,-20.49604],[-43.47893,-20.49594],[-43.47864,-20.4959],[-43.47851,-20.4959],[-43.47825,-20.49606],[-43.47805,-20.49608],[-43.4775,-20.49588],[-43.47737,-20.49573],[-43.47721,-20.49493],[-43.47706,-20.49466],[-43.47696,-20.49463],[-43.47622,-20.49475],[-43.47483,-20.4952],[-43.47354,-20.49525],[-43.4731,-20.49534],[-43.47249,-20.49555],[-43.47178,-20.49559],[-43.4713,-20.49587],[-43.47041,-20.49609],[-43.46988,-20.49662],[-43.46965,-20.49656],[-43.46923,-20.49629],[-43.46908,-20.49629],[-43.46891,-20.49638],[-43.46871,-20.49665],[-43.46805,-20.49694],[-43.46779,-20.49686],[-43.46741,-20.49691],[-43.46714,-20.49684],[-43.46671,-20.49683],[-43.46648,-20.49692],[-43.46581,-20.49686],[-43.46563,-20.49689],[-43.46535,-20.49708],[-43.46515,-20.49712],[-43.46503,-20.49708],[-43.46489,-20.49695],[-43.46438,-20.49679],[-43.46355,-20.49684],[-43.46348,-20.49677],[-43.4634,-20.49648],[-43.46325,-20.49624],[-43.46265,-20.49576],[-43.46229,-20.49565],[-43.46185,-20.4956],[-43.46149,-20.49575],[-43.4609,-20.4962],[-43.46052,-20.49669],[-43.45989,-20.49712],[-43.45968,-20.49714],[-43.45934,-20.49703],[-43.45862,-20.49706],[-43.4571,-20.49678],[-43.45682,-20.49679],[-43.45639,-20.49707],[-43.45607,-20.4972],[-43.45593,-20.4972],[-43.45547,-20.49706],[-43.4553,-20.4971]]},"properties":{"tipo":"rota","id":"OPR-R18","rota":"ROTA 18","municipio":"Ouro Preto","id_saida":"OPR-S1","origem":"PONTO DE PARTIDA OURO PRETO","ueop":"52º BPM","cia":"248ª Cia PM","unidade":"248cia","bpm":"52bpm","modalidade":"NAO_INFORMADA","paradas":["OPR-1430"],"destinos":["ESCOLA MUNICIPAL ALEIJADINHO"],"qtd_paradas":1,"urnas":3,"distancia_km":29.67,"tempo_min":47.1,"trechos":[{"km":29.67,"min":47.1}],"calculada":true,"distancia_via_m":22}},{"type":"Feature","geometry":{"type":"LineString","coordinates":[[-43.5056,-20.38455],[-43.506,-20.38455],[-43.50643,-20.38428],[-43.5068,-20.38433],[-43.50707,-20.38448],[-43.50741,-20.38524],[-43.50754,-20.38542],[-43.50774,-20.38551],[-43.50762,-20.38591],[-43.50758,-20.38641],[-43.50714,-20.38697],[-43.50701,-20.38737],[-43.5067,-20.38964],[-43.50661,-20.39072],[-43.50582,-20.39093],[-43.50508,-20.39102],[-43.50467,-20.39096],[-43.50418,-20.39082],[-43.50431,-20.39099],[-43.50528,-20.39128],[-43.50606,-20.3913],[-43.50681,-20.39169],[-43.50702,-20.39162],[-43.50759,-20.39127],[-43.50783,-20.39129],[-43.5086,-20.39152],[-43.50898,-20.39156],[-43.50927,-20.39151],[-43.50942,-20.39145],[-43.50963,-20.39125],[-43.50981,-20.39083],[-43.51017,-20.39068],[-43.51182,-20.39076],[-43.51194,-20.39087],[-43.51202,-20.39113],[-43.51211,-20.39124],[-43.51231,-20.39137],[-43.5131,-20.39171],[-43.51445,-20.39288],[-43.51473,-20.39307],[-43.51519,-20.39357],[-43.51614,-20.39403],[-43.51634,-20.39418],[-43.51701,-20.395],[-43.51778,-20.39569],[-43.51785,-20.39584],[-43.51786,-20.39668],[-43.51797,-20.39725],[-43.51832,-20.39767],[-43.51958,-20.39999],[-43.52111,-20.40313],[-43.52128,-20.40322],[-43.52146,-20.40322],[-43.52153,-20.40345],[-43.5215,-20.40354],[-43.52229,-20.40409],[-43.5236,-20.4052],[-43.52431,-20.40572],[-43.52542,-20.40669],[-43.5258,-20.40692],[-43.52625,-20.40707],[-43.52643,-20.40718],[-43.5265,-20.40728],[-43.52656,-20.40745],[-43.52637,-20.40843],[-43.52613,-20.40918],[-43.52622,-20.4101],[-43.52623,-20.41089],[-43.52657,-20.41212],[-43.52659,-20.41238],[-43.5265,-20.41383],[-43.52653,-20.41427],[-43.52676,-20.41482],[-43.52722,-20.41553],[-43.52731,-20.41584],[-43.52729,-20.41752],[-43.52751,-20.41846],[-43.52748,-20.41858],[-43.52721,-20.41896],[-43.52716,-20.41914],[-43.52718,-20.41927],[-43.52738,-20.41951],[-43.52756,-20.41961],[-43.52781,-20.41967],[-43.52803,-20.41965],[-43.52932,-20.4191],[-43.53126,-20.41877],[-43.53223,-20.41828],[-43.53248,-20.4182],[-43.53312,-20.41816],[-43.53439,-20.41819],[-43.53544,-20.41836],[-43.53559,-20.41834],[-43.53619,-20.41807],[-43.53725,-20.41796],[-43.53773,-20.41783],[-43.53932,-20.41773],[-43.54053,-20.41745],[-43.54188,-20.41722],[-43.54225,-20.4172],[-43.54241,-20.41721],[-43.54306,-20.41747],[-43.54321,-20.41749],[-43.54413,-20.41737],[-43.54456,-20.41749],[-43.54548,-20.41793],[-43.54637,-20.41842],[-43.54804,-20.41998],[-43.54826,-20.42012],[-43.54848,-20.42019],[-43.55157,-20.42051],[-43.55339,-20.42061],[-43.5539,-20.42073],[-43.55436,-20.42095],[-43.55464,-20.42116],[-43.55518,-20.42188],[-43.55555,-20.42227],[-43.55612,-20.4227],[-43.55647,-20.42316],[-43.55658,-20.42341],[-43.55667,-20.42398],[-43.55665,-20.42505],[-43.55658,-20.42558],[-43.55525,-20.43155],[-43.55518,-20.43193],[-43.55522,-20.43219],[-43.55532,-20.43234],[-43.55559,-20.43253],[-43.55614,-20.43257],[-43.55637,-20.4327],[-43.55647,-20.43295],[-43.55639,-20.43347],[-43.55647,-20.43376],[-43.55663,-20.43384],[-43.55722,-20.43396],[-43.5575,-20.43417],[-43.55882,-20.43568],[-43.56106,-20.43874],[-43.56135,-20.43934],[-43.56182,-20.44005],[-43.56224,-20.44037],[-43.56254,-20.44052],[-43.56333,-20.44085],[-43.56371,-20.44093],[-43.56329,-20.44191],[-43.56313,-20.4424],[-43.56298,-20.44264],[-43.56137,-20.44385],[-43.56087,-20.44439],[-43.56051,-20.44469],[-43.56023,-20.44503],[-43.55961,-20.44614],[-43.55939,-20.44643],[-43.5587,-20.44712],[-43.55805,-20.44752],[-43.5573,-20.44786],[-43.55688,-20.44819],[-43.55671,-20.44852],[-43.55664,-20.4493],[-43.55644,-20.45036],[-43.55631,-20.45061],[-43.5559,-20.45102],[-43.55584,-20.45131],[-43.55586,-20.45183],[-43.55574,-20.45201],[-43.55561,-20.4521],[-43.55528,-20.45223],[-43.55444,-20.45229],[-43.55394,-20.45226],[-43.55246,-20.45199],[-43.55197,-20.45237],[-43.55175,-20.45319],[-43.55151,-20.45353],[-43.55122,-20.45372],[-43.55084,-20.45383],[-43.55063,-20.45382],[-43.55017,-20.45366],[-43.54956,-20.45315],[-43.54898,-20.4525],[-43.54835,-20.45221],[-43.54814,-20.45217],[-43.54665,-20.45214],[-43.54556,-20.45203],[-43.54505,-20.45203],[-43.54366,-20.45247],[-43.54335,-20.45266],[-43.54258,-20.45331],[-43.54088,-20.45488],[-43.54034,-20.45498],[-43.53988,-20.45515],[-43.5391,-20.45495],[-43.53868,-20.4549],[-43.53778,-20.45504],[-43.53746,-20.4552],[-43.53674,-20.45584],[-43.53636,-20.45601],[-43.53513,-20.45629],[-43.53417,-20.45682],[-43.53398,-20.45705],[-43.53361,-20.45769],[-43.53337,-20.45794],[-43.53158,-20.4588],[-43.53088,-20.45938],[-43.5298,-20.4601],[-43.52942,-20.46042],[-43.52914,-20.46079],[-43.52839,-20.46278],[-43.52811,-20.46309],[-43.52697,-20.46331],[-43.52672,-20.46318],[-43.52649,-20.46289],[-43.52631,-20.46284],[-43.52593,-20.46289],[-43.52547,-20.46284],[-43.52515,-20.46288],[-43.52431,-20.46312],[-43.52414,-20.4632],[-43.52399,-20.46335],[-43.52383,-20.46419],[-43.52374,-20.46432],[-43.52335,-20.46437],[-43.52296,-20.46469],[-43.52223,-20.46465],[-43.52195,-20.46476],[-43.5219,-20.46486],[-43.52195,-20.46496],[-43.52238,-20.46512],[-43.52243,-20.46524],[-43.5222,-20.46551],[-43.52185,-20.46619],[-43.52177,-20.46679],[-43.52182,-20.46778],[-43.52172,-20.46825],[-43.52199,-20.46882],[-43.5221,-20.4694],[-43.52239,-20.46973],[-43.52236,-20.46982],[-43.52226,-20.4699],[-43.52198,-20.47002],[-43.52208,-20.47049],[-43.52192,-20.47084],[-43.52157,-20.47119],[-43.52115,-20.47141],[-43.52121,-20.47194],[-43.52148,-20.47233],[-43.52196,-20.47285],[-43.52227,-20.47327],[-43.52257,-20.47352],[-43.52278,-20.4738],[-43.52284,-20.47394],[-43.52284,-20.47416],[-43.52277,-20.47458],[-43.52294,-20.47485],[-43.52327,-20.47514],[-43.52423,-20.47547]]},"properties":{"tipo":"rota","id":"OPR-R19","rota":"ROTA 19","municipio":"Ouro Preto","id_saida":"OPR-S1","origem":"PONTO DE PARTIDA OURO PRETO","ueop":"52º BPM","cia":"248ª Cia PM","unidade":"248cia","bpm":"52bpm","modalidade":"NAO_INFORMADA","paradas":["OPR-1449"],"destinos":["ESCOLA MUNICIPAL DE LAVRAS NOVAS"],"qtd_paradas":1,"urnas":3,"distancia_km":19.13,"tempo_min":30.7,"trechos":[{"km":19.13,"min":30.7}],"calculada":true,"distancia_via_m":50}},{"type":"Feature","geometry":{"type":"LineString","coordinates":[[-43.5056,-20.38455],[-43.506,-20.38455],[-43.50643,-20.38428],[-43.5068,-20.38433],[-43.50707,-20.38448],[-43.50741,-20.38524],[-43.50754,-20.38542],[-43.50774,-20.38551],[-43.50762,-20.38591],[-43.50758,-20.38641],[-43.50714,-20.38697],[-43.50701,-20.38737],[-43.5067,-20.38964],[-43.50661,-20.39072],[-43.50582,-20.39093],[-43.50508,-20.39102],[-43.50467,-20.39096],[-43.50418,-20.39082],[-43.50431,-20.39099],[-43.50528,-20.39128],[-43.50606,-20.3913],[-43.50681,-20.39169],[-43.50702,-20.39162],[-43.50759,-20.39127],[-43.50783,-20.39129],[-43.5086,-20.39152],[-43.50898,-20.39156],[-43.50927,-20.39151],[-43.50942,-20.39145],[-43.50963,-20.39125],[-43.50981,-20.39083],[-43.51017,-20.39068],[-43.51182,-20.39076],[-43.51194,-20.39087],[-43.51202,-20.39113],[-43.51211,-20.39124],[-43.51231,-20.39137],[-43.5131,-20.39171],[-43.51445,-20.39288],[-43.51473,-20.39307],[-43.51519,-20.39357],[-43.51614,-20.39403],[-43.51634,-20.39418],[-43.51701,-20.395],[-43.51778,-20.39569],[-43.51785,-20.39584],[-43.51786,-20.39668],[-43.51797,-20.39725],[-43.51832,-20.39767],[-43.51958,-20.39999],[-43.52111,-20.40313],[-43.52128,-20.40322],[-43.52146,-20.40322],[-43.52153,-20.40345],[-43.5215,-20.40354],[-43.52229,-20.40409],[-43.5236,-20.4052],[-43.52431,-20.40572],[-43.52542,-20.40669],[-43.5258,-20.40692],[-43.52625,-20.40707],[-43.52643,-20.40718],[-43.5265,-20.40728],[-43.52656,-20.40745],[-43.52637,-20.40843],[-43.52613,-20.40918],[-43.52622,-20.4101],[-43.52623,-20.41089],[-43.52657,-20.41212],[-43.52659,-20.41238],[-43.5265,-20.41383],[-43.52653,-20.41427],[-43.52676,-20.41482],[-43.52722,-20.41553],[-43.52731,-20.41584],[-43.52729,-20.41752],[-43.52751,-20.41846],[-43.52748,-20.41858],[-43.52721,-20.41896],[-43.52716,-20.41914],[-43.52718,-20.41927],[-43.52738,-20.41951],[-43.52756,-20.41961],[-43.52781,-20.41967],[-43.52803,-20.41965],[-43.52932,-20.4191],[-43.53126,-20.41877],[-43.53223,-20.41828],[-43.53248,-20.4182],[-43.53312,-20.41816],[-43.53439,-20.41819],[-43.53544,-20.41836],[-43.53559,-20.41834],[-43.53619,-20.41807],[-43.53725,-20.41796],[-43.53773,-20.41783],[-43.53932,-20.41773],[-43.54053,-20.41745],[-43.54188,-20.41722],[-43.54225,-20.4172],[-43.54241,-20.41721],[-43.54306,-20.41747],[-43.54321,-20.41749],[-43.54413,-20.41737],[-43.54456,-20.41749],[-43.54548,-20.41793],[-43.54637,-20.41842],[-43.54804,-20.41998],[-43.54826,-20.42012],[-43.54848,-20.42019],[-43.55157,-20.42051],[-43.55339,-20.42061],[-43.5539,-20.42073],[-43.55436,-20.42095],[-43.55464,-20.42116],[-43.55518,-20.42188],[-43.55555,-20.42227],[-43.55612,-20.4227],[-43.55647,-20.42316],[-43.55658,-20.42341],[-43.55667,-20.42398],[-43.55665,-20.42505],[-43.55658,-20.42558],[-43.55525,-20.43155],[-43.55518,-20.43193],[-43.55522,-20.43219],[-43.55532,-20.43234],[-43.55559,-20.43253],[-43.55614,-20.43257],[-43.55637,-20.4327],[-43.55647,-20.43295],[-43.55639,-20.43347],[-43.55647,-20.43376],[-43.55663,-20.43384],[-43.55722,-20.43396],[-43.5575,-20.43417],[-43.55882,-20.43568],[-43.56106,-20.43874],[-43.56135,-20.43934],[-43.56182,-20.44005],[-43.56224,-20.44037],[-43.56254,-20.44052],[-43.56333,-20.44085],[-43.56371,-20.44093],[-43.56329,-20.44191],[-43.56313,-20.4424],[-43.56298,-20.44264],[-43.56137,-20.44385],[-43.56087,-20.44439],[-43.56051,-20.44469],[-43.56023,-20.44503],[-43.55961,-20.44614],[-43.55939,-20.44643],[-43.5587,-20.44712],[-43.55805,-20.44752],[-43.5573,-20.44786],[-43.55688,-20.44819],[-43.55671,-20.44852],[-43.55664,-20.4493],[-43.55644,-20.45036],[-43.55631,-20.45061],[-43.5559,-20.45102],[-43.55584,-20.45131],[-43.55586,-20.45183],[-43.55574,-20.45201],[-43.55528,-20.45223],[-43.55444,-20.45229],[-43.55362,-20.45221],[-43.55255,-20.45198],[-43.55236,-20.45204],[-43.55197,-20.45237],[-43.55195,-20.45252],[-43.55286,-20.45418],[-43.55308,-20.45429],[-43.55413,-20.45443],[-43.55425,-20.45457],[-43.55439,-20.45512],[-43.55486,-20.45572],[-43.55504,-20.45576],[-43.55625,-20.45552],[-43.55645,-20.45564],[-43.55658,-20.45623],[-43.5568,-20.45675],[-43.55681,-20.45688],[-43.55666,-20.45764],[-43.55674,-20.45871],[-43.55669,-20.45906],[-43.55651,-20.45967],[-43.55637,-20.45993],[-43.55613,-20.46006],[-43.55563,-20.46021],[-43.55511,-20.46013],[-43.55497,-20.46015],[-43.55485,-20.46033],[-43.55483,-20.46053],[-43.55491,-20.46083],[-43.55492,-20.46118],[-43.55488,-20.46157],[-43.55462,-20.46203],[-43.55452,-20.46246],[-43.55455,-20.46276],[-43.55486,-20.46331],[-43.55514,-20.46362],[-43.55516,-20.46376],[-43.55473,-20.46389],[-43.55407,-20.4638],[-43.55385,-20.46412],[-43.55352,-20.46516],[-43.55334,-20.46643],[-43.55285,-20.46753],[-43.5528,-20.46775],[-43.55274,-20.46881],[-43.55238,-20.46955],[-43.55253,-20.47057],[-43.5525,-20.47086],[-43.55238,-20.47126],[-43.55144,-20.47205],[-43.55101,-20.47255],[-43.55088,-20.47358],[-43.55108,-20.47408],[-43.55104,-20.47449],[-43.55044,-20.47539],[-43.55039,-20.47584],[-43.55023,-20.47603],[-43.54974,-20.47632],[-43.54933,-20.47665],[-43.549,-20.47702],[-43.54883,-20.47731],[-43.54862,-20.4786],[-43.54855,-20.47878],[-43.54799,-20.47924],[-43.54794,-20.47937],[-43.5479,-20.4798],[-43.54794,-20.48076],[-43.54874,-20.48204],[-43.54885,-20.48246],[-43.54878,-20.48292],[-43.54832,-20.48392],[-43.54808,-20.48435],[-43.54794,-20.48451],[-43.54782,-20.48457],[-43.54771,-20.48458],[-43.54693,-20.48431],[-43.54671,-20.48429],[-43.54636,-20.48439],[-43.54611,-20.48461],[-43.54529,-20.48565],[-43.54453,-20.48625],[-43.54411,-20.48674],[-43.5435,-20.48699],[-43.54294,-20.48741],[-43.54207,-20.4874],[-43.54162,-20.48749],[-43.54138,-20.48759],[-43.54136,-20.48775],[-43.54183,-20.48826],[-43.54202,-20.48876],[-43.54213,-20.48892],[-43.54213,-20.48907],[-43.54195,-20.48918],[-43.54141,-20.48929],[-43.54116,-20.4894],[-43.54101,-20.48961],[-43.54101,-20.48972],[-43.54105,-20.48984],[-43.54136,-20.49018],[-43.54215,-20.49079],[-43.54229,-20.49106],[-43.54226,-20.49123],[-43.54167,-20.4918],[-43.5414,-20.49225],[-43.54141,-20.49235],[-43.54166,-20.4927],[-43.54167,-20.49282],[-43.54162,-20.49313],[-43.54145,-20.49346],[-43.54136,-20.49353],[-43.54112,-20.49358],[-43.54041,-20.49355],[-43.54033,-20.49361],[-43.54056,-20.49393],[-43.54078,-20.49412],[-43.54096,-20.49419],[-43.54162,-20.4942],[-43.54189,-20.49411],[-43.54205,-20.49398],[-43.54213,-20.49376],[-43.54219,-20.49329],[-43.5423,-20.49314],[-43.54239,-20.4931],[-43.54256,-20.49316],[-43.5426,-20.49347],[-43.54249,-20.49389],[-43.54258,-20.49482],[-43.54254,-20.49534],[-43.54266,-20.49569],[-43.54259,-20.49627],[-43.54264,-20.49645],[-43.54277,-20.49661],[-43.54322,-20.49687],[-43.54332,-20.49702],[-43.54337,-20.49722],[-43.54328,-20.49789],[-43.54338,-20.49934],[-43.54333,-20.49983],[-43.54341,-20.50001],[-43.5435,-20.50008],[-43.54382,-20.50018],[-43.54395,-20.50027],[-43.54451,-20.50109],[-43.54512,-20.50212],[-43.54515,-20.50232],[-43.54501,-20.50303],[-43.54513,-20.50334],[-43.54535,-20.50348],[-43.54545,-20.50348],[-43.54602,-20.50326],[-43.54675,-20.50333],[-43.54702,-20.50342],[-43.54742,-20.50343],[-43.54838,-20.50305],[-43.54867,-20.50319],[-43.54888,-20.50338],[-43.54901,-20.50355],[-43.54914,-20.50385],[-43.54908,-20.50467],[-43.54914,-20.5049],[-43.5496,-20.50548],[-43.5498,-20.50582],[-43.55033,-20.50696],[-43.55043,-20.50707],[-43.55105,-20.50745],[-43.55103,-20.5082],[-43.55094,-20.50837],[-43.55055,-20.50866],[-43.5505,-20.50884],[-43.55055,-20.5091],[-43.55079,-20.50959],[-43.55096,-20.5098],[-43.55192,-20.51033],[-43.55287,-20.51095],[-43.55293,-20.51103],[-43.55297,-20.51125],[-43.55287,-20.51176],[-43.55338,-20.51223],[-43.55369,-20.5128],[-43.55367,-20.51305],[-43.55356,-20.51333],[-43.55325,-20.51383],[-43.55318,-20.51418],[-43.55325,-20.51458],[-43.55356,-20.51539],[-43.55356,-20.51609],[-43.55349,-20.51637],[-43.55324,-20.51681],[-43.55298,-20.5175],[-43.55291,-20.51805],[-43.55296,-20.51822],[-43.55338,-20.51876],[-43.55365,-20.51923],[-43.55377,-20.51949],[-43.55375,-20.51972],[-43.55366,-20.51989],[-43.55288,-20.52033],[-43.55264,-20.52056],[-43.5525,-20.52088],[-43.55248,-20.52193],[-43.55237,-20.52229],[-43.55182,-20.52318],[-43.55179,-20.52345],[-43.55189,-20.52383],[-43.55191,-20.52449],[-43.55199,-20.52465],[-43.55215,-20.52472],[-43.55324,-20.52484],[-43.55343,-20.52493],[-43.55388,-20.52536],[-43.55425,-20.52587],[-43.55445,-20.52606],[-43.5554,-20.52645],[-43.55553,-20.52656],[-43.55564,-20.52673],[-43.55567,-20.52694],[-43.55559,-20.52711],[-43.55541,-20.52723],[-43.55472,-20.52743],[-43.55412,-20.52771],[-43.5538,-20.52778],[-43.55369,-20.52785],[-43.55363,-20.52794],[-43.55363,-20.52814],[-43.55354,-20.52833],[-43.55288,-20.52915],[-43.55267,-20.52949],[-43.5526,-20.52982],[-43.55315,-20.53074],[-43.5518,-20.53339],[-43.55146,-20.53392],[-43.55099,-20.53489],[-43.55066,-20.5357],[-43.55042,-20.53657],[-43.55036,-20.53668],[-43.55034,-20.5366],[-43.5505,-20.53603]]},"properties":{"tipo":"rota","id":"OPR-R20","rota":"ROTA 20","municipio":"Ouro Preto","id_saida":"OPR-S1","origem":"PONTO DE PARTIDA OURO PRETO","ueop":"52º BPM","cia":"248ª Cia PM","unidade":"248cia","bpm":"52bpm","modalidade":"NAO_INFORMADA","paradas":["OPR-1180"],"destinos":["ESCOLA ESTADUAL JOSE LEANDRO"],"qtd_paradas":1,"urnas":9,"distancia_km":26.62,"tempo_min":39.7,"trechos":[{"km":26.62,"min":39.7}],"calculada":true,"distancia_via_m":16}},{"type":"Feature","geometry":{"type":"LineString","coordinates":[[-43.5056,-20.38455],[-43.506,-20.38455],[-43.50643,-20.38428],[-43.5068,-20.38433],[-43.50707,-20.38448],[-43.50741,-20.38524],[-43.50754,-20.38542],[-43.50774,-20.38551],[-43.50762,-20.38591],[-43.50758,-20.38641],[-43.50714,-20.38697],[-43.50701,-20.38737],[-43.5067,-20.38964],[-43.50661,-20.39072],[-43.50582,-20.39093],[-43.50508,-20.39102],[-43.50467,-20.39096],[-43.50418,-20.39082],[-43.50431,-20.39099],[-43.50528,-20.39128],[-43.50606,-20.3913],[-43.50681,-20.39169],[-43.50702,-20.39162],[-43.50759,-20.39127],[-43.50783,-20.39129],[-43.5086,-20.39152],[-43.50898,-20.39156],[-43.50927,-20.39151],[-43.50942,-20.39145],[-43.50963,-20.39125],[-43.50981,-20.39083],[-43.51017,-20.39068],[-43.51182,-20.39076],[-43.51194,-20.39087],[-43.51202,-20.39113],[-43.51211,-20.39124],[-43.51231,-20.39137],[-43.5131,-20.39171],[-43.51445,-20.39288],[-43.51473,-20.39307],[-43.51519,-20.39357],[-43.51614,-20.39403],[-43.51634,-20.39418],[-43.51701,-20.395],[-43.51778,-20.39569],[-43.51785,-20.39584],[-43.51786,-20.39668],[-43.51797,-20.39725],[-43.51832,-20.39767],[-43.51958,-20.39999],[-43.52111,-20.40313],[-43.52128,-20.40322],[-43.52146,-20.40322],[-43.52153,-20.40345],[-43.5215,-20.40354],[-43.52229,-20.40409],[-43.5236,-20.4052],[-43.52431,-20.40572],[-43.52542,-20.40669],[-43.5258,-20.40692],[-43.52625,-20.40707],[-43.52643,-20.40718],[-43.5265,-20.40728],[-43.52656,-20.40745],[-43.52637,-20.40843],[-43.52613,-20.40918],[-43.52622,-20.4101],[-43.52623,-20.41089],[-43.52657,-20.41212],[-43.52659,-20.41238],[-43.5265,-20.41383],[-43.52653,-20.41427],[-43.52676,-20.41482],[-43.52722,-20.41553],[-43.52731,-20.41584],[-43.52729,-20.41752],[-43.52751,-20.41846],[-43.52748,-20.41858],[-43.52721,-20.41896],[-43.52716,-20.41914],[-43.52718,-20.41927],[-43.52738,-20.41951],[-43.52756,-20.41961],[-43.52781,-20.41967],[-43.52803,-20.41965],[-43.52932,-20.4191],[-43.53126,-20.41877],[-43.53223,-20.41828],[-43.53248,-20.4182],[-43.53312,-20.41816],[-43.53439,-20.41819],[-43.53544,-20.41836],[-43.53559,-20.41834],[-43.53619,-20.41807],[-43.53725,-20.41796],[-43.53773,-20.41783],[-43.53932,-20.41773],[-43.54053,-20.41745],[-43.54188,-20.41722],[-43.54225,-20.4172],[-43.54241,-20.41721],[-43.54306,-20.41747],[-43.54321,-20.41749],[-43.54413,-20.41737],[-43.54456,-20.41749],[-43.54548,-20.41793],[-43.54637,-20.41842],[-43.54804,-20.41998],[-43.54826,-20.42012],[-43.54848,-20.42019],[-43.55157,-20.42051],[-43.55339,-20.42061],[-43.5539,-20.42073],[-43.55436,-20.42095],[-43.55464,-20.42116],[-43.55518,-20.42188],[-43.55555,-20.42227],[-43.55612,-20.4227],[-43.55647,-20.42316],[-43.55658,-20.42341],[-43.55667,-20.42398],[-43.55665,-20.42505],[-43.55658,-20.42558],[-43.55525,-20.43155],[-43.55518,-20.43193],[-43.55522,-20.43219],[-43.55532,-20.43234],[-43.55559,-20.43253],[-43.55614,-20.43257],[-43.55637,-20.4327],[-43.55647,-20.43295],[-43.55639,-20.43347],[-43.55647,-20.43376],[-43.55663,-20.43384],[-43.55722,-20.43396],[-43.5575,-20.43417],[-43.55882,-20.43568],[-43.56106,-20.43874],[-43.56135,-20.43934],[-43.56182,-20.44005],[-43.56224,-20.44037],[-43.56254,-20.44052],[-43.56333,-20.44085],[-43.56371,-20.44093],[-43.56329,-20.44191],[-43.56313,-20.4424],[-43.56298,-20.44264],[-43.56137,-20.44385],[-43.56087,-20.44439],[-43.56051,-20.44469],[-43.56023,-20.44503],[-43.55961,-20.44614],[-43.55939,-20.44643],[-43.5587,-20.44712],[-43.55805,-20.44752],[-43.5573,-20.44786],[-43.55688,-20.44819],[-43.55671,-20.44852],[-43.55664,-20.4493],[-43.55644,-20.45036],[-43.55631,-20.45061],[-43.5559,-20.45102],[-43.55584,-20.45131],[-43.55586,-20.45183],[-43.55574,-20.45201],[-43.55528,-20.45223],[-43.55444,-20.45229],[-43.55362,-20.45221],[-43.55255,-20.45198],[-43.55236,-20.45204],[-43.55197,-20.45237],[-43.55195,-20.45252],[-43.55286,-20.45418],[-43.55308,-20.45429],[-43.55413,-20.45443],[-43.55425,-20.45457],[-43.55439,-20.45512],[-43.55486,-20.45572],[-43.55504,-20.45576],[-43.55625,-20.45552],[-43.55645,-20.45564],[-43.55658,-20.45623],[-43.5568,-20.45675],[-43.55681,-20.45688],[-43.55666,-20.45764],[-43.55674,-20.45871],[-43.55669,-20.45906],[-43.55651,-20.45967],[-43.55637,-20.45993],[-43.55613,-20.46006],[-43.55563,-20.46021],[-43.55511,-20.46013],[-43.55497,-20.46015],[-43.55485,-20.46033],[-43.55483,-20.46053],[-43.55491,-20.46083],[-43.55492,-20.46118],[-43.55488,-20.46157],[-43.55462,-20.46203],[-43.55452,-20.46246],[-43.55455,-20.46276],[-43.55486,-20.46331],[-43.55514,-20.46362],[-43.55516,-20.46376],[-43.55473,-20.46389],[-43.55407,-20.4638],[-43.55385,-20.46412],[-43.55352,-20.46516],[-43.55334,-20.46643],[-43.55285,-20.46753],[-43.5528,-20.46775],[-43.55274,-20.46881],[-43.55238,-20.46955],[-43.55253,-20.47057],[-43.5525,-20.47086],[-43.55238,-20.47126],[-43.55144,-20.47205],[-43.55101,-20.47255],[-43.55088,-20.47358],[-43.55108,-20.47408],[-43.55104,-20.47449],[-43.55044,-20.47539],[-43.55039,-20.47584],[-43.55023,-20.47603],[-43.54974,-20.47632],[-43.54933,-20.47665],[-43.549,-20.47702],[-43.54883,-20.47731],[-43.54862,-20.4786],[-43.54855,-20.47878],[-43.54799,-20.47924],[-43.54794,-20.47937],[-43.5479,-20.4798],[-43.54794,-20.48076],[-43.54874,-20.48204],[-43.54885,-20.48246],[-43.54878,-20.48292],[-43.54818,-20.48421],[-43.54794,-20.48451],[-43.54782,-20.48457],[-43.54771,-20.48458],[-43.54693,-20.48431],[-43.54671,-20.48429],[-43.54636,-20.48439],[-43.54611,-20.48461],[-43.54529,-20.48565],[-43.54453,-20.48625],[-43.54411,-20.48674],[-43.5435,-20.48699],[-43.54294,-20.48741],[-43.54233,-20.48738],[-43.54188,-20.48743],[-43.54143,-20.48756],[-43.54134,-20.48767],[-43.54136,-20.48775],[-43.54183,-20.48826],[-43.54202,-20.48876],[-43.54213,-20.48892],[-43.54213,-20.48907],[-43.54195,-20.48918],[-43.54141,-20.48929],[-43.54116,-20.4894],[-43.54101,-20.48961],[-43.54101,-20.48972],[-43.54105,-20.48984],[-43.54136,-20.49018],[-43.54215,-20.49079],[-43.54229,-20.49106],[-43.54226,-20.49123],[-43.54167,-20.4918],[-43.5414,-20.49225],[-43.54141,-20.49235],[-43.54166,-20.4927],[-43.54167,-20.49282],[-43.54162,-20.49313],[-43.54145,-20.49346],[-43.54136,-20.49353],[-43.54112,-20.49358],[-43.54041,-20.49355],[-43.54033,-20.49361],[-43.54056,-20.49393],[-43.54078,-20.49412],[-43.54096,-20.49419],[-43.54162,-20.4942],[-43.54189,-20.49411],[-43.54205,-20.49398],[-43.54213,-20.49376],[-43.54219,-20.49329],[-43.5423,-20.49314],[-43.54239,-20.4931],[-43.54256,-20.49316],[-43.5426,-20.49347],[-43.54249,-20.49389],[-43.54258,-20.49482],[-43.54254,-20.49534],[-43.54266,-20.49569],[-43.5426,-20.49607],[-43.54214,-20.49581],[-43.54205,-20.49535],[-43.54185,-20.49505],[-43.54171,-20.49495],[-43.54127,-20.4948],[-43.54061,-20.49495],[-43.54053,-20.49506],[-43.54042,-20.49545],[-43.5403,-20.49568],[-43.54001,-20.49591],[-43.53983,-20.49595],[-43.53933,-20.49586],[-43.5391,-20.49571],[-43.53869,-20.49523],[-43.5385,-20.49472],[-43.53832,-20.4946],[-43.53748,-20.49469],[-43.53699,-20.49485],[-43.53649,-20.49451],[-43.53522,-20.49464],[-43.53505,-20.49474],[-43.53497,-20.4952],[-43.53489,-20.49534],[-43.5347,-20.49552],[-43.53458,-20.49557],[-43.53443,-20.49551],[-43.5343,-20.49489],[-43.53419,-20.49481],[-43.53369,-20.49482],[-43.53335,-20.4954],[-43.53323,-20.49553],[-43.53294,-20.49572],[-43.53254,-20.49575],[-43.53237,-20.49584],[-43.53183,-20.49667],[-43.53174,-20.49673],[-43.53101,-20.49681],[-43.53044,-20.497],[-43.52991,-20.49692],[-43.52949,-20.49671],[-43.52905,-20.49668],[-43.52889,-20.49672],[-43.52786,-20.49756],[-43.52759,-20.49767],[-43.52708,-20.49778],[-43.5265,-20.49806],[-43.52632,-20.4982],[-43.52602,-20.49861],[-43.52598,-20.49876],[-43.52598,-20.49955],[-43.52594,-20.49963],[-43.52523,-20.49957],[-43.5249,-20.49968],[-43.52476,-20.49996],[-43.52495,-20.50042],[-43.52494,-20.50058],[-43.52372,-20.50151],[-43.52355,-20.50156],[-43.52285,-20.50148],[-43.52212,-20.5017],[-43.52191,-20.50161],[-43.52179,-20.50135],[-43.52163,-20.50124],[-43.52128,-20.50127],[-43.52047,-20.5015],[-43.51998,-20.50151],[-43.51985,-20.50139],[-43.51981,-20.50091],[-43.51889,-20.49959],[-43.51892,-20.50008],[-43.51908,-20.5004],[-43.51932,-20.50109],[-43.51929,-20.50137],[-43.51919,-20.50155],[-43.51909,-20.50164],[-43.5181,-20.50188],[-43.51775,-20.50203],[-43.51755,-20.5023],[-43.51737,-20.50244],[-43.51706,-20.5024],[-43.51686,-20.5023],[-43.51653,-20.50203],[-43.51616,-20.50208],[-43.51575,-20.50225],[-43.51545,-20.50249],[-43.51513,-20.50326],[-43.51468,-20.50389],[-43.51442,-20.50414],[-43.51425,-20.50419],[-43.51411,-20.50415],[-43.51404,-20.50358],[-43.51364,-20.50299],[-43.51327,-20.50268],[-43.51269,-20.50246],[-43.51203,-20.50229],[-43.51153,-20.50234],[-43.51136,-20.50253],[-43.51108,-20.50321],[-43.51038,-20.50371],[-43.51002,-20.50371],[-43.50968,-20.50379],[-43.50946,-20.5042],[-43.50867,-20.5048],[-43.5085,-20.50501],[-43.50827,-20.50562],[-43.50765,-20.50683],[-43.50741,-20.5072],[-43.5072,-20.50729],[-43.50585,-20.50739],[-43.50534,-20.5075],[-43.50482,-20.5078],[-43.50436,-20.50831],[-43.50358,-20.50962],[-43.50368,-20.51011],[-43.50363,-20.5107],[-43.50313,-20.51163],[-43.50208,-20.5132],[-43.50201,-20.51388],[-43.50169,-20.51413],[-43.50158,-20.51432],[-43.50158,-20.51458],[-43.50176,-20.5148],[-43.50166,-20.51519],[-43.50143,-20.5155],[-43.50058,-20.51587],[-43.5002,-20.51613],[-43.50011,-20.51715],[-43.5,-20.51777],[-43.49987,-20.5181],[-43.49961,-20.5184],[-43.49922,-20.51872],[-43.4989,-20.51877],[-43.49848,-20.51864],[-43.49814,-20.51835],[-43.49772,-20.5181],[-43.49756,-20.51793],[-43.49742,-20.51798],[-43.49683,-20.51905],[-43.49662,-20.51983],[-43.49633,-20.52053],[-43.49628,-20.52077],[-43.49655,-20.52126],[-43.49678,-20.52148],[-43.49707,-20.52164],[-43.49705,-20.5221],[-43.49733,-20.5229],[-43.49727,-20.5232],[-43.49655,-20.52519],[-43.49665,-20.52554],[-43.49765,-20.527],[-43.49779,-20.52755],[-43.49777,-20.52824],[-43.49799,-20.52909],[-43.49758,-20.52988],[-43.49738,-20.53061],[-43.49661,-20.53131],[-43.49646,-20.53164],[-43.49582,-20.53199],[-43.49533,-20.53204],[-43.49505,-20.53204],[-43.49422,-20.53176],[-43.49248,-20.53128],[-43.492,-20.53142],[-43.49128,-20.53135],[-43.49122,-20.53127],[-43.49127,-20.53103],[-43.49121,-20.53092],[-43.49112,-20.53094],[-43.491,-20.53117],[-43.491,-20.53137],[-43.4913,-20.53199],[-43.49163,-20.53295],[-43.49165,-20.53354],[-43.49173,-20.53396],[-43.49166,-20.53439],[-43.49179,-20.5347],[-43.49213,-20.53488],[-43.49244,-20.53478],[-43.49274,-20.53478],[-43.49305,-20.53499],[-43.49308,-20.53527],[-43.49249,-20.53589],[-43.49242,-20.53674],[-43.49286,-20.53744],[-43.49296,-20.53801],[-43.49391,-20.53898],[-43.49421,-20.53907],[-43.49472,-20.53906],[-43.49479,-20.53925],[-43.49474,-20.5394],[-43.49477,-20.53961],[-43.49496,-20.53976],[-43.49498,-20.53987],[-43.4949,-20.53998],[-43.49461,-20.54019],[-43.49461,-20.54029],[-43.49476,-20.54045],[-43.49514,-20.54056],[-43.49525,-20.54093],[-43.49534,-20.54095],[-43.49556,-20.54088],[-43.49586,-20.54045],[-43.49617,-20.54039],[-43.49582,-20.5402],[-43.49578,-20.54011],[-43.49586,-20.54004],[-43.49609,-20.53997],[-43.49628,-20.53999],[-43.49662,-20.5401],[-43.49693,-20.5403],[-43.49683,-20.54004],[-43.49703,-20.53967],[-43.49767,-20.53914],[-43.49787,-20.53889],[-43.49814,-20.53886],[-43.49875,-20.53908],[-43.49889,-20.53907],[-43.49903,-20.53884],[-43.4991,-20.53845],[-43.49928,-20.53822],[-43.49933,-20.53797],[-43.49967,-20.53775]]},"properties":{"tipo":"rota","id":"OPR-R21","rota":"ROTA 21","municipio":"Ouro Preto","id_saida":"OPR-S1","origem":"PONTO DE PARTIDA OURO PRETO","ueop":"52º BPM","cia":"248ª Cia PM","unidade":"248cia","bpm":"52bpm","modalidade":"NAO_INFORMADA","paradas":["OPR-1570"],"destinos":["CAPELA SANTA EFIGÊNIA"],"qtd_paradas":1,"urnas":1,"distancia_km":32.64,"tempo_min":49.4,"trechos":[{"km":32.64,"min":49.4}],"calculada":true,"distancia_via_m":285}},{"type":"Feature","geometry":{"type":"LineString","coordinates":[[-43.5056,-20.38455],[-43.506,-20.38455],[-43.50643,-20.38428],[-43.5068,-20.38433],[-43.50707,-20.38448],[-43.50741,-20.38524],[-43.50754,-20.38542],[-43.50774,-20.38551],[-43.50762,-20.38591],[-43.50758,-20.38641],[-43.50714,-20.38697],[-43.50701,-20.38737],[-43.5067,-20.38964],[-43.50661,-20.39072],[-43.50582,-20.39093],[-43.50508,-20.39102],[-43.50467,-20.39096],[-43.50418,-20.39082],[-43.50431,-20.39099],[-43.50528,-20.39128],[-43.50606,-20.3913],[-43.50681,-20.39169],[-43.50702,-20.39162],[-43.50759,-20.39127],[-43.50783,-20.39129],[-43.5086,-20.39152],[-43.50898,-20.39156],[-43.50927,-20.39151],[-43.50942,-20.39145],[-43.50963,-20.39125],[-43.50981,-20.39083],[-43.51017,-20.39068],[-43.51182,-20.39076],[-43.51194,-20.39087],[-43.51202,-20.39113],[-43.51211,-20.39124],[-43.51231,-20.39137],[-43.5131,-20.39171],[-43.51445,-20.39288],[-43.51473,-20.39307],[-43.51519,-20.39357],[-43.51614,-20.39403],[-43.51634,-20.39418],[-43.51701,-20.395],[-43.51778,-20.39569],[-43.51785,-20.39584],[-43.51786,-20.39668],[-43.51797,-20.39725],[-43.51832,-20.39767],[-43.51958,-20.39999],[-43.52111,-20.40313],[-43.52128,-20.40322],[-43.52146,-20.40322],[-43.52153,-20.40345],[-43.5215,-20.40354],[-43.52229,-20.40409],[-43.5236,-20.4052],[-43.52431,-20.40572],[-43.52542,-20.40669],[-43.5258,-20.40692],[-43.52625,-20.40707],[-43.52643,-20.40718],[-43.5265,-20.40728],[-43.52656,-20.40745],[-43.52637,-20.40843],[-43.52613,-20.40918],[-43.52622,-20.4101],[-43.52623,-20.41089],[-43.52657,-20.41212],[-43.52659,-20.41238],[-43.5265,-20.41383],[-43.52653,-20.41427],[-43.52676,-20.41482],[-43.52722,-20.41553],[-43.52731,-20.41584],[-43.52729,-20.41752],[-43.52751,-20.41846],[-43.52748,-20.41858],[-43.52721,-20.41896],[-43.52716,-20.41914],[-43.52718,-20.41927],[-43.52738,-20.41951],[-43.52756,-20.41961],[-43.52781,-20.41967],[-43.52803,-20.41965],[-43.52932,-20.4191],[-43.53126,-20.41877],[-43.53223,-20.41828],[-43.53248,-20.4182],[-43.53312,-20.41816],[-43.53439,-20.41819],[-43.53544,-20.41836],[-43.53559,-20.41834],[-43.53619,-20.41807],[-43.53725,-20.41796],[-43.53773,-20.41783],[-43.53932,-20.41773],[-43.54053,-20.41745],[-43.54188,-20.41722],[-43.54225,-20.4172],[-43.54241,-20.41721],[-43.54306,-20.41747],[-43.54321,-20.41749],[-43.54413,-20.41737],[-43.54456,-20.41749],[-43.54548,-20.41793],[-43.54637,-20.41842],[-43.54804,-20.41998],[-43.54826,-20.42012],[-43.54848,-20.42019],[-43.55157,-20.42051],[-43.55339,-20.42061],[-43.5539,-20.42073],[-43.55436,-20.42095],[-43.55464,-20.42116],[-43.55518,-20.42188],[-43.55555,-20.42227],[-43.55612,-20.4227],[-43.55647,-20.42316],[-43.55658,-20.42341],[-43.55667,-20.42398],[-43.55665,-20.42505],[-43.55658,-20.42558],[-43.55525,-20.43155],[-43.55518,-20.43193],[-43.55522,-20.43219],[-43.55532,-20.43234],[-43.55559,-20.43253],[-43.55614,-20.43257],[-43.55637,-20.4327],[-43.55647,-20.43295],[-43.55639,-20.43347],[-43.55647,-20.43376],[-43.55663,-20.43384],[-43.55722,-20.43396],[-43.5575,-20.43417],[-43.55882,-20.43568],[-43.56106,-20.43874],[-43.56135,-20.43934],[-43.56182,-20.44005],[-43.56224,-20.44037],[-43.56254,-20.44052],[-43.56333,-20.44085],[-43.56371,-20.44093],[-43.56329,-20.44191],[-43.56313,-20.4424],[-43.56298,-20.44264],[-43.56137,-20.44385],[-43.56087,-20.44439],[-43.56051,-20.44469],[-43.56023,-20.44503],[-43.55961,-20.44614],[-43.55939,-20.44643],[-43.5587,-20.44712],[-43.55805,-20.44752],[-43.5573,-20.44786],[-43.55688,-20.44819],[-43.55671,-20.44852],[-43.55664,-20.4493],[-43.55644,-20.45036],[-43.55631,-20.45061],[-43.5559,-20.45102],[-43.55584,-20.45131],[-43.55586,-20.45183],[-43.55574,-20.45201],[-43.55528,-20.45223],[-43.55444,-20.45229],[-43.55362,-20.45221],[-43.55255,-20.45198],[-43.55236,-20.45204],[-43.55197,-20.45237],[-43.55195,-20.45252],[-43.55286,-20.45418],[-43.55308,-20.45429],[-43.55413,-20.45443],[-43.55425,-20.45457],[-43.55439,-20.45512],[-43.55486,-20.45572],[-43.55504,-20.45576],[-43.55625,-20.45552],[-43.55645,-20.45564],[-43.55658,-20.45623],[-43.5568,-20.45675],[-43.55681,-20.45688],[-43.55666,-20.45764],[-43.55674,-20.45871],[-43.55669,-20.45906],[-43.55651,-20.45967],[-43.55637,-20.45993],[-43.55613,-20.46006],[-43.55563,-20.46021],[-43.55511,-20.46013],[-43.55497,-20.46015],[-43.55485,-20.46033],[-43.55483,-20.46053],[-43.55491,-20.46083],[-43.55492,-20.46118],[-43.55488,-20.46157],[-43.55462,-20.46203],[-43.55452,-20.46246],[-43.55455,-20.46276],[-43.55486,-20.46331],[-43.55514,-20.46362],[-43.55516,-20.46376],[-43.55473,-20.46389],[-43.55407,-20.4638],[-43.55385,-20.46412],[-43.55352,-20.46516],[-43.55334,-20.46643],[-43.55285,-20.46753],[-43.5528,-20.46775],[-43.55274,-20.46881],[-43.55238,-20.46955],[-43.55253,-20.47057],[-43.5525,-20.47086],[-43.55238,-20.47126],[-43.55144,-20.47205],[-43.55101,-20.47255],[-43.55088,-20.47358],[-43.55108,-20.47408],[-43.55104,-20.47449],[-43.55044,-20.47539],[-43.55039,-20.47584],[-43.55023,-20.47603],[-43.54974,-20.47632],[-43.54933,-20.47665],[-43.549,-20.47702],[-43.54883,-20.47731],[-43.54862,-20.4786],[-43.54855,-20.47878],[-43.54799,-20.47924],[-43.54794,-20.47937],[-43.5479,-20.4798],[-43.54794,-20.48076],[-43.54874,-20.48204],[-43.54885,-20.48246],[-43.54878,-20.48292],[-43.54832,-20.48392],[-43.54808,-20.48435],[-43.54794,-20.48451],[-43.54782,-20.48457],[-43.54771,-20.48458],[-43.54693,-20.48431],[-43.54671,-20.48429],[-43.54636,-20.48439],[-43.54611,-20.48461],[-43.54529,-20.48565],[-43.54453,-20.48625],[-43.54411,-20.48674],[-43.5435,-20.48699],[-43.54294,-20.48741],[-43.54207,-20.4874],[-43.54162,-20.48749],[-43.54138,-20.48759],[-43.54136,-20.48775],[-43.54183,-20.48826],[-43.54202,-20.48876],[-43.54213,-20.48892],[-43.54213,-20.48907],[-43.54195,-20.48918],[-43.54141,-20.48929],[-43.54116,-20.4894],[-43.54101,-20.48961],[-43.54101,-20.48972],[-43.54105,-20.48984],[-43.54136,-20.49018],[-43.54215,-20.49079],[-43.54229,-20.49106],[-43.54226,-20.49123],[-43.54167,-20.4918],[-43.5414,-20.49225],[-43.54141,-20.49235],[-43.54166,-20.4927],[-43.54167,-20.49282],[-43.54162,-20.49313],[-43.54145,-20.49346],[-43.54136,-20.49353],[-43.54112,-20.49358],[-43.54041,-20.49355],[-43.54033,-20.49361],[-43.54056,-20.49393],[-43.54078,-20.49412],[-43.54096,-20.49419],[-43.54162,-20.4942],[-43.54189,-20.49411],[-43.54205,-20.49398],[-43.54213,-20.49376],[-43.54219,-20.49329],[-43.5423,-20.49314],[-43.54239,-20.4931],[-43.54256,-20.49316],[-43.5426,-20.49347],[-43.54249,-20.49389],[-43.54258,-20.49482],[-43.54254,-20.49534],[-43.54266,-20.49569],[-43.54259,-20.49627],[-43.54264,-20.49645],[-43.54277,-20.49661],[-43.54322,-20.49687],[-43.54332,-20.49702],[-43.54337,-20.49722],[-43.54328,-20.49789],[-43.54338,-20.49934],[-43.54333,-20.49983],[-43.54341,-20.50001],[-43.5435,-20.50008],[-43.54382,-20.50018],[-43.54395,-20.50027],[-43.54451,-20.50109],[-43.54512,-20.50212],[-43.54515,-20.50232],[-43.54501,-20.50303],[-43.54513,-20.50334],[-43.54535,-20.50348],[-43.54545,-20.50348],[-43.54602,-20.50326],[-43.54675,-20.50333],[-43.54702,-20.50342],[-43.54742,-20.50343],[-43.54838,-20.50305],[-43.54867,-20.50319],[-43.54888,-20.50338],[-43.54901,-20.50355],[-43.54914,-20.50385],[-43.54908,-20.50467],[-43.54914,-20.5049],[-43.5496,-20.50548],[-43.5498,-20.50582],[-43.55033,-20.50696],[-43.55043,-20.50707],[-43.55105,-20.50745],[-43.55103,-20.5082],[-43.55094,-20.50837],[-43.55055,-20.50866],[-43.5505,-20.50884],[-43.55055,-20.5091],[-43.55079,-20.50959],[-43.55096,-20.5098],[-43.55192,-20.51033],[-43.5528,-20.51089],[-43.55293,-20.51103],[-43.55297,-20.51125],[-43.55287,-20.51176],[-43.55338,-20.51223],[-43.5536,-20.51258],[-43.5537,-20.51291],[-43.55356,-20.51333],[-43.55325,-20.51383],[-43.55318,-20.51418],[-43.55325,-20.51458],[-43.55356,-20.51539],[-43.55356,-20.51609],[-43.55349,-20.51637],[-43.55324,-20.51681],[-43.55298,-20.5175],[-43.55291,-20.51805],[-43.55296,-20.51822],[-43.55338,-20.51876],[-43.55377,-20.51949],[-43.55375,-20.51972],[-43.55366,-20.51989],[-43.55288,-20.52033],[-43.55264,-20.52056],[-43.5525,-20.52088],[-43.55248,-20.52193],[-43.55237,-20.52229],[-43.55182,-20.52318],[-43.55179,-20.52345],[-43.55189,-20.52383],[-43.55191,-20.52449],[-43.55199,-20.52465],[-43.55215,-20.52472],[-43.55324,-20.52484],[-43.55343,-20.52493],[-43.55388,-20.52536],[-43.55425,-20.52587],[-43.55445,-20.52606],[-43.5554,-20.52645],[-43.55553,-20.52656],[-43.55564,-20.52673],[-43.55567,-20.52694],[-43.55559,-20.52711],[-43.55541,-20.52723],[-43.55472,-20.52743],[-43.55412,-20.52771],[-43.5538,-20.52778],[-43.55369,-20.52785],[-43.55363,-20.52794],[-43.55363,-20.52814],[-43.55354,-20.52833],[-43.55288,-20.52915],[-43.55267,-20.52949],[-43.5526,-20.52982],[-43.55315,-20.53074],[-43.5518,-20.53339],[-43.55146,-20.53392],[-43.55099,-20.53489],[-43.55066,-20.5357],[-43.55046,-20.53569],[-43.55014,-20.53586],[-43.54937,-20.536],[-43.54863,-20.53649],[-43.54818,-20.53664],[-43.54802,-20.5369],[-43.54799,-20.53718],[-43.5479,-20.53742],[-43.54751,-20.53778],[-43.54698,-20.53848],[-43.54671,-20.53901],[-43.54621,-20.53976],[-43.54612,-20.53997],[-43.54606,-20.54057],[-43.54594,-20.54092],[-43.54604,-20.54157],[-43.54558,-20.5427],[-43.54548,-20.5431],[-43.54549,-20.54358],[-43.54511,-20.54406],[-43.54492,-20.54445],[-43.54476,-20.54456],[-43.54437,-20.54462],[-43.54421,-20.54472],[-43.54401,-20.54514],[-43.54359,-20.5456],[-43.54339,-20.54632],[-43.54338,-20.54673],[-43.54323,-20.54752],[-43.54281,-20.54811],[-43.54253,-20.54861],[-43.54173,-20.54961],[-43.54137,-20.54995],[-43.53947,-20.55148],[-43.53875,-20.55182],[-43.53811,-20.5523],[-43.53766,-20.55282],[-43.53716,-20.55357],[-43.53655,-20.55436],[-43.53534,-20.55527],[-43.5351,-20.55555],[-43.53492,-20.55608],[-43.5347,-20.5563],[-43.53431,-20.55645],[-43.53404,-20.55681],[-43.53401,-20.55702],[-43.53411,-20.55779],[-43.534,-20.55821],[-43.53402,-20.55845],[-43.53363,-20.55868],[-43.53305,-20.5589],[-43.5329,-20.55901],[-43.5322,-20.56023],[-43.53221,-20.56039],[-43.53253,-20.56079],[-43.53291,-20.56171],[-43.53294,-20.5623],[-43.53286,-20.5625],[-43.53254,-20.56266],[-43.5323,-20.56262],[-43.53132,-20.56199],[-43.53118,-20.56194],[-43.53105,-20.56197],[-43.53096,-20.56207],[-43.53093,-20.56227],[-43.53105,-20.56302],[-43.53104,-20.56316],[-43.53096,-20.56325],[-43.53076,-20.56332],[-43.5299,-20.5633],[-43.52921,-20.56344],[-43.52907,-20.56354],[-43.52869,-20.56405],[-43.52795,-20.56433],[-43.52706,-20.56481],[-43.52674,-20.56587],[-43.52657,-20.56624],[-43.52659,-20.56651],[-43.52671,-20.56676],[-43.52668,-20.56688],[-43.5261,-20.56704],[-43.52542,-20.56695],[-43.52509,-20.56698],[-43.52437,-20.5672],[-43.52317,-20.56792],[-43.52277,-20.56786],[-43.5221,-20.56806],[-43.52197,-20.56791],[-43.52175,-20.56777],[-43.52148,-20.56774],[-43.52017,-20.56792],[-43.51976,-20.56808],[-43.51954,-20.56808],[-43.51915,-20.56798],[-43.51846,-20.5676],[-43.51786,-20.5676],[-43.51733,-20.56738],[-43.51705,-20.56732],[-43.51657,-20.56744],[-43.51602,-20.5672],[-43.51494,-20.56727],[-43.51445,-20.56711],[-43.51395,-20.56789],[-43.51325,-20.5686],[-43.51304,-20.56918],[-43.51295,-20.56954],[-43.51299,-20.56969],[-43.51317,-20.56988],[-43.51354,-20.57009],[-43.51353,-20.57021],[-43.51338,-20.57027],[-43.51303,-20.57024],[-43.51177,-20.56992],[-43.51064,-20.5704],[-43.5098,-20.5708],[-43.5096,-20.57095],[-43.50908,-20.57156],[-43.50849,-20.57214],[-43.50827,-20.57261],[-43.50734,-20.5732],[-43.50675,-20.57334],[-43.50628,-20.57367],[-43.50602,-20.57378],[-43.50464,-20.57386],[-43.5044,-20.5736],[-43.50415,-20.5735],[-43.50374,-20.57369],[-43.50338,-20.57376],[-43.50293,-20.57371],[-43.50264,-20.57362],[-43.50223,-20.57335],[-43.50171,-20.57268],[-43.50077,-20.57178],[-43.50057,-20.57164],[-43.50027,-20.57156],[-43.49964,-20.57158],[-43.49931,-20.57169],[-43.49826,-20.57141],[-43.49798,-20.57143],[-43.49755,-20.57156],[-43.49732,-20.57155],[-43.49682,-20.57137],[-43.49655,-20.57134],[-43.49547,-20.57145],[-43.49535,-20.57158],[-43.49498,-20.57235],[-43.49489,-20.57239],[-43.49461,-20.57238],[-43.49451,-20.57244],[-43.49445,-20.57257],[-43.49433,-20.57293],[-43.49446,-20.57328],[-43.49441,-20.57399],[-43.49488,-20.57411],[-43.49508,-20.574],[-43.49564,-20.57398],[-43.49599,-20.57446],[-43.49588,-20.57487],[-43.49581,-20.57501],[-43.49544,-20.57522],[-43.49488,-20.57566],[-43.49427,-20.57575]]},"properties":{"tipo":"rota","id":"OPR-R22","rota":"ROTA 22","municipio":"Ouro Preto","id_saida":"OPR-S1","origem":"PONTO DE PARTIDA OURO PRETO","ueop":"52º BPM","cia":"248ª Cia PM","unidade":"248cia","bpm":"52bpm","modalidade":"NAO_INFORMADA","paradas":["OPR-1503"],"destinos":["ESCOLA MUNICIPAL PROFESSOR FRANCISCO PIGNATARO"],"qtd_paradas":1,"urnas":1,"distancia_km":36.11,"tempo_min":54.0,"trechos":[{"km":36.11,"min":54.0}],"calculada":true,"distancia_via_m":22}},{"type":"Feature","geometry":{"type":"LineString","coordinates":[[-43.5056,-20.38455],[-43.506,-20.38455],[-43.50643,-20.38428],[-43.5068,-20.38433],[-43.50707,-20.38448],[-43.50741,-20.38524],[-43.50754,-20.38542],[-43.50774,-20.38551],[-43.50762,-20.38591],[-43.50758,-20.38641],[-43.50714,-20.38697],[-43.50701,-20.38737],[-43.5067,-20.38964],[-43.50661,-20.39072],[-43.50582,-20.39093],[-43.50508,-20.39102],[-43.50467,-20.39096],[-43.50418,-20.39082],[-43.50431,-20.39099],[-43.50528,-20.39128],[-43.50606,-20.3913],[-43.50681,-20.39169],[-43.50702,-20.39162],[-43.50759,-20.39127],[-43.50783,-20.39129],[-43.5086,-20.39152],[-43.50898,-20.39156],[-43.50927,-20.39151],[-43.50942,-20.39145],[-43.50963,-20.39125],[-43.50981,-20.39083],[-43.51017,-20.39068],[-43.51182,-20.39076],[-43.51194,-20.39087],[-43.51202,-20.39113],[-43.51211,-20.39124],[-43.51231,-20.39137],[-43.5131,-20.39171],[-43.51445,-20.39288],[-43.51473,-20.39307],[-43.51519,-20.39357],[-43.51614,-20.39403],[-43.51634,-20.39418],[-43.51701,-20.395],[-43.51778,-20.39569],[-43.51785,-20.39584],[-43.51786,-20.39668],[-43.51797,-20.39725],[-43.51832,-20.39767],[-43.51958,-20.39999],[-43.52111,-20.40313],[-43.52128,-20.40322],[-43.52146,-20.40322],[-43.52153,-20.40345],[-43.5215,-20.40354],[-43.52229,-20.40409],[-43.5236,-20.4052],[-43.52431,-20.40572],[-43.52542,-20.40669],[-43.5258,-20.40692],[-43.52625,-20.40707],[-43.52643,-20.40718],[-43.5265,-20.40728],[-43.52656,-20.40745],[-43.52637,-20.40843],[-43.52613,-20.40918],[-43.52622,-20.4101],[-43.52623,-20.41089],[-43.52657,-20.41212],[-43.52659,-20.41238],[-43.5265,-20.41383],[-43.52653,-20.41427],[-43.52676,-20.41482],[-43.52722,-20.41553],[-43.52731,-20.41584],[-43.52729,-20.41752],[-43.52751,-20.41846],[-43.52748,-20.41858],[-43.52721,-20.41896],[-43.52716,-20.41914],[-43.52718,-20.41927],[-43.52738,-20.41951],[-43.52756,-20.41961],[-43.52781,-20.41967],[-43.52803,-20.41965],[-43.52932,-20.4191],[-43.53126,-20.41877],[-43.53223,-20.41828],[-43.53248,-20.4182],[-43.53312,-20.41816],[-43.53439,-20.41819],[-43.53544,-20.41836],[-43.53559,-20.41834],[-43.53619,-20.41807],[-43.53725,-20.41796],[-43.53773,-20.41783],[-43.53932,-20.41773],[-43.54053,-20.41745],[-43.54188,-20.41722],[-43.54225,-20.4172],[-43.54241,-20.41721],[-43.54306,-20.41747],[-43.54321,-20.41749],[-43.54413,-20.41737],[-43.54456,-20.41749],[-43.54548,-20.41793],[-43.54637,-20.41842],[-43.54804,-20.41998],[-43.54826,-20.42012],[-43.54848,-20.42019],[-43.55157,-20.42051],[-43.55339,-20.42061],[-43.5539,-20.42073],[-43.55436,-20.42095],[-43.55464,-20.42116],[-43.55518,-20.42188],[-43.55555,-20.42227],[-43.55612,-20.4227],[-43.55647,-20.42316],[-43.55658,-20.42341],[-43.55667,-20.42398],[-43.55665,-20.42505],[-43.55658,-20.42558],[-43.55525,-20.43155],[-43.55518,-20.43193],[-43.55522,-20.43219],[-43.55532,-20.43234],[-43.55559,-20.43253],[-43.55614,-20.43257],[-43.55637,-20.4327],[-43.55647,-20.43295],[-43.55639,-20.43347],[-43.55647,-20.43376],[-43.55663,-20.43384],[-43.55722,-20.43396],[-43.5575,-20.43417],[-43.55882,-20.43568],[-43.56106,-20.43874],[-43.56135,-20.43934],[-43.56182,-20.44005],[-43.56224,-20.44037],[-43.56254,-20.44052],[-43.56333,-20.44085],[-43.56371,-20.44093],[-43.56329,-20.44191],[-43.56313,-20.4424],[-43.56298,-20.44264],[-43.56137,-20.44385],[-43.56087,-20.44439],[-43.56051,-20.44469],[-43.56023,-20.44503],[-43.55961,-20.44614],[-43.55939,-20.44643],[-43.5587,-20.44712],[-43.55805,-20.44752],[-43.5573,-20.44786],[-43.55688,-20.44819],[-43.55671,-20.44852],[-43.55664,-20.4493],[-43.55644,-20.45036],[-43.55631,-20.45061],[-43.5559,-20.45102],[-43.55584,-20.45131],[-43.55586,-20.45183],[-43.55574,-20.45201],[-43.55528,-20.45223],[-43.55444,-20.45229],[-43.55362,-20.45221],[-43.55255,-20.45198],[-43.55236,-20.45204],[-43.55197,-20.45237],[-43.55195,-20.45252],[-43.55286,-20.45418],[-43.55308,-20.45429],[-43.55413,-20.45443],[-43.55425,-20.45457],[-43.55439,-20.45512],[-43.55486,-20.45572],[-43.55504,-20.45576],[-43.55625,-20.45552],[-43.55645,-20.45564],[-43.55658,-20.45623],[-43.5568,-20.45675],[-43.55681,-20.45688],[-43.55666,-20.45764],[-43.55674,-20.45871],[-43.55669,-20.45906],[-43.55651,-20.45967],[-43.55637,-20.45993],[-43.55613,-20.46006],[-43.55563,-20.46021],[-43.55511,-20.46013],[-43.55497,-20.46015],[-43.55485,-20.46033],[-43.55483,-20.46053],[-43.55491,-20.46083],[-43.55492,-20.46118],[-43.55488,-20.46157],[-43.55462,-20.46203],[-43.55452,-20.46246],[-43.55455,-20.46276],[-43.55486,-20.46331],[-43.55514,-20.46362],[-43.55516,-20.46376],[-43.55473,-20.46389],[-43.55407,-20.4638],[-43.55385,-20.46412],[-43.55352,-20.46516],[-43.55334,-20.46643],[-43.55285,-20.46753],[-43.5528,-20.46775],[-43.55274,-20.46881],[-43.55238,-20.46955],[-43.55253,-20.47057],[-43.5525,-20.47086],[-43.55238,-20.47126],[-43.55144,-20.47205],[-43.55101,-20.47255],[-43.55088,-20.47358],[-43.55108,-20.47408],[-43.55104,-20.47449],[-43.55044,-20.47539],[-43.55039,-20.47584],[-43.55023,-20.47603],[-43.54974,-20.47632],[-43.54933,-20.47665],[-43.549,-20.47702],[-43.54883,-20.47731],[-43.54862,-20.4786],[-43.54855,-20.47878],[-43.54799,-20.47924],[-43.54794,-20.47937],[-43.5479,-20.4798],[-43.54794,-20.48076],[-43.54874,-20.48204],[-43.54885,-20.48246],[-43.54878,-20.48292],[-43.54832,-20.48392],[-43.54808,-20.48435],[-43.54794,-20.48451],[-43.54782,-20.48457],[-43.54771,-20.48458],[-43.54693,-20.48431],[-43.54671,-20.48429],[-43.54636,-20.48439],[-43.54611,-20.48461],[-43.54529,-20.48565],[-43.54453,-20.48625],[-43.54411,-20.48674],[-43.5435,-20.48699],[-43.54294,-20.48741],[-43.54207,-20.4874],[-43.54162,-20.48749],[-43.54138,-20.48759],[-43.54136,-20.48775],[-43.54183,-20.48826],[-43.54202,-20.48876],[-43.54213,-20.48892],[-43.54213,-20.48907],[-43.54195,-20.48918],[-43.54141,-20.48929],[-43.54116,-20.4894],[-43.54101,-20.48961],[-43.54101,-20.48972],[-43.54105,-20.48984],[-43.54136,-20.49018],[-43.54215,-20.49079],[-43.54229,-20.49106],[-43.54226,-20.49123],[-43.54167,-20.4918],[-43.5414,-20.49225],[-43.54141,-20.49235],[-43.54166,-20.4927],[-43.54167,-20.49282],[-43.54162,-20.49313],[-43.54145,-20.49346],[-43.54136,-20.49353],[-43.54112,-20.49358],[-43.54041,-20.49355],[-43.54033,-20.49361],[-43.54056,-20.49393],[-43.54078,-20.49412],[-43.54096,-20.49419],[-43.54162,-20.4942],[-43.54189,-20.49411],[-43.54205,-20.49398],[-43.54213,-20.49376],[-43.54219,-20.49329],[-43.5423,-20.49314],[-43.54239,-20.4931],[-43.54256,-20.49316],[-43.5426,-20.49347],[-43.54249,-20.49389],[-43.54258,-20.49482],[-43.54254,-20.49534],[-43.54266,-20.49569],[-43.54259,-20.49627],[-43.54264,-20.49645],[-43.54277,-20.49661],[-43.54322,-20.49687],[-43.54332,-20.49702],[-43.54337,-20.49722],[-43.54328,-20.49789],[-43.54338,-20.49934],[-43.54333,-20.49983],[-43.54341,-20.50001],[-43.5435,-20.50008],[-43.54382,-20.50018],[-43.54395,-20.50027],[-43.54451,-20.50109],[-43.54512,-20.50212],[-43.54515,-20.50232],[-43.54501,-20.50303],[-43.54513,-20.50334],[-43.54535,-20.50348],[-43.54545,-20.50348],[-43.54602,-20.50326],[-43.54675,-20.50333],[-43.54702,-20.50342],[-43.54742,-20.50343],[-43.54838,-20.50305],[-43.54867,-20.50319],[-43.54888,-20.50338],[-43.54901,-20.50355],[-43.54914,-20.50385],[-43.54908,-20.50467],[-43.54914,-20.5049],[-43.5496,-20.50548],[-43.5498,-20.50582],[-43.55033,-20.50696],[-43.55043,-20.50707],[-43.55105,-20.50745],[-43.55103,-20.5082],[-43.55094,-20.50837],[-43.55055,-20.50866],[-43.5505,-20.50884],[-43.55055,-20.5091],[-43.55079,-20.50959],[-43.55096,-20.5098],[-43.55192,-20.51033],[-43.55287,-20.51095],[-43.55293,-20.51103],[-43.55297,-20.51125],[-43.55287,-20.51176],[-43.55338,-20.51223],[-43.55369,-20.5128],[-43.55367,-20.51305],[-43.55356,-20.51333],[-43.55325,-20.51383],[-43.55318,-20.51418],[-43.55325,-20.51458],[-43.55356,-20.51539],[-43.55356,-20.51609],[-43.55349,-20.51637],[-43.55324,-20.51681],[-43.55298,-20.5175],[-43.55291,-20.51805],[-43.55296,-20.51822],[-43.55338,-20.51876],[-43.55365,-20.51923],[-43.55377,-20.51949],[-43.55375,-20.51972],[-43.55366,-20.51989],[-43.55288,-20.52033],[-43.55264,-20.52056],[-43.5525,-20.52088],[-43.55248,-20.52193],[-43.55237,-20.52229],[-43.55182,-20.52318],[-43.55179,-20.52345],[-43.55189,-20.52383],[-43.55191,-20.52449],[-43.55199,-20.52465],[-43.55215,-20.52472],[-43.55324,-20.52484],[-43.55343,-20.52493],[-43.55388,-20.52536],[-43.55425,-20.52587],[-43.55445,-20.52606],[-43.5554,-20.52645],[-43.55553,-20.52656],[-43.55564,-20.52673],[-43.55567,-20.52694],[-43.55559,-20.52711],[-43.55541,-20.52723],[-43.55472,-20.52743],[-43.55412,-20.52771],[-43.5538,-20.52778],[-43.55369,-20.52785],[-43.55363,-20.52794],[-43.55363,-20.52814],[-43.55354,-20.52833],[-43.55288,-20.52915],[-43.55267,-20.52949],[-43.5526,-20.52982],[-43.55197,-20.5301],[-43.55174,-20.53025],[-43.5505,-20.53077],[-43.5506,-20.53088],[-43.55073,-20.53118]]},"properties":{"tipo":"rota","id":"OPR-R23","rota":"ROTA 23","municipio":"Ouro Preto","id_saida":"OPR-S1","origem":"PONTO DE PARTIDA OURO PRETO","ueop":"52º BPM","cia":"248ª Cia PM","unidade":"248cia","bpm":"52bpm","modalidade":"NAO_INFORMADA","paradas":["OPR-1490"],"destinos":["ESCOLA MUNICIPAL LEANDRA DONA COTA 2"],"qtd_paradas":1,"urnas":1,"distancia_km":26.0,"tempo_min":38.6,"trechos":[{"km":26.0,"min":38.6}],"calculada":true,"distancia_via_m":23}},{"type":"Feature","geometry":{"type":"LineString","coordinates":[[-43.5056,-20.38455],[-43.506,-20.38455],[-43.50643,-20.38428],[-43.5068,-20.38433],[-43.50707,-20.38448],[-43.50741,-20.38524],[-43.50754,-20.38542],[-43.50774,-20.38551],[-43.50762,-20.38591],[-43.50758,-20.38641],[-43.50714,-20.38697],[-43.50701,-20.38737],[-43.5067,-20.38964],[-43.50661,-20.39072],[-43.50582,-20.39093],[-43.50508,-20.39102],[-43.50467,-20.39096],[-43.50418,-20.39082],[-43.50431,-20.39099],[-43.50528,-20.39128],[-43.50606,-20.3913],[-43.50681,-20.39169],[-43.50702,-20.39162],[-43.50759,-20.39127],[-43.50783,-20.39129],[-43.5086,-20.39152],[-43.50898,-20.39156],[-43.50927,-20.39151],[-43.50942,-20.39145],[-43.50963,-20.39125],[-43.50981,-20.39083],[-43.51017,-20.39068],[-43.51182,-20.39076],[-43.51194,-20.39087],[-43.51202,-20.39113],[-43.51211,-20.39124],[-43.51231,-20.39137],[-43.5131,-20.39171],[-43.51445,-20.39288],[-43.51473,-20.39307],[-43.51519,-20.39357],[-43.51614,-20.39403],[-43.51634,-20.39418],[-43.51701,-20.395],[-43.51778,-20.39569],[-43.51785,-20.39584],[-43.51786,-20.39668],[-43.51797,-20.39725],[-43.51832,-20.39767],[-43.51958,-20.39999],[-43.52111,-20.40313],[-43.52128,-20.40322],[-43.52146,-20.40322],[-43.52153,-20.40345],[-43.5215,-20.40354],[-43.52229,-20.40409],[-43.5236,-20.4052],[-43.52431,-20.40572],[-43.52542,-20.40669],[-43.5258,-20.40692],[-43.52625,-20.40707],[-43.52643,-20.40718],[-43.5265,-20.40728],[-43.52656,-20.40745],[-43.52637,-20.40843],[-43.52613,-20.40918],[-43.52622,-20.4101],[-43.52623,-20.41089],[-43.52657,-20.41212],[-43.52659,-20.41238],[-43.5265,-20.41383],[-43.52653,-20.41427],[-43.52676,-20.41482],[-43.52722,-20.41553],[-43.52731,-20.41584],[-43.52729,-20.41752],[-43.52751,-20.41846],[-43.52748,-20.41858],[-43.52721,-20.41896],[-43.52716,-20.41914],[-43.52718,-20.41927],[-43.52738,-20.41951],[-43.52756,-20.41961],[-43.52781,-20.41967],[-43.52803,-20.41965],[-43.52932,-20.4191],[-43.53126,-20.41877],[-43.53223,-20.41828],[-43.53248,-20.4182],[-43.53312,-20.41816],[-43.53439,-20.41819],[-43.53544,-20.41836],[-43.53559,-20.41834],[-43.53619,-20.41807],[-43.53725,-20.41796],[-43.53773,-20.41783],[-43.53932,-20.41773],[-43.54053,-20.41745],[-43.54188,-20.41722],[-43.54225,-20.4172],[-43.54241,-20.41721],[-43.54306,-20.41747],[-43.54321,-20.41749],[-43.54413,-20.41737],[-43.54456,-20.41749],[-43.54548,-20.41793],[-43.54637,-20.41842],[-43.54804,-20.41998],[-43.54826,-20.42012],[-43.54848,-20.42019],[-43.55157,-20.42051],[-43.55339,-20.42061],[-43.5539,-20.42073],[-43.55436,-20.42095],[-43.55464,-20.42116],[-43.55518,-20.42188],[-43.55555,-20.42227],[-43.55612,-20.4227],[-43.55647,-20.42316],[-43.55658,-20.42341],[-43.55667,-20.42398],[-43.55665,-20.42505],[-43.55658,-20.42558],[-43.55525,-20.43155],[-43.55518,-20.43193],[-43.55522,-20.43219],[-43.55532,-20.43234],[-43.55559,-20.43253],[-43.55614,-20.43257],[-43.55637,-20.4327],[-43.55647,-20.43295],[-43.55639,-20.43347],[-43.55647,-20.43376],[-43.55663,-20.43384],[-43.55722,-20.43396],[-43.5575,-20.43417],[-43.55882,-20.43568],[-43.56106,-20.43874],[-43.56135,-20.43934],[-43.56182,-20.44005],[-43.56224,-20.44037],[-43.56254,-20.44052],[-43.56333,-20.44085],[-43.56371,-20.44093],[-43.56329,-20.44191],[-43.56313,-20.4424],[-43.56298,-20.44264],[-43.56137,-20.44385],[-43.56087,-20.44439],[-43.56051,-20.44469],[-43.56023,-20.44503],[-43.55961,-20.44614],[-43.55939,-20.44643],[-43.5587,-20.44712],[-43.55805,-20.44752],[-43.5573,-20.44786],[-43.55688,-20.44819],[-43.55671,-20.44852],[-43.55664,-20.4493],[-43.55644,-20.45036],[-43.55631,-20.45061],[-43.5559,-20.45102],[-43.55584,-20.45131],[-43.55586,-20.45183],[-43.55574,-20.45201],[-43.55528,-20.45223],[-43.55444,-20.45229],[-43.55362,-20.45221],[-43.55255,-20.45198],[-43.55236,-20.45204],[-43.55197,-20.45237],[-43.55195,-20.45252],[-43.55286,-20.45418],[-43.55308,-20.45429],[-43.55413,-20.45443],[-43.55425,-20.45457],[-43.55439,-20.45512],[-43.55486,-20.45572],[-43.55504,-20.45576],[-43.55625,-20.45552],[-43.55645,-20.45564],[-43.55658,-20.45623],[-43.5568,-20.45675],[-43.55681,-20.45688],[-43.55666,-20.45764],[-43.55674,-20.45871],[-43.55669,-20.45906],[-43.55651,-20.45967],[-43.55637,-20.45993],[-43.55613,-20.46006],[-43.55563,-20.46021],[-43.55511,-20.46013],[-43.55497,-20.46015],[-43.55485,-20.46033],[-43.55483,-20.46053],[-43.55491,-20.46083],[-43.55492,-20.46118],[-43.55488,-20.46157],[-43.55462,-20.46203],[-43.55452,-20.46246],[-43.55455,-20.46276],[-43.55486,-20.46331],[-43.55514,-20.46362],[-43.55516,-20.46376],[-43.55473,-20.46389],[-43.55407,-20.4638],[-43.55385,-20.46412],[-43.55352,-20.46516],[-43.55334,-20.46643],[-43.55285,-20.46753],[-43.5528,-20.46775],[-43.55274,-20.46881],[-43.55238,-20.46955],[-43.55253,-20.47057],[-43.5525,-20.47086],[-43.55238,-20.47126],[-43.55144,-20.47205],[-43.55101,-20.47255],[-43.55088,-20.47358],[-43.55108,-20.47408],[-43.55104,-20.47449],[-43.55044,-20.47539],[-43.55039,-20.47584],[-43.55023,-20.47603],[-43.54974,-20.47632],[-43.54933,-20.47665],[-43.549,-20.47702],[-43.54883,-20.47731],[-43.54862,-20.4786],[-43.54855,-20.47878],[-43.54799,-20.47924],[-43.54794,-20.47937],[-43.5479,-20.4798],[-43.54794,-20.48076],[-43.54874,-20.48204],[-43.54885,-20.48246],[-43.54878,-20.48292],[-43.54832,-20.48392],[-43.54808,-20.48435],[-43.54794,-20.48451],[-43.54782,-20.48457],[-43.54771,-20.48458],[-43.54693,-20.48431],[-43.54671,-20.48429],[-43.54636,-20.48439],[-43.54611,-20.48461],[-43.54529,-20.48565],[-43.54453,-20.48625],[-43.54411,-20.48674],[-43.5435,-20.48699],[-43.54294,-20.48741],[-43.54207,-20.4874],[-43.54162,-20.48749],[-43.54138,-20.48759],[-43.54136,-20.48775],[-43.54183,-20.48826],[-43.54202,-20.48876],[-43.54213,-20.48892],[-43.54213,-20.48907],[-43.54195,-20.48918],[-43.54141,-20.48929],[-43.54116,-20.4894],[-43.54101,-20.48961],[-43.54101,-20.48972],[-43.54105,-20.48984],[-43.54136,-20.49018],[-43.54215,-20.49079],[-43.54229,-20.49106],[-43.54226,-20.49123],[-43.54167,-20.4918],[-43.5414,-20.49225],[-43.54141,-20.49235],[-43.54166,-20.4927],[-43.54167,-20.49282],[-43.54162,-20.49313],[-43.54145,-20.49346],[-43.54136,-20.49353],[-43.54112,-20.49358],[-43.54041,-20.49355],[-43.54033,-20.49361],[-43.54056,-20.49393],[-43.54078,-20.49412],[-43.54096,-20.49419],[-43.54162,-20.4942],[-43.54189,-20.49411],[-43.54205,-20.49398],[-43.54213,-20.49376],[-43.54219,-20.49329],[-43.5423,-20.49314],[-43.54239,-20.4931],[-43.54256,-20.49316],[-43.5426,-20.49347],[-43.54249,-20.49389],[-43.54258,-20.49482],[-43.54254,-20.49534],[-43.54266,-20.49569],[-43.54259,-20.49627],[-43.54264,-20.49645],[-43.54277,-20.49661],[-43.54322,-20.49687],[-43.54332,-20.49702],[-43.54337,-20.49722],[-43.54328,-20.49789],[-43.54338,-20.49934],[-43.54333,-20.49983],[-43.54341,-20.50001],[-43.5435,-20.50008],[-43.54382,-20.50018],[-43.54395,-20.50027],[-43.54451,-20.50109],[-43.54512,-20.50212],[-43.54515,-20.50232],[-43.54501,-20.50303],[-43.54513,-20.50334],[-43.54535,-20.50348],[-43.54545,-20.50348],[-43.54602,-20.50326],[-43.54675,-20.50333],[-43.54702,-20.50342],[-43.54742,-20.50343],[-43.54838,-20.50305],[-43.54867,-20.50319],[-43.54888,-20.50338],[-43.54901,-20.50355],[-43.54914,-20.50385],[-43.54908,-20.50467],[-43.54914,-20.5049],[-43.5496,-20.50548],[-43.5498,-20.50582],[-43.55033,-20.50696],[-43.55043,-20.50707],[-43.55105,-20.50745],[-43.55103,-20.5082],[-43.55094,-20.50837],[-43.55055,-20.50866],[-43.5505,-20.50884],[-43.55055,-20.5091],[-43.55079,-20.50959],[-43.55096,-20.5098],[-43.55192,-20.51033],[-43.55287,-20.51095],[-43.55293,-20.51103],[-43.55297,-20.51125],[-43.55287,-20.51176],[-43.55338,-20.51223],[-43.55369,-20.5128],[-43.55367,-20.51305],[-43.55356,-20.51333],[-43.55325,-20.51383],[-43.55318,-20.51418],[-43.55325,-20.51458],[-43.55356,-20.51539],[-43.55356,-20.51609],[-43.55349,-20.51637],[-43.55324,-20.51681],[-43.55298,-20.5175],[-43.55291,-20.51805],[-43.55296,-20.51822],[-43.55338,-20.51876],[-43.55365,-20.51923],[-43.55377,-20.51949],[-43.55375,-20.51972],[-43.55366,-20.51989],[-43.55288,-20.52033],[-43.55264,-20.52056],[-43.5525,-20.52088],[-43.55248,-20.52193],[-43.55237,-20.52229],[-43.55182,-20.52318],[-43.55179,-20.52345],[-43.55189,-20.52383],[-43.55191,-20.52449],[-43.55199,-20.52465],[-43.55215,-20.52472],[-43.55324,-20.52484],[-43.55343,-20.52493],[-43.55388,-20.52536],[-43.55425,-20.52587],[-43.55445,-20.52606],[-43.5554,-20.52645],[-43.55553,-20.52656],[-43.55564,-20.52673],[-43.55567,-20.52694],[-43.55559,-20.52711],[-43.55541,-20.52723],[-43.55472,-20.52743],[-43.55412,-20.52771],[-43.5538,-20.52778],[-43.55369,-20.52785],[-43.55363,-20.52794],[-43.55363,-20.52814],[-43.55354,-20.52833],[-43.55288,-20.52915],[-43.55267,-20.52949],[-43.5526,-20.52982],[-43.55085,-20.53063],[-43.55112,-20.53155],[-43.55122,-20.5321]]},"properties":{"tipo":"rota","id":"OPR-R24","rota":"ROTA 24","municipio":"Ouro Preto","id_saida":"OPR-S1","origem":"PONTO DE PARTIDA OURO PRETO","ueop":"52º BPM","cia":"248ª Cia PM","unidade":"248cia","bpm":"52bpm","modalidade":"NAO_INFORMADA","paradas":["OPR-1481"],"destinos":["ESCOLA MUNICIPAL PADRE MARTINS"],"qtd_paradas":1,"urnas":1,"distancia_km":26.08,"tempo_min":38.8,"trechos":[{"km":26.08,"min":38.8}],"calculada":true,"distancia_via_m":15}},{"type":"Feature","geometry":{"type":"LineString","coordinates":[[-43.5056,-20.38455],[-43.506,-20.38455],[-43.50643,-20.38428],[-43.5068,-20.38433],[-43.50707,-20.38448],[-43.50741,-20.38524],[-43.50754,-20.38542],[-43.50774,-20.38551],[-43.50762,-20.38591],[-43.50758,-20.38641],[-43.50714,-20.38697],[-43.50701,-20.38737],[-43.5067,-20.38964],[-43.50661,-20.39072],[-43.50582,-20.39093],[-43.50508,-20.39102],[-43.50467,-20.39096],[-43.50418,-20.39082],[-43.50431,-20.39099],[-43.50528,-20.39128],[-43.50606,-20.3913],[-43.50681,-20.39169],[-43.50702,-20.39162],[-43.50759,-20.39127],[-43.50783,-20.39129],[-43.5086,-20.39152],[-43.50898,-20.39156],[-43.50927,-20.39151],[-43.50942,-20.39145],[-43.50963,-20.39125],[-43.50981,-20.39083],[-43.51017,-20.39068],[-43.51182,-20.39076],[-43.51194,-20.39087],[-43.51202,-20.39113],[-43.51211,-20.39124],[-43.51231,-20.39137],[-43.5131,-20.39171],[-43.51445,-20.39288],[-43.51473,-20.39307],[-43.51519,-20.39357],[-43.51614,-20.39403],[-43.51634,-20.39418],[-43.51701,-20.395],[-43.51778,-20.39569],[-43.51785,-20.39584],[-43.51786,-20.39668],[-43.51797,-20.39725],[-43.51832,-20.39767],[-43.51958,-20.39999],[-43.52111,-20.40313],[-43.52128,-20.40322],[-43.52146,-20.40322],[-43.52153,-20.40345],[-43.5215,-20.40354],[-43.52229,-20.40409],[-43.5236,-20.4052],[-43.52431,-20.40572],[-43.52542,-20.40669],[-43.5258,-20.40692],[-43.52625,-20.40707],[-43.52643,-20.40718],[-43.5265,-20.40728],[-43.52656,-20.40745],[-43.52637,-20.40843],[-43.52614,-20.40911],[-43.52613,-20.4093],[-43.52622,-20.4101],[-43.52623,-20.41089],[-43.52658,-20.41224],[-43.5265,-20.41383],[-43.52653,-20.41427],[-43.52676,-20.41482],[-43.52722,-20.41553],[-43.52731,-20.41584],[-43.52729,-20.41752],[-43.52751,-20.41846],[-43.52748,-20.41858],[-43.52721,-20.41896],[-43.52716,-20.41914],[-43.52724,-20.41937],[-43.52756,-20.41961],[-43.52781,-20.41967],[-43.52803,-20.41965],[-43.52932,-20.4191],[-43.53126,-20.41877],[-43.53223,-20.41828],[-43.53248,-20.4182],[-43.53312,-20.41816],[-43.53439,-20.41819],[-43.53544,-20.41836],[-43.53559,-20.41834],[-43.53619,-20.41807],[-43.53725,-20.41796],[-43.53773,-20.41783],[-43.53932,-20.41773],[-43.54053,-20.41745],[-43.54188,-20.41722],[-43.54225,-20.4172],[-43.54241,-20.41721],[-43.54306,-20.41747],[-43.54321,-20.41749],[-43.54413,-20.41737],[-43.54456,-20.41749],[-43.54548,-20.41793],[-43.54637,-20.41842],[-43.54804,-20.41998],[-43.54826,-20.42012],[-43.54848,-20.42019],[-43.55157,-20.42051],[-43.55339,-20.42061],[-43.5539,-20.42073],[-43.55436,-20.42095],[-43.55464,-20.42116],[-43.55518,-20.42188],[-43.55555,-20.42227],[-43.55612,-20.4227],[-43.55647,-20.42316],[-43.55658,-20.42341],[-43.55667,-20.42398],[-43.55665,-20.42505],[-43.55658,-20.42558],[-43.55525,-20.43155],[-43.55518,-20.43193],[-43.55522,-20.43219],[-43.55532,-20.43234],[-43.55559,-20.43253],[-43.55614,-20.43257],[-43.55637,-20.4327],[-43.55647,-20.43295],[-43.55639,-20.43347],[-43.55647,-20.43376],[-43.55663,-20.43384],[-43.55722,-20.43396],[-43.5575,-20.43417],[-43.55882,-20.43568],[-43.56106,-20.43874],[-43.56135,-20.43934],[-43.56182,-20.44005],[-43.56224,-20.44037],[-43.56254,-20.44052],[-43.56333,-20.44085],[-43.56371,-20.44093],[-43.56307,-20.44253],[-43.56286,-20.44274],[-43.56137,-20.44385],[-43.56087,-20.44439],[-43.56051,-20.44469],[-43.56023,-20.44503],[-43.55961,-20.44614],[-43.55939,-20.44643],[-43.5587,-20.44712],[-43.55805,-20.44752],[-43.5573,-20.44786],[-43.55688,-20.44819],[-43.55671,-20.44852],[-43.55664,-20.4493],[-43.55644,-20.45036],[-43.55631,-20.45061],[-43.5559,-20.45102],[-43.55584,-20.45131],[-43.55586,-20.45183],[-43.55574,-20.45201],[-43.55561,-20.4521],[-43.55528,-20.45223],[-43.55444,-20.45229],[-43.55394,-20.45226],[-43.55246,-20.45199],[-43.55197,-20.45237],[-43.55175,-20.45319],[-43.55151,-20.45353],[-43.55122,-20.45372],[-43.55084,-20.45383],[-43.55063,-20.45382],[-43.55017,-20.45366],[-43.54956,-20.45315],[-43.54898,-20.4525],[-43.54835,-20.45221],[-43.54814,-20.45217],[-43.54665,-20.45214],[-43.54556,-20.45203],[-43.54505,-20.45203],[-43.54366,-20.45247],[-43.54335,-20.45266],[-43.54258,-20.45331],[-43.54088,-20.45488],[-43.54034,-20.45498],[-43.53988,-20.45515],[-43.5391,-20.45495],[-43.53868,-20.4549],[-43.53778,-20.45504],[-43.53746,-20.4552],[-43.53674,-20.45584],[-43.53636,-20.45601],[-43.53513,-20.45629],[-43.53417,-20.45682],[-43.53398,-20.45705],[-43.53361,-20.45769],[-43.53337,-20.45794],[-43.53158,-20.4588],[-43.53088,-20.45938],[-43.5298,-20.4601],[-43.52942,-20.46042],[-43.52914,-20.46079],[-43.52839,-20.46278],[-43.52811,-20.46309],[-43.52697,-20.46331],[-43.52672,-20.46318],[-43.52649,-20.46289],[-43.52631,-20.46284],[-43.52593,-20.46289],[-43.52547,-20.46284],[-43.52515,-20.46288],[-43.52431,-20.46312],[-43.52414,-20.4632],[-43.52399,-20.46335],[-43.52383,-20.46419],[-43.52374,-20.46432],[-43.52335,-20.46437],[-43.52296,-20.46469],[-43.52223,-20.46465],[-43.52195,-20.46476],[-43.5219,-20.46486],[-43.52195,-20.46496],[-43.52238,-20.46512],[-43.52243,-20.46524],[-43.5222,-20.46551],[-43.52185,-20.46619],[-43.52177,-20.46679],[-43.52182,-20.46778],[-43.52172,-20.46825],[-43.52199,-20.46882],[-43.5221,-20.4694],[-43.52239,-20.46973],[-43.52236,-20.46982],[-43.52226,-20.4699],[-43.52198,-20.47002],[-43.52208,-20.47049],[-43.52192,-20.47084],[-43.52157,-20.47119],[-43.52115,-20.47141],[-43.52115,-20.47161],[-43.52121,-20.47194],[-43.52133,-20.47214],[-43.52196,-20.47285],[-43.52227,-20.47327],[-43.52268,-20.47365],[-43.52284,-20.47394],[-43.52283,-20.47428],[-43.52271,-20.47479],[-43.52266,-20.47528],[-43.52257,-20.4755],[-43.52247,-20.47563],[-43.52218,-20.47576],[-43.51987,-20.47614],[-43.51947,-20.47638],[-43.519,-20.47657],[-43.51823,-20.47705],[-43.5184,-20.47757],[-43.51869,-20.47809],[-43.51833,-20.47828],[-43.51804,-20.47837],[-43.51796,-20.47886],[-43.51805,-20.47895],[-43.5184,-20.4788],[-43.51846,-20.47885],[-43.51804,-20.47936],[-43.51719,-20.48005],[-43.51715,-20.48021],[-43.51698,-20.48041],[-43.51686,-20.48068],[-43.51681,-20.48096],[-43.51632,-20.48136],[-43.51616,-20.48156],[-43.51549,-20.48188],[-43.51439,-20.48213],[-43.51391,-20.48211],[-43.51357,-20.48215],[-43.51216,-20.48254],[-43.51102,-20.48304],[-43.51083,-20.48308],[-43.50991,-20.48406],[-43.50984,-20.48431],[-43.5102,-20.48455],[-43.51048,-20.48483],[-43.51059,-20.48507],[-43.5106,-20.48532],[-43.51045,-20.48558],[-43.50996,-20.48577],[-43.50938,-20.48617],[-43.50888,-20.48617],[-43.50795,-20.48636],[-43.50792,-20.48646],[-43.50819,-20.48669],[-43.50812,-20.48679],[-43.50775,-20.48697],[-43.50745,-20.48723],[-43.50704,-20.48732],[-43.50691,-20.48742],[-43.50657,-20.48723],[-43.50646,-20.48731],[-43.50598,-20.48843],[-43.50579,-20.48864],[-43.50523,-20.48882],[-43.50508,-20.48891],[-43.50499,-20.48905],[-43.50514,-20.48918],[-43.50573,-20.48892],[-43.50598,-20.48898],[-43.50614,-20.48886],[-43.50634,-20.48847],[-43.50646,-20.48844],[-43.50655,-20.48848],[-43.50665,-20.48928],[-43.50677,-20.48939],[-43.50694,-20.48943],[-43.50704,-20.48935],[-43.50704,-20.48924],[-43.50684,-20.48901],[-43.50684,-20.48891],[-43.50697,-20.48891],[-43.50717,-20.48903],[-43.50724,-20.48922],[-43.50719,-20.48954],[-43.50709,-20.48969],[-43.50655,-20.48969],[-43.50636,-20.48956],[-43.50624,-20.48964],[-43.50618,-20.48979],[-43.50606,-20.48986],[-43.50588,-20.48985],[-43.50555,-20.48997],[-43.50508,-20.49034],[-43.50414,-20.4905],[-43.50392,-20.49071],[-43.50303,-20.49107],[-43.50272,-20.49124],[-43.50243,-20.49131],[-43.50241,-20.49137],[-43.50267,-20.49149],[-43.5027,-20.49164],[-43.5026,-20.49174],[-43.50244,-20.49177],[-43.50205,-20.49167],[-43.50111,-20.49228],[-43.50084,-20.4927],[-43.50093,-20.49298],[-43.50113,-20.4933],[-43.50112,-20.49354],[-43.50075,-20.49396],[-43.5008,-20.49423],[-43.50078,-20.49461],[-43.50066,-20.49478],[-43.50049,-20.49481],[-43.49999,-20.49457],[-43.49982,-20.49433],[-43.49976,-20.49399],[-43.4996,-20.49372],[-43.49905,-20.49359],[-43.49863,-20.4936],[-43.49848,-20.49388],[-43.49829,-20.49407],[-43.49779,-20.49411],[-43.49738,-20.49435],[-43.4969,-20.49421],[-43.49669,-20.49424],[-43.49657,-20.49435],[-43.49656,-20.49461],[-43.49668,-20.49485],[-43.49729,-20.49502],[-43.49744,-20.4952],[-43.49741,-20.49536],[-43.49708,-20.4955],[-43.49698,-20.49559],[-43.49673,-20.49564],[-43.49651,-20.49585],[-43.49635,-20.49593],[-43.49623,-20.49595],[-43.49607,-20.49586],[-43.49599,-20.49564],[-43.496,-20.49552],[-43.49591,-20.49538],[-43.49562,-20.49524],[-43.49526,-20.49497],[-43.4951,-20.4949],[-43.49442,-20.49496],[-43.49405,-20.49481],[-43.4939,-20.49464],[-43.4938,-20.49463],[-43.49325,-20.4951],[-43.49304,-20.49553],[-43.49293,-20.49554],[-43.49257,-20.4954],[-43.49223,-20.49542],[-43.49186,-20.49581],[-43.49178,-20.49599],[-43.49163,-20.49612],[-43.49135,-20.49622],[-43.49125,-20.49622],[-43.49117,-20.49615],[-43.49113,-20.4959],[-43.491,-20.49585],[-43.49045,-20.49588],[-43.4895,-20.49613],[-43.48914,-20.49608],[-43.48881,-20.4962],[-43.48852,-20.49622],[-43.48812,-20.49617],[-43.48778,-20.4962],[-43.48715,-20.49608],[-43.48664,-20.49583],[-43.48623,-20.49613],[-43.48575,-20.49624],[-43.48565,-20.49618],[-43.48548,-20.49577],[-43.48488,-20.49576],[-43.48412,-20.49538],[-43.48394,-20.49535],[-43.48377,-20.49541],[-43.48362,-20.49573],[-43.48327,-20.4961],[-43.48314,-20.49655],[-43.48301,-20.49668],[-43.48276,-20.49674],[-43.48255,-20.49663],[-43.4824,-20.49623],[-43.48243,-20.49588],[-43.48253,-20.49567],[-43.48251,-20.49555],[-43.48232,-20.49549],[-43.48215,-20.49536],[-43.48192,-20.49535],[-43.48161,-20.49543],[-43.48105,-20.49582],[-43.48038,-20.49591],[-43.48015,-20.49611],[-43.48,-20.49615],[-43.47962,-20.49608],[-43.47918,-20.49623],[-43.47908,-20.49616],[-43.47906,-20.49604],[-43.47893,-20.49594],[-43.47864,-20.4959],[-43.47851,-20.4959],[-43.47825,-20.49606],[-43.47805,-20.49608],[-43.4775,-20.49588],[-43.47737,-20.49573],[-43.47721,-20.49493],[-43.47706,-20.49466],[-43.47696,-20.49463],[-43.47622,-20.49475],[-43.47483,-20.4952],[-43.47354,-20.49525],[-43.4731,-20.49534],[-43.47249,-20.49555],[-43.47178,-20.49559],[-43.4713,-20.49587],[-43.47041,-20.49609],[-43.46997,-20.4965],[-43.46967,-20.49698],[-43.46956,-20.49705],[-43.46942,-20.49702],[-43.46924,-20.4969],[-43.46899,-20.49687],[-43.46865,-20.49718],[-43.4684,-20.49731],[-43.46813,-20.49736],[-43.46768,-20.49732],[-43.46745,-20.49735],[-43.46663,-20.49766],[-43.46585,-20.49819],[-43.46519,-20.49819],[-43.46501,-20.49815],[-43.46459,-20.49835],[-43.46431,-20.49842],[-43.46431,-20.4988],[-43.46424,-20.49911],[-43.46393,-20.49965],[-43.46372,-20.49987],[-43.46361,-20.50021],[-43.46374,-20.50034],[-43.46386,-20.50068],[-43.46407,-20.50091],[-43.46429,-20.50127],[-43.46479,-20.50151],[-43.46507,-20.50174],[-43.46518,-20.50194],[-43.46528,-20.50228],[-43.46519,-20.50279],[-43.46519,-20.50307],[-43.46531,-20.50319],[-43.46554,-20.50315],[-43.46597,-20.50265],[-43.4662,-20.5025],[-43.46663,-20.50253],[-43.46675,-20.50261],[-43.46679,-20.50275],[-43.4666,-20.50304],[-43.46655,-20.50322],[-43.46657,-20.5039],[-43.46633,-20.5043],[-43.46621,-20.50461],[-43.46622,-20.50472],[-43.4665,-20.50501],[-43.4665,-20.50514],[-43.46591,-20.50561],[-43.46574,-20.50585],[-43.46578,-20.50639],[-43.46583,-20.50662],[-43.46597,-20.50692],[-43.46596,-20.50711],[-43.46543,-20.50803],[-43.46507,-20.50849],[-43.4647,-20.50885],[-43.46396,-20.509],[-43.46331,-20.50946],[-43.46324,-20.50965],[-43.46323,-20.50988],[-43.46315,-20.51004],[-43.46301,-20.51015],[-43.46275,-20.51023],[-43.46227,-20.50975],[-43.46177,-20.50883],[-43.46168,-20.50876],[-43.46158,-20.50874],[-43.46137,-20.5088],[-43.46125,-20.50897],[-43.46123,-20.50982],[-43.46135,-20.51012],[-43.46131,-20.51033],[-43.46122,-20.5104],[-43.46112,-20.51041],[-43.4609,-20.51033],[-43.46064,-20.51014],[-43.46016,-20.50953],[-43.45988,-20.50933],[-43.45959,-20.50924],[-43.45949,-20.50926],[-43.45936,-20.50954],[-43.45934,-20.50997],[-43.45893,-20.51034],[-43.4587,-20.51103],[-43.45858,-20.5112],[-43.45837,-20.51123],[-43.45784,-20.51114],[-43.45753,-20.51127],[-43.45742,-20.51127],[-43.45706,-20.51105],[-43.45628,-20.5111],[-43.45619,-20.51103],[-43.45603,-20.51072],[-43.45583,-20.51046],[-43.45574,-20.5104],[-43.45545,-20.51035],[-43.45537,-20.51042],[-43.45535,-20.51053],[-43.45541,-20.51109],[-43.45538,-20.51132],[-43.45524,-20.51148],[-43.45484,-20.51164],[-43.45475,-20.51181],[-43.45484,-20.51253],[-43.45477,-20.51261],[-43.45439,-20.5128],[-43.45417,-20.51304],[-43.45414,-20.51313],[-43.45428,-20.51341],[-43.45469,-20.51364],[-43.45482,-20.51382],[-43.45484,-20.51393],[-43.4547,-20.51411],[-43.45451,-20.51423],[-43.4539,-20.51431],[-43.4538,-20.51436],[-43.45363,-20.5145],[-43.45346,-20.51476],[-43.45343,-20.51498],[-43.45358,-20.51515],[-43.45405,-20.51547],[-43.45427,-20.51574],[-43.45431,-20.516],[-43.45404,-20.51634],[-43.45266,-20.51732],[-43.45228,-20.51752],[-43.45193,-20.51778],[-43.45079,-20.51823],[-43.45057,-20.51825],[-43.45025,-20.51817],[-43.44982,-20.51789],[-43.44925,-20.5172],[-43.44882,-20.51695],[-43.44848,-20.51689],[-43.44818,-20.51701],[-43.44804,-20.51718],[-43.44816,-20.51782],[-43.44795,-20.51818],[-43.44771,-20.5182],[-43.44689,-20.51854],[-43.44636,-20.51839],[-43.44554,-20.51828],[-43.44521,-20.51828],[-43.44503,-20.51917],[-43.44469,-20.52028],[-43.44464,-20.52078],[-43.44452,-20.52104],[-43.4443,-20.5213],[-43.44425,-20.5215],[-43.44424,-20.5216],[-43.44434,-20.5218],[-43.44466,-20.52311],[-43.44454,-20.52377],[-43.44439,-20.52394],[-43.44429,-20.52397],[-43.44407,-20.52397],[-43.44311,-20.52367],[-43.44287,-20.52368],[-43.4427,-20.52382],[-43.44268,-20.52435],[-43.44275,-20.52468],[-43.44309,-20.52512],[-43.44319,-20.52545],[-43.44289,-20.52599],[-43.44275,-20.52615],[-43.44222,-20.52625],[-43.44204,-20.52638],[-43.44203,-20.52649],[-43.44209,-20.52659],[-43.4426,-20.52681],[-43.44271,-20.52699],[-43.44271,-20.52734],[-43.44228,-20.52801],[-43.44199,-20.52859],[-43.44151,-20.52909],[-43.44147,-20.5294],[-43.44133,-20.52954],[-43.44122,-20.52951],[-43.44104,-20.52933],[-43.44062,-20.52928],[-43.44022,-20.52906],[-43.43984,-20.52835],[-43.43954,-20.52822],[-43.43891,-20.52781],[-43.43864,-20.52757],[-43.43838,-20.52722],[-43.43766,-20.52661],[-43.4374,-20.52627],[-43.43706,-20.52626],[-43.43683,-20.5265],[-43.43651,-20.52656],[-43.43625,-20.5269],[-43.43591,-20.52717],[-43.43579,-20.52746],[-43.43591,-20.52786],[-43.43587,-20.52859],[-43.436,-20.52911],[-43.4364,-20.52986],[-43.43648,-20.53017],[-43.43628,-20.53023],[-43.43575,-20.53015],[-43.43565,-20.5302],[-43.43563,-20.5303],[-43.43584,-20.5304],[-43.43607,-20.53044],[-43.43615,-20.53052],[-43.43615,-20.53072],[-43.43654,-20.53159],[-43.43643,-20.5319],[-43.43599,-20.53254],[-43.4357,-20.53314],[-43.43558,-20.53365],[-43.43543,-20.53403],[-43.43479,-20.53481],[-43.4347,-20.53511],[-43.43468,-20.53559]]},"properties":{"tipo":"rota","id":"OPR-R25","rota":"ROTA 25","municipio":"Ouro Preto","id_saida":"OPR-S1","origem":"PONTO DE PARTIDA OURO PRETO","ueop":"52º BPM","cia":"248ª Cia PM","unidade":"248cia","bpm":"52bpm","modalidade":"NAO_INFORMADA","paradas":["OPR-1597"],"destinos":["ESCOLA MUNICIPAL PROFESSOR WASHINGTON ANDRADE"],"qtd_paradas":1,"urnas":1,"distancia_km":37.39,"tempo_min":59.5,"trechos":[{"km":37.39,"min":59.5}],"calculada":true,"distancia_via_m":573}},{"type":"Feature","geometry":{"type":"LineString","coordinates":[[-43.5056,-20.38455],[-43.506,-20.38455],[-43.50643,-20.38428],[-43.5068,-20.38433],[-43.50707,-20.38448],[-43.50741,-20.38524],[-43.50754,-20.38542],[-43.50774,-20.38551],[-43.50762,-20.38591],[-43.50758,-20.38641],[-43.50714,-20.38697],[-43.50701,-20.38737],[-43.5067,-20.38964],[-43.50661,-20.39072],[-43.50582,-20.39093],[-43.50508,-20.39102],[-43.50467,-20.39096],[-43.50418,-20.39082],[-43.50431,-20.39099],[-43.50528,-20.39128],[-43.50606,-20.3913],[-43.50681,-20.39169],[-43.50702,-20.39162],[-43.50759,-20.39127],[-43.50783,-20.39129],[-43.5086,-20.39152],[-43.50898,-20.39156],[-43.50927,-20.39151],[-43.50942,-20.39145],[-43.50963,-20.39125],[-43.50981,-20.39083],[-43.51017,-20.39068],[-43.51182,-20.39076],[-43.51194,-20.39087],[-43.51202,-20.39113],[-43.51211,-20.39124],[-43.51231,-20.39137],[-43.5131,-20.39171],[-43.51445,-20.39288],[-43.51473,-20.39307],[-43.51519,-20.39357],[-43.51614,-20.39403],[-43.51634,-20.39418],[-43.51701,-20.395],[-43.51778,-20.39569],[-43.51785,-20.39584],[-43.51786,-20.39668],[-43.51797,-20.39725],[-43.51832,-20.39767],[-43.51958,-20.39999],[-43.52111,-20.40313],[-43.52128,-20.40322],[-43.52146,-20.40322],[-43.52153,-20.40345],[-43.5215,-20.40354],[-43.52229,-20.40409],[-43.5236,-20.4052],[-43.52431,-20.40572],[-43.52542,-20.40669],[-43.5258,-20.40692],[-43.52625,-20.40707],[-43.52643,-20.40718],[-43.5265,-20.40728],[-43.52656,-20.40745],[-43.52637,-20.40843],[-43.52613,-20.40918],[-43.52622,-20.4101],[-43.52623,-20.41089],[-43.52657,-20.41212],[-43.52659,-20.41238],[-43.5265,-20.41383],[-43.52653,-20.41427],[-43.52676,-20.41482],[-43.52722,-20.41553],[-43.52731,-20.41584],[-43.52729,-20.41752],[-43.52751,-20.41846],[-43.52748,-20.41858],[-43.52721,-20.41896],[-43.52716,-20.41914],[-43.52718,-20.41927],[-43.52738,-20.41951],[-43.52756,-20.41961],[-43.52781,-20.41967],[-43.52803,-20.41965],[-43.52932,-20.4191],[-43.53126,-20.41877],[-43.53223,-20.41828],[-43.53248,-20.4182],[-43.53312,-20.41816],[-43.53439,-20.41819],[-43.53544,-20.41836],[-43.53559,-20.41834],[-43.53619,-20.41807],[-43.53725,-20.41796],[-43.53773,-20.41783],[-43.53932,-20.41773],[-43.54053,-20.41745],[-43.54188,-20.41722],[-43.54225,-20.4172],[-43.54241,-20.41721],[-43.54306,-20.41747],[-43.54321,-20.41749],[-43.54413,-20.41737],[-43.54456,-20.41749],[-43.54548,-20.41793],[-43.54637,-20.41842],[-43.54804,-20.41998],[-43.54826,-20.42012],[-43.54848,-20.42019],[-43.55157,-20.42051],[-43.55339,-20.42061],[-43.5539,-20.42073],[-43.55436,-20.42095],[-43.55464,-20.42116],[-43.55518,-20.42188],[-43.55555,-20.42227],[-43.55612,-20.4227],[-43.55647,-20.42316],[-43.55658,-20.42341],[-43.55667,-20.42398],[-43.55665,-20.42505],[-43.55658,-20.42558],[-43.55525,-20.43155],[-43.55518,-20.43193],[-43.55522,-20.43219],[-43.55532,-20.43234],[-43.55559,-20.43253],[-43.55614,-20.43257],[-43.55637,-20.4327],[-43.55647,-20.43295],[-43.55639,-20.43347],[-43.55647,-20.43376],[-43.55663,-20.43384],[-43.55722,-20.43396],[-43.5575,-20.43417],[-43.55882,-20.43568],[-43.56106,-20.43874],[-43.56135,-20.43934],[-43.56182,-20.44005],[-43.56224,-20.44037],[-43.56254,-20.44052],[-43.56333,-20.44085],[-43.56371,-20.44093],[-43.56329,-20.44191],[-43.56313,-20.4424],[-43.56298,-20.44264],[-43.56137,-20.44385],[-43.56087,-20.44439],[-43.56051,-20.44469],[-43.56023,-20.44503],[-43.55961,-20.44614],[-43.55939,-20.44643],[-43.5587,-20.44712],[-43.55805,-20.44752],[-43.5573,-20.44786],[-43.55688,-20.44819],[-43.55671,-20.44852],[-43.55664,-20.4493],[-43.55644,-20.45036],[-43.55631,-20.45061],[-43.5559,-20.45102],[-43.55584,-20.45131],[-43.55586,-20.45183],[-43.55574,-20.45201],[-43.55528,-20.45223],[-43.55444,-20.45229],[-43.55362,-20.45221],[-43.55255,-20.45198],[-43.55236,-20.45204],[-43.55197,-20.45237],[-43.55195,-20.45252],[-43.55286,-20.45418],[-43.55308,-20.45429],[-43.55413,-20.45443],[-43.55425,-20.45457],[-43.55439,-20.45512],[-43.55486,-20.45572],[-43.55504,-20.45576],[-43.55625,-20.45552],[-43.55645,-20.45564],[-43.55658,-20.45623],[-43.5568,-20.45675],[-43.55681,-20.45688],[-43.55666,-20.45764],[-43.55674,-20.45871],[-43.55669,-20.45906],[-43.55651,-20.45967],[-43.55637,-20.45993],[-43.55613,-20.46006],[-43.55563,-20.46021],[-43.55511,-20.46013],[-43.55497,-20.46015],[-43.55485,-20.46033],[-43.55483,-20.46053],[-43.55491,-20.46083],[-43.55492,-20.46118],[-43.55488,-20.46157],[-43.55462,-20.46203],[-43.55452,-20.46246],[-43.55455,-20.46276],[-43.55486,-20.46331],[-43.55514,-20.46362],[-43.55516,-20.46376],[-43.55473,-20.46389],[-43.55407,-20.4638],[-43.55385,-20.46412],[-43.55352,-20.46516],[-43.55334,-20.46643],[-43.55285,-20.46753],[-43.5528,-20.46775],[-43.55274,-20.46881],[-43.55238,-20.46955],[-43.55253,-20.47057],[-43.5525,-20.47086],[-43.55238,-20.47126],[-43.55144,-20.47205],[-43.55101,-20.47255],[-43.55088,-20.47358],[-43.55108,-20.47408],[-43.55104,-20.47449],[-43.55044,-20.47539],[-43.55039,-20.47584],[-43.55023,-20.47603],[-43.54974,-20.47632],[-43.54933,-20.47665],[-43.549,-20.47702],[-43.54883,-20.47731],[-43.54862,-20.4786],[-43.54855,-20.47878],[-43.54799,-20.47924],[-43.54794,-20.47937],[-43.5479,-20.4798],[-43.54794,-20.48076],[-43.54874,-20.48204],[-43.54885,-20.48246],[-43.54878,-20.48292],[-43.54832,-20.48392],[-43.54808,-20.48435],[-43.54794,-20.48451],[-43.54782,-20.48457],[-43.54771,-20.48458],[-43.54693,-20.48431],[-43.54671,-20.48429],[-43.54636,-20.48439],[-43.54611,-20.48461],[-43.54529,-20.48565],[-43.54453,-20.48625],[-43.54411,-20.48674],[-43.5435,-20.48699],[-43.54294,-20.48741],[-43.54207,-20.4874],[-43.54162,-20.48749],[-43.54138,-20.48759],[-43.54136,-20.48775],[-43.54183,-20.48826],[-43.54202,-20.48876],[-43.54213,-20.48892],[-43.54213,-20.48907],[-43.54195,-20.48918],[-43.54141,-20.48929],[-43.54116,-20.4894],[-43.54101,-20.48961],[-43.54101,-20.48972],[-43.54105,-20.48984],[-43.54136,-20.49018],[-43.54215,-20.49079],[-43.54229,-20.49106],[-43.54226,-20.49123],[-43.54167,-20.4918],[-43.5414,-20.49225],[-43.54141,-20.49235],[-43.54166,-20.4927],[-43.54167,-20.49282],[-43.54162,-20.49313],[-43.54145,-20.49346],[-43.54136,-20.49353],[-43.54112,-20.49358],[-43.54041,-20.49355],[-43.54033,-20.49361],[-43.54056,-20.49393],[-43.54078,-20.49412],[-43.54096,-20.49419],[-43.54162,-20.4942],[-43.54189,-20.49411],[-43.54205,-20.49398],[-43.54213,-20.49376],[-43.54219,-20.49329],[-43.5423,-20.49314],[-43.54239,-20.4931],[-43.54256,-20.49316],[-43.5426,-20.49347],[-43.54249,-20.49389],[-43.54258,-20.49482],[-43.54254,-20.49534],[-43.54266,-20.49569],[-43.54259,-20.49627],[-43.54264,-20.49645],[-43.54277,-20.49661],[-43.54322,-20.49687],[-43.54332,-20.49702],[-43.54337,-20.49722],[-43.54328,-20.49789],[-43.54338,-20.49934],[-43.54333,-20.49983],[-43.54341,-20.50001],[-43.5435,-20.50008],[-43.54382,-20.50018],[-43.54395,-20.50027],[-43.54451,-20.50109],[-43.54512,-20.50212],[-43.54515,-20.50232],[-43.54501,-20.50303],[-43.54513,-20.50334],[-43.54535,-20.50348],[-43.54545,-20.50348],[-43.54602,-20.50326],[-43.54675,-20.50333],[-43.54702,-20.50342],[-43.54742,-20.50343],[-43.54838,-20.50305],[-43.54867,-20.50319],[-43.54888,-20.50338],[-43.54901,-20.50355],[-43.54914,-20.50385],[-43.54908,-20.50467],[-43.54914,-20.5049],[-43.5496,-20.50548],[-43.5498,-20.50582],[-43.55033,-20.50696],[-43.55043,-20.50707],[-43.55105,-20.50745],[-43.55103,-20.5082],[-43.55094,-20.50837],[-43.55055,-20.50866],[-43.5505,-20.50884],[-43.55055,-20.5091],[-43.55079,-20.50959],[-43.55096,-20.5098],[-43.55192,-20.51033],[-43.5528,-20.51089],[-43.55293,-20.51103],[-43.55297,-20.51125],[-43.55287,-20.51176],[-43.55338,-20.51223],[-43.5536,-20.51258],[-43.5537,-20.51291],[-43.55356,-20.51333],[-43.55325,-20.51383],[-43.55318,-20.51418],[-43.55325,-20.51458],[-43.55356,-20.51539],[-43.55356,-20.51609],[-43.55349,-20.51637],[-43.55324,-20.51681],[-43.55298,-20.5175],[-43.55291,-20.51805],[-43.55296,-20.51822],[-43.55338,-20.51876],[-43.55377,-20.51949],[-43.55375,-20.51972],[-43.55366,-20.51989],[-43.55288,-20.52033],[-43.55264,-20.52056],[-43.5525,-20.52088],[-43.55248,-20.52193],[-43.55237,-20.52229],[-43.55182,-20.52318],[-43.55179,-20.52345],[-43.55189,-20.52383],[-43.55191,-20.52449],[-43.55199,-20.52465],[-43.55215,-20.52472],[-43.55324,-20.52484],[-43.55343,-20.52493],[-43.55388,-20.52536],[-43.55425,-20.52587],[-43.55445,-20.52606],[-43.5554,-20.52645],[-43.55553,-20.52656],[-43.55564,-20.52673],[-43.55567,-20.52694],[-43.55559,-20.52711],[-43.55541,-20.52723],[-43.55472,-20.52743],[-43.55412,-20.52771],[-43.5538,-20.52778],[-43.55369,-20.52785],[-43.55363,-20.52794],[-43.55363,-20.52814],[-43.55354,-20.52833],[-43.55288,-20.52915],[-43.55267,-20.52949],[-43.5526,-20.52982],[-43.55315,-20.53074],[-43.5518,-20.53339],[-43.55146,-20.53392],[-43.55099,-20.53489],[-43.55066,-20.5357],[-43.55046,-20.53569],[-43.55014,-20.53586],[-43.54937,-20.536],[-43.54863,-20.53649],[-43.54818,-20.53664],[-43.54802,-20.5369],[-43.54799,-20.53718],[-43.5479,-20.53742],[-43.54751,-20.53778],[-43.54698,-20.53848],[-43.54671,-20.53901],[-43.54621,-20.53976],[-43.54612,-20.53997],[-43.54606,-20.54057],[-43.54594,-20.54092],[-43.54604,-20.54157],[-43.54558,-20.5427],[-43.54548,-20.5431],[-43.54549,-20.54358],[-43.54511,-20.54406],[-43.54492,-20.54445],[-43.54476,-20.54456],[-43.54437,-20.54462],[-43.54421,-20.54472],[-43.54401,-20.54514],[-43.54359,-20.5456],[-43.54339,-20.54632],[-43.54338,-20.54673],[-43.54323,-20.54752],[-43.54281,-20.54811],[-43.54253,-20.54861],[-43.54173,-20.54961],[-43.54137,-20.54995],[-43.53947,-20.55148],[-43.53875,-20.55182],[-43.53811,-20.5523],[-43.53766,-20.55282],[-43.53716,-20.55357],[-43.53655,-20.55436],[-43.53534,-20.55527],[-43.5351,-20.55555],[-43.53492,-20.55608],[-43.5347,-20.5563],[-43.53431,-20.55645],[-43.53404,-20.55681],[-43.53401,-20.55702],[-43.53411,-20.55779],[-43.534,-20.55821],[-43.53402,-20.55845],[-43.53363,-20.55868],[-43.53305,-20.5589],[-43.5329,-20.55901],[-43.5322,-20.56023],[-43.53221,-20.56039],[-43.53253,-20.56079],[-43.53291,-20.56171],[-43.53294,-20.5623],[-43.53286,-20.5625],[-43.53254,-20.56266],[-43.5323,-20.56262],[-43.53132,-20.56199],[-43.53118,-20.56194],[-43.53105,-20.56197],[-43.53096,-20.56207],[-43.53093,-20.56227],[-43.53105,-20.56302],[-43.53104,-20.56316],[-43.53096,-20.56325],[-43.53076,-20.56332],[-43.5299,-20.5633],[-43.52921,-20.56344],[-43.52907,-20.56354],[-43.52869,-20.56405],[-43.52795,-20.56433],[-43.52706,-20.56481],[-43.52674,-20.56587],[-43.52657,-20.56624],[-43.52659,-20.56651],[-43.52671,-20.56676],[-43.52668,-20.56688],[-43.5261,-20.56704],[-43.52542,-20.56695],[-43.52519,-20.56696],[-43.52446,-20.56717],[-43.52419,-20.56729],[-43.52324,-20.5679],[-43.52312,-20.56792],[-43.52277,-20.56786],[-43.5221,-20.56806],[-43.52117,-20.56846],[-43.52097,-20.56861],[-43.52018,-20.57003],[-43.52015,-20.57029],[-43.52028,-20.57085],[-43.52024,-20.57121],[-43.52026,-20.57159],[-43.52002,-20.57195],[-43.51939,-20.5727],[-43.51909,-20.57295],[-43.51914,-20.57311],[-43.51924,-20.57323],[-43.5193,-20.57371],[-43.51921,-20.57399],[-43.51884,-20.57447],[-43.51855,-20.57509],[-43.51842,-20.57572],[-43.5182,-20.57588],[-43.51808,-20.57608],[-43.51733,-20.57675],[-43.51716,-20.57696],[-43.51703,-20.57721],[-43.51699,-20.57787],[-43.51672,-20.57839],[-43.51592,-20.5787],[-43.51547,-20.57925],[-43.51505,-20.57954],[-43.51496,-20.57965],[-43.51488,-20.57996],[-43.51509,-20.58068],[-43.515,-20.58119],[-43.51491,-20.58141],[-43.51468,-20.58173],[-43.51444,-20.58193],[-43.51376,-20.5822],[-43.5135,-20.58238],[-43.51343,-20.58248],[-43.51352,-20.58305],[-43.51348,-20.58323],[-43.51332,-20.58341],[-43.51211,-20.58426],[-43.51145,-20.58522],[-43.51106,-20.58532],[-43.51053,-20.58575],[-43.51027,-20.58583],[-43.5095,-20.58627],[-43.50852,-20.5875],[-43.5084,-20.58761],[-43.50799,-20.5878],[-43.5078,-20.58811],[-43.50723,-20.5886],[-43.50716,-20.58881],[-43.50708,-20.58978],[-43.50692,-20.59009],[-43.50671,-20.59032],[-43.50624,-20.59067],[-43.50543,-20.59119],[-43.50491,-20.59201],[-43.50484,-20.59225],[-43.50485,-20.5926],[-43.50449,-20.59375],[-43.50366,-20.59553],[-43.50364,-20.59574],[-43.5037,-20.596],[-43.50341,-20.59666],[-43.50302,-20.59713],[-43.50306,-20.59781],[-43.50301,-20.59806],[-43.50283,-20.59833],[-43.50138,-20.59913],[-43.50128,-20.59925],[-43.50132,-20.59954],[-43.50177,-20.60004],[-43.50191,-20.6003],[-43.5019,-20.60077],[-43.50175,-20.60103],[-43.50173,-20.60123],[-43.50184,-20.60161],[-43.50188,-20.60208],[-43.50209,-20.60253],[-43.50206,-20.60278],[-43.50192,-20.60293],[-43.50115,-20.60336],[-43.50053,-20.6039],[-43.50017,-20.6043],[-43.50012,-20.60457],[-43.50006,-20.60465],[-43.4995,-20.60487],[-43.49896,-20.6053],[-43.49836,-20.60563],[-43.49827,-20.60573],[-43.49821,-20.60591],[-43.49837,-20.60635],[-43.49835,-20.60646],[-43.49824,-20.60646],[-43.49796,-20.60626],[-43.4978,-20.6063],[-43.49729,-20.60716],[-43.49717,-20.6075],[-43.49664,-20.60798],[-43.49669,-20.60768],[-43.49693,-20.60708],[-43.49722,-20.60671],[-43.49721,-20.6061],[-43.49701,-20.60587],[-43.49643,-20.60557],[-43.49625,-20.60525],[-43.49568,-20.60482],[-43.49547,-20.60479],[-43.49459,-20.60518],[-43.4942,-20.6054],[-43.49358,-20.60589],[-43.49323,-20.60588],[-43.49317,-20.60577],[-43.49326,-20.60542],[-43.49319,-20.60461],[-43.49295,-20.60346],[-43.49287,-20.60332],[-43.49228,-20.60299],[-43.49164,-20.60286],[-43.49115,-20.60292],[-43.49045,-20.60315],[-43.49022,-20.60315],[-43.48997,-20.60304],[-43.48983,-20.60287],[-43.48978,-20.6026],[-43.49002,-20.60144],[-43.48965,-20.60094],[-43.4896,-20.60024],[-43.48927,-20.59997],[-43.48865,-20.60008],[-43.48813,-20.59968],[-43.48789,-20.59956],[-43.48707,-20.59976],[-43.48575,-20.60032],[-43.48467,-20.60043],[-43.4832,-20.60133],[-43.48107,-20.60246],[-43.47981,-20.60305],[-43.47946,-20.60309],[-43.47877,-20.60293],[-43.47803,-20.60309],[-43.47731,-20.60355],[-43.47619,-20.60411],[-43.47596,-20.60446],[-43.47552,-20.60461],[-43.47511,-20.60511],[-43.47426,-20.60545],[-43.4735,-20.60616],[-43.47305,-20.60613],[-43.47261,-20.6062],[-43.47195,-20.60653],[-43.47124,-20.60652],[-43.47065,-20.60675],[-43.47038,-20.6068],[-43.46971,-20.60717]]},"properties":{"tipo":"rota","id":"OPR-R26","rota":"ROTA 26","municipio":"Ouro Preto","id_saida":"OPR-S1","origem":"PONTO DE PARTIDA OURO PRETO","ueop":"52º BPM","cia":"248ª Cia PM","unidade":"248cia","bpm":"52bpm","modalidade":"NAO_INFORMADA","paradas":["OPR-1619"],"destinos":["ESCOLA MUNICIPAL INACIO DE SOUZA"],"qtd_paradas":1,"urnas":1,"distancia_km":41.66,"tempo_min":67.2,"trechos":[{"km":41.66,"min":67.2}],"calculada":true,"distancia_via_m":49}},{"type":"Feature","geometry":{"type":"LineString","coordinates":[[-43.5056,-20.38455],[-43.506,-20.38455],[-43.50643,-20.38428],[-43.50737,-20.38434],[-43.50745,-20.38436],[-43.50756,-20.38448],[-43.50777,-20.3849],[-43.50796,-20.38482],[-43.50788,-20.3844],[-43.50793,-20.38399],[-43.50786,-20.38308],[-43.50758,-20.38271],[-43.50765,-20.382],[-43.50738,-20.38101],[-43.50723,-20.38079],[-43.50689,-20.38062],[-43.50759,-20.38027],[-43.50771,-20.38016],[-43.50957,-20.37926],[-43.51116,-20.37881],[-43.5133,-20.378],[-43.51384,-20.37789],[-43.51446,-20.37796],[-43.51488,-20.37808],[-43.51599,-20.37875],[-43.51655,-20.37897],[-43.51721,-20.37909],[-43.51947,-20.37925],[-43.52019,-20.37936],[-43.5205,-20.37946],[-43.52118,-20.37978],[-43.52184,-20.38029],[-43.523,-20.3813],[-43.52346,-20.38146],[-43.52373,-20.38145],[-43.52399,-20.38138],[-43.52429,-20.38121],[-43.52455,-20.3809],[-43.5249,-20.38037],[-43.52546,-20.37891],[-43.52559,-20.37872],[-43.52579,-20.37857],[-43.52628,-20.37837],[-43.52767,-20.37834],[-43.52836,-20.37816],[-43.52942,-20.37761],[-43.53211,-20.37608],[-43.53386,-20.37521],[-43.53423,-20.37518],[-43.5346,-20.37528],[-43.53476,-20.37538],[-43.53554,-20.37636],[-43.53576,-20.37653],[-43.53611,-20.37668],[-43.53673,-20.37673],[-43.53902,-20.37585],[-43.54074,-20.37505],[-43.54382,-20.37382],[-43.54444,-20.37371],[-43.54483,-20.37378],[-43.54522,-20.37397],[-43.54824,-20.37605],[-43.54878,-20.37624],[-43.54931,-20.3762],[-43.54961,-20.37608],[-43.55034,-20.37552],[-43.55102,-20.37514],[-43.5526,-20.37479],[-43.55422,-20.37429],[-43.555,-20.37394],[-43.55594,-20.37311],[-43.55882,-20.37009],[-43.55949,-20.36949],[-43.56107,-20.36838],[-43.56176,-20.36797],[-43.56259,-20.36767],[-43.56374,-20.36748],[-43.56756,-20.36715],[-43.56783,-20.36714],[-43.56838,-20.36722],[-43.5688,-20.36738],[-43.56925,-20.3677],[-43.57058,-20.36919],[-43.57082,-20.36939],[-43.57128,-20.36964],[-43.57177,-20.36977],[-43.57235,-20.36981],[-43.57418,-20.3698],[-43.5745,-20.36986],[-43.57496,-20.37003],[-43.57535,-20.37027],[-43.5759,-20.37076],[-43.57931,-20.37438],[-43.57967,-20.37467],[-43.58022,-20.375],[-43.58113,-20.37538],[-43.58197,-20.37556],[-43.58346,-20.37564],[-43.58417,-20.37578],[-43.58753,-20.37713],[-43.58803,-20.37728],[-43.58893,-20.37742],[-43.59007,-20.37746],[-43.59381,-20.37711],[-43.59431,-20.37711],[-43.59488,-20.37719],[-43.59587,-20.3775],[-43.59925,-20.37884],[-43.59996,-20.37903],[-43.60221,-20.37916],[-43.60633,-20.37921],[-43.60692,-20.37915],[-43.6073,-20.37903],[-43.60756,-20.37878],[-43.60777,-20.37836],[-43.6079,-20.3778],[-43.60802,-20.37753],[-43.60814,-20.37738],[-43.60902,-20.37672],[-43.60925,-20.37648],[-43.60945,-20.3762],[-43.60985,-20.37523],[-43.61004,-20.37496],[-43.61035,-20.37477],[-43.6108,-20.37466],[-43.61104,-20.37465],[-43.61327,-20.37466],[-43.61531,-20.37473],[-43.61595,-20.37486],[-43.6165,-20.37514],[-43.61766,-20.37588],[-43.61858,-20.3762],[-43.61848,-20.37749],[-43.6186,-20.37782],[-43.61868,-20.37793],[-43.61885,-20.37803],[-43.61946,-20.37827],[-43.62069,-20.37839],[-43.6215,-20.37877],[-43.6218,-20.37884],[-43.62275,-20.37889],[-43.62361,-20.37909],[-43.62373,-20.37918],[-43.62392,-20.38001],[-43.62417,-20.38036],[-43.62538,-20.38165],[-43.62565,-20.3822],[-43.62566,-20.38249],[-43.62555,-20.3831],[-43.62549,-20.38328],[-43.62518,-20.38361],[-43.62512,-20.38386],[-43.62523,-20.38402],[-43.62575,-20.3842],[-43.62611,-20.38454],[-43.62619,-20.38483],[-43.62617,-20.38505],[-43.62595,-20.38557],[-43.62625,-20.38631],[-43.62623,-20.38656],[-43.62577,-20.38762],[-43.62563,-20.38775],[-43.62548,-20.38782],[-43.62467,-20.38787],[-43.6245,-20.38794],[-43.62439,-20.38805],[-43.62436,-20.38823],[-43.6244,-20.38842],[-43.62449,-20.38855],[-43.62465,-20.38863],[-43.62501,-20.38869],[-43.62533,-20.38886],[-43.62555,-20.38918],[-43.62562,-20.38952],[-43.62558,-20.38969],[-43.62548,-20.3898],[-43.62516,-20.38999],[-43.62485,-20.39028],[-43.62446,-20.39126],[-43.62381,-20.39167],[-43.6235,-20.39193],[-43.62302,-20.39256],[-43.62288,-20.39303],[-43.62272,-20.39323],[-43.62255,-20.39328],[-43.62195,-20.39316],[-43.62172,-20.39319],[-43.6216,-20.39328],[-43.62121,-20.394],[-43.62087,-20.3942],[-43.62052,-20.3945],[-43.62034,-20.39455],[-43.61965,-20.39456],[-43.61939,-20.39469],[-43.61843,-20.39543],[-43.61777,-20.39624],[-43.61742,-20.39688],[-43.61692,-20.39753],[-43.61659,-20.39809],[-43.6162,-20.39892],[-43.61607,-20.39898],[-43.61541,-20.39897],[-43.6153,-20.39903],[-43.61507,-20.3993],[-43.61449,-20.40019],[-43.61444,-20.40047],[-43.61452,-20.40088],[-43.61473,-20.40123],[-43.61491,-20.40173],[-43.61491,-20.40194],[-43.61478,-20.40219],[-43.61455,-20.40247],[-43.61401,-20.40291],[-43.61347,-20.40313],[-43.61301,-20.40319],[-43.61259,-20.40335],[-43.61133,-20.40396],[-43.61113,-20.40413],[-43.61099,-20.40442],[-43.61103,-20.40507],[-43.61098,-20.4052],[-43.61084,-20.40538],[-43.61005,-20.40602],[-43.60944,-20.40765],[-43.60937,-20.40814],[-43.60952,-20.40839],[-43.61062,-20.40858],[-43.61085,-20.40887],[-43.61145,-20.41034],[-43.61186,-20.4116],[-43.61245,-20.41277],[-43.61297,-20.41339],[-43.6132,-20.41406],[-43.6137,-20.41496],[-43.61405,-20.41546],[-43.61425,-20.41604],[-43.61435,-20.4166],[-43.61449,-20.41688],[-43.61496,-20.41718],[-43.61513,-20.41743],[-43.61511,-20.41805],[-43.61504,-20.41839],[-43.61449,-20.4198],[-43.61455,-20.42015],[-43.61449,-20.42027],[-43.61397,-20.42074],[-43.61361,-20.42128],[-43.61341,-20.42178],[-43.61333,-20.42231],[-43.61314,-20.42269],[-43.61305,-20.42263],[-43.61297,-20.42225],[-43.61259,-20.42165],[-43.61211,-20.42131],[-43.61202,-20.42119]]},"properties":{"tipo":"rota","id":"OPR-R27","rota":"ROTA 27","municipio":"Ouro Preto","id_saida":"OPR-S1","origem":"PONTO DE PARTIDA OURO PRETO","ueop":"52º BPM","cia":"248ª Cia PM","unidade":"248cia","bpm":"52bpm","modalidade":"NAO_INFORMADA","paradas":["OPR-1368"],"destinos":["ESCOLA MUNICIPAL NOSSA SENHORA DAS GRAÇAS"],"qtd_paradas":1,"urnas":2,"distancia_km":21.55,"tempo_min":28.4,"trechos":[{"km":21.55,"min":28.4}],"calculada":true,"distancia_via_m":36}},{"type":"Feature","geometry":{"type":"LineString","coordinates":[[-43.5056,-20.38455],[-43.506,-20.38455],[-43.50643,-20.38428],[-43.50737,-20.38434],[-43.50745,-20.38436],[-43.50756,-20.38448],[-43.50777,-20.3849],[-43.50796,-20.38482],[-43.50788,-20.3844],[-43.50793,-20.38399],[-43.50786,-20.38308],[-43.50758,-20.38271],[-43.50765,-20.382],[-43.50738,-20.38101],[-43.50723,-20.38079],[-43.50689,-20.38062],[-43.50759,-20.38027],[-43.50771,-20.38016],[-43.50957,-20.37926],[-43.51116,-20.37881],[-43.5133,-20.378],[-43.51384,-20.37789],[-43.51446,-20.37796],[-43.51488,-20.37808],[-43.51599,-20.37875],[-43.51655,-20.37897],[-43.51721,-20.37909],[-43.51947,-20.37925],[-43.52019,-20.37936],[-43.5205,-20.37946],[-43.52118,-20.37978],[-43.52184,-20.38029],[-43.523,-20.3813],[-43.52346,-20.38146],[-43.52373,-20.38145],[-43.52399,-20.38138],[-43.52429,-20.38121],[-43.52455,-20.3809],[-43.5249,-20.38037],[-43.52546,-20.37891],[-43.52559,-20.37872],[-43.52579,-20.37857],[-43.52628,-20.37837],[-43.52767,-20.37834],[-43.52836,-20.37816],[-43.52942,-20.37761],[-43.53211,-20.37608],[-43.53386,-20.37521],[-43.53423,-20.37518],[-43.5346,-20.37528],[-43.53476,-20.37538],[-43.53554,-20.37636],[-43.53576,-20.37653],[-43.53611,-20.37668],[-43.53673,-20.37673],[-43.53902,-20.37585],[-43.54074,-20.37505],[-43.54382,-20.37382],[-43.54444,-20.37371],[-43.54483,-20.37378],[-43.54522,-20.37397],[-43.54824,-20.37605],[-43.54878,-20.37624],[-43.54931,-20.3762],[-43.54961,-20.37608],[-43.55034,-20.37552],[-43.55102,-20.37514],[-43.5526,-20.37479],[-43.55422,-20.37429],[-43.555,-20.37394],[-43.55594,-20.37311],[-43.55882,-20.37009],[-43.55949,-20.36949],[-43.56107,-20.36838],[-43.56176,-20.36797],[-43.56259,-20.36767],[-43.56374,-20.36748],[-43.56756,-20.36715],[-43.56783,-20.36714],[-43.56838,-20.36722],[-43.5688,-20.36738],[-43.56925,-20.3677],[-43.57058,-20.36919],[-43.57082,-20.36939],[-43.57128,-20.36964],[-43.57177,-20.36977],[-43.57235,-20.36981],[-43.57418,-20.3698],[-43.5745,-20.36986],[-43.57496,-20.37003],[-43.57535,-20.37027],[-43.5759,-20.37076],[-43.57931,-20.37438],[-43.57967,-20.37467],[-43.58022,-20.375],[-43.58113,-20.37538],[-43.58197,-20.37556],[-43.58346,-20.37564],[-43.58417,-20.37578],[-43.58753,-20.37713],[-43.58803,-20.37728],[-43.58893,-20.37742],[-43.59007,-20.37746],[-43.59381,-20.37711],[-43.59431,-20.37711],[-43.59488,-20.37719],[-43.59587,-20.3775],[-43.59925,-20.37884],[-43.59996,-20.37903],[-43.60221,-20.37916],[-43.60633,-20.37921],[-43.60692,-20.37915],[-43.6073,-20.37903],[-43.60756,-20.37878],[-43.60777,-20.37836],[-43.6079,-20.3778],[-43.60802,-20.37753],[-43.60814,-20.37738],[-43.60902,-20.37672],[-43.60925,-20.37648],[-43.60945,-20.3762],[-43.60985,-20.37523],[-43.61004,-20.37496],[-43.61035,-20.37477],[-43.6108,-20.37466],[-43.61104,-20.37465],[-43.61327,-20.37466],[-43.61531,-20.37473],[-43.61595,-20.37486],[-43.6165,-20.37514],[-43.61766,-20.37588],[-43.61858,-20.3762],[-43.61848,-20.37749],[-43.6186,-20.37782],[-43.61868,-20.37793],[-43.61885,-20.37803],[-43.61946,-20.37827],[-43.62069,-20.37839],[-43.6215,-20.37877],[-43.6218,-20.37884],[-43.62275,-20.37889],[-43.62361,-20.37909],[-43.62373,-20.37918],[-43.62392,-20.38001],[-43.62417,-20.38036],[-43.62538,-20.38165],[-43.62565,-20.3822],[-43.62566,-20.38249],[-43.62555,-20.3831],[-43.62549,-20.38328],[-43.62518,-20.38361],[-43.62512,-20.38386],[-43.62523,-20.38402],[-43.62575,-20.3842],[-43.62611,-20.38454],[-43.62619,-20.38483],[-43.62617,-20.38505],[-43.62595,-20.38557],[-43.62625,-20.38631],[-43.62623,-20.38656],[-43.62577,-20.38762],[-43.62548,-20.38782],[-43.62467,-20.38787],[-43.6245,-20.38794],[-43.62439,-20.38805],[-43.62436,-20.38823],[-43.6244,-20.38842],[-43.62449,-20.38855],[-43.62465,-20.38863],[-43.62501,-20.38869],[-43.62533,-20.38886],[-43.62555,-20.38918],[-43.62562,-20.38952],[-43.62558,-20.38969],[-43.62548,-20.3898],[-43.62516,-20.38999],[-43.62485,-20.39028],[-43.62446,-20.39126],[-43.62381,-20.39167],[-43.6235,-20.39193],[-43.62302,-20.39256],[-43.62288,-20.39303],[-43.62272,-20.39323],[-43.62255,-20.39328],[-43.62195,-20.39316],[-43.62172,-20.39319],[-43.6216,-20.39328],[-43.62121,-20.394],[-43.62087,-20.3942],[-43.62052,-20.3945],[-43.62034,-20.39455],[-43.61965,-20.39456],[-43.61948,-20.39464],[-43.61843,-20.39543],[-43.6182,-20.39567],[-43.61777,-20.39624],[-43.61742,-20.39688],[-43.61692,-20.39753],[-43.61659,-20.39809],[-43.6162,-20.39892],[-43.61607,-20.39898],[-43.61541,-20.39897],[-43.6153,-20.39903],[-43.61507,-20.3993],[-43.61449,-20.40019],[-43.61444,-20.40047],[-43.61452,-20.40088],[-43.61473,-20.40123],[-43.61491,-20.40173],[-43.61491,-20.40194],[-43.61478,-20.40219],[-43.61455,-20.40247],[-43.61401,-20.40291],[-43.61347,-20.40313],[-43.61301,-20.40319],[-43.61259,-20.40335],[-43.61191,-20.40371],[-43.61154,-20.40384],[-43.61113,-20.40413],[-43.61099,-20.40442],[-43.61103,-20.40507],[-43.61098,-20.4052],[-43.61084,-20.40538],[-43.61005,-20.40602],[-43.60944,-20.40765],[-43.60937,-20.40814],[-43.60952,-20.40839],[-43.60982,-20.40847],[-43.6105,-20.40853],[-43.61062,-20.40858],[-43.61085,-20.40887],[-43.61145,-20.41034],[-43.61186,-20.4116],[-43.61245,-20.41277],[-43.61297,-20.41339],[-43.6132,-20.41406],[-43.6137,-20.41496],[-43.61405,-20.41546],[-43.61425,-20.41604],[-43.61435,-20.4166],[-43.61449,-20.41688],[-43.61496,-20.41718],[-43.61513,-20.41743],[-43.61511,-20.41805],[-43.61504,-20.41839],[-43.61449,-20.4198],[-43.61469,-20.42018],[-43.61361,-20.42256],[-43.61372,-20.42265],[-43.61363,-20.42288],[-43.61378,-20.42318],[-43.61404,-20.42329],[-43.61433,-20.42328],[-43.61468,-20.42292],[-43.61483,-20.42298],[-43.61501,-20.42327],[-43.61505,-20.42351],[-43.61519,-20.42378],[-43.61537,-20.4244]]},"properties":{"tipo":"rota","id":"OPR-R28","rota":"ROTA 28","municipio":"Ouro Preto","id_saida":"OPR-S1","origem":"PONTO DE PARTIDA OURO PRETO","ueop":"52º BPM","cia":"248ª Cia PM","unidade":"248cia","bpm":"52bpm","modalidade":"NAO_INFORMADA","paradas":["OPR-1350"],"destinos":["ESCOLA MUNICIPAL DR. ALVES DE BRITO"],"qtd_paradas":1,"urnas":3,"distancia_km":21.68,"tempo_min":28.7,"trechos":[{"km":21.68,"min":28.7}],"calculada":true,"distancia_via_m":15}},{"type":"Feature","geometry":{"type":"LineString","coordinates":[[-43.5056,-20.38455],[-43.506,-20.38455],[-43.50643,-20.38428],[-43.50737,-20.38434],[-43.50745,-20.38436],[-43.50756,-20.38448],[-43.50777,-20.3849],[-43.50796,-20.38482],[-43.50788,-20.3844],[-43.50793,-20.38399],[-43.50786,-20.38308],[-43.50758,-20.38271],[-43.50765,-20.382],[-43.50738,-20.38101],[-43.50723,-20.38079],[-43.50689,-20.38062],[-43.50759,-20.38027],[-43.50771,-20.38016],[-43.50937,-20.37934],[-43.5097,-20.37921],[-43.51116,-20.37881],[-43.5133,-20.378],[-43.51384,-20.37789],[-43.51446,-20.37796],[-43.51488,-20.37808],[-43.51599,-20.37875],[-43.51664,-20.37899],[-43.51721,-20.37909],[-43.51849,-20.37921],[-43.51947,-20.37925],[-43.52019,-20.37936],[-43.5205,-20.37946],[-43.52118,-20.37978],[-43.52184,-20.38029],[-43.523,-20.3813],[-43.52346,-20.38146],[-43.52373,-20.38145],[-43.52399,-20.38138],[-43.52429,-20.38121],[-43.52455,-20.3809],[-43.5249,-20.38037],[-43.52546,-20.37891],[-43.52559,-20.37872],[-43.52579,-20.37857],[-43.52628,-20.37837],[-43.52767,-20.37834],[-43.52836,-20.37816],[-43.52942,-20.37761],[-43.53211,-20.37608],[-43.53386,-20.37521],[-43.53423,-20.37518],[-43.5346,-20.37528],[-43.53476,-20.37538],[-43.53554,-20.37636],[-43.53576,-20.37653],[-43.53611,-20.37668],[-43.53673,-20.37673],[-43.53902,-20.37585],[-43.54074,-20.37505],[-43.54382,-20.37382],[-43.54444,-20.37371],[-43.54483,-20.37378],[-43.54522,-20.37397],[-43.54824,-20.37605],[-43.54878,-20.37624],[-43.54931,-20.3762],[-43.54961,-20.37608],[-43.55034,-20.37552],[-43.55102,-20.37514],[-43.5526,-20.37479],[-43.55422,-20.37429],[-43.555,-20.37394],[-43.55594,-20.37311],[-43.55928,-20.36965],[-43.56107,-20.36838],[-43.56176,-20.36797],[-43.56259,-20.36767],[-43.5632,-20.36755],[-43.56756,-20.36715],[-43.56783,-20.36714],[-43.56838,-20.36722],[-43.5688,-20.36738],[-43.56903,-20.36752],[-43.56946,-20.3679],[-43.57058,-20.36919],[-43.57082,-20.36939],[-43.57128,-20.36964],[-43.57177,-20.36977],[-43.57235,-20.36981],[-43.57418,-20.3698],[-43.57476,-20.36994],[-43.57514,-20.37013],[-43.5759,-20.37076],[-43.57902,-20.37411],[-43.57967,-20.37467],[-43.58046,-20.37512],[-43.58113,-20.37538],[-43.58173,-20.37552],[-43.58346,-20.37564],[-43.58417,-20.37578],[-43.58712,-20.37698],[-43.58803,-20.37728],[-43.58893,-20.37742],[-43.59007,-20.37746],[-43.59226,-20.37723],[-43.59431,-20.37711],[-43.59488,-20.37719],[-43.59587,-20.3775],[-43.59901,-20.37875],[-43.59976,-20.379],[-43.60221,-20.37916],[-43.60665,-20.37919],[-43.6073,-20.37903],[-43.60756,-20.37878],[-43.60777,-20.37836],[-43.6079,-20.3778],[-43.60802,-20.37753],[-43.60814,-20.37738],[-43.60902,-20.37672],[-43.60925,-20.37648],[-43.60945,-20.3762],[-43.60985,-20.37523],[-43.61004,-20.37496],[-43.61035,-20.37477],[-43.61056,-20.37471],[-43.61104,-20.37465],[-43.61327,-20.37466],[-43.61444,-20.37468],[-43.61557,-20.37476],[-43.61618,-20.37496],[-43.61766,-20.37588],[-43.61809,-20.37606],[-43.62092,-20.37671],[-43.62147,-20.37675],[-43.62196,-20.37665],[-43.62325,-20.37598],[-43.62389,-20.37574],[-43.62457,-20.37567],[-43.62594,-20.37574],[-43.62628,-20.37566],[-43.62714,-20.37514],[-43.62824,-20.37416],[-43.62838,-20.37434],[-43.62844,-20.37451],[-43.62843,-20.37501],[-43.62847,-20.37525],[-43.62832,-20.37538],[-43.62762,-20.37546],[-43.62752,-20.37551],[-43.62738,-20.37584],[-43.62739,-20.37598],[-43.62744,-20.37608],[-43.62922,-20.37758],[-43.62931,-20.37775],[-43.62982,-20.37939],[-43.62992,-20.37952]]},"properties":{"tipo":"rota","id":"OPR-R29","rota":"ROTA 29","municipio":"Ouro Preto","id_saida":"OPR-S1","origem":"PONTO DE PARTIDA OURO PRETO","ueop":"52º BPM","cia":"248ª Cia PM","unidade":"248cia","bpm":"52bpm","modalidade":"NAO_INFORMADA","paradas":["OPR-1376"],"destinos":["ESCOLA MUNICIPAL DR. ALBERTO MAGALHAES"],"qtd_paradas":1,"urnas":1,"distancia_km":16.11,"tempo_min":19.4,"trechos":[{"km":16.11,"min":19.4}],"calculada":true,"distancia_via_m":15}},{"type":"Feature","geometry":{"type":"LineString","coordinates":[[-43.5056,-20.38455],[-43.506,-20.38455],[-43.50643,-20.38428],[-43.50737,-20.38434],[-43.50745,-20.38436],[-43.50756,-20.38448],[-43.50777,-20.3849],[-43.50796,-20.38482],[-43.50788,-20.3844],[-43.50793,-20.38399],[-43.50786,-20.38308],[-43.50758,-20.38271],[-43.50765,-20.382],[-43.50738,-20.38101],[-43.50723,-20.38079],[-43.50689,-20.38062],[-43.50759,-20.38027],[-43.50771,-20.38016],[-43.50937,-20.37934],[-43.5097,-20.37921],[-43.51116,-20.37881],[-43.5133,-20.378],[-43.51384,-20.37789],[-43.51446,-20.37796],[-43.51488,-20.37808],[-43.51599,-20.37875],[-43.51664,-20.37899],[-43.51721,-20.37909],[-43.51849,-20.37921],[-43.51947,-20.37925],[-43.52019,-20.37936],[-43.5205,-20.37946],[-43.52118,-20.37978],[-43.52184,-20.38029],[-43.523,-20.3813],[-43.52346,-20.38146],[-43.52373,-20.38145],[-43.52399,-20.38138],[-43.52429,-20.38121],[-43.52455,-20.3809],[-43.5249,-20.38037],[-43.52546,-20.37891],[-43.52559,-20.37872],[-43.52579,-20.37857],[-43.52628,-20.37837],[-43.52767,-20.37834],[-43.52836,-20.37816],[-43.52942,-20.37761],[-43.53211,-20.37608],[-43.53386,-20.37521],[-43.53423,-20.37518],[-43.5346,-20.37528],[-43.53476,-20.37538],[-43.53554,-20.37636],[-43.53576,-20.37653],[-43.53611,-20.37668],[-43.53673,-20.37673],[-43.53902,-20.37585],[-43.54074,-20.37505],[-43.54382,-20.37382],[-43.54444,-20.37371],[-43.54483,-20.37378],[-43.54522,-20.37397],[-43.54824,-20.37605],[-43.54878,-20.37624],[-43.54931,-20.3762],[-43.54961,-20.37608],[-43.55034,-20.37552],[-43.55102,-20.37514],[-43.5526,-20.37479],[-43.55422,-20.37429],[-43.555,-20.37394],[-43.55594,-20.37311],[-43.55928,-20.36965],[-43.56107,-20.36838],[-43.56176,-20.36797],[-43.56259,-20.36767],[-43.5632,-20.36755],[-43.56756,-20.36715],[-43.56783,-20.36714],[-43.56838,-20.36722],[-43.5688,-20.36738],[-43.56903,-20.36752],[-43.56946,-20.3679],[-43.57058,-20.36919],[-43.57082,-20.36939],[-43.57128,-20.36964],[-43.57177,-20.36977],[-43.57235,-20.36981],[-43.57418,-20.3698],[-43.57476,-20.36994],[-43.57514,-20.37013],[-43.5759,-20.37076],[-43.57902,-20.37411],[-43.57967,-20.37467],[-43.58046,-20.37512],[-43.58113,-20.37538],[-43.58173,-20.37552],[-43.58346,-20.37564],[-43.58417,-20.37578],[-43.58753,-20.37713],[-43.58803,-20.37728],[-43.58893,-20.37742],[-43.59007,-20.37746],[-43.59226,-20.37723],[-43.59431,-20.37711],[-43.59488,-20.37719],[-43.59587,-20.3775],[-43.59901,-20.37875],[-43.59976,-20.379],[-43.60221,-20.37916],[-43.60633,-20.37921],[-43.60713,-20.37909],[-43.6073,-20.37903],[-43.60748,-20.37887],[-43.60766,-20.37862],[-43.60777,-20.37836],[-43.6079,-20.3778],[-43.60802,-20.37753],[-43.60814,-20.37738],[-43.60902,-20.37672],[-43.60925,-20.37648],[-43.60945,-20.3762],[-43.60974,-20.37547],[-43.60996,-20.37506],[-43.61004,-20.37496],[-43.61035,-20.37477],[-43.6108,-20.37466],[-43.61444,-20.37468],[-43.61557,-20.37476],[-43.61618,-20.37496],[-43.61766,-20.37588],[-43.61809,-20.37606],[-43.61892,-20.37628],[-43.62092,-20.37671],[-43.62123,-20.37674],[-43.62147,-20.37675],[-43.62196,-20.37665],[-43.62325,-20.37598],[-43.62389,-20.37574],[-43.62457,-20.37567],[-43.62594,-20.37574],[-43.62614,-20.37571],[-43.62733,-20.37499],[-43.62953,-20.37296],[-43.62936,-20.37272],[-43.62933,-20.37253],[-43.62938,-20.37243],[-43.62976,-20.37207],[-43.62974,-20.37172],[-43.62941,-20.37139],[-43.6293,-20.37078],[-43.62891,-20.37057],[-43.6283,-20.37049],[-43.6278,-20.37002],[-43.62728,-20.36962],[-43.62727,-20.36953],[-43.62749,-20.36931],[-43.62765,-20.36847],[-43.62787,-20.36801],[-43.62759,-20.36793],[-43.62712,-20.36794],[-43.62634,-20.36816],[-43.62601,-20.36805],[-43.62575,-20.36765],[-43.62523,-20.36744],[-43.62526,-20.36716],[-43.62491,-20.36659],[-43.62507,-20.36627],[-43.62532,-20.36544],[-43.62538,-20.36483],[-43.62533,-20.36447],[-43.6252,-20.36434],[-43.62459,-20.36403],[-43.62453,-20.36393],[-43.6245,-20.36349],[-43.62438,-20.36337],[-43.62397,-20.36313],[-43.62354,-20.36264],[-43.62332,-20.36261],[-43.62304,-20.36265],[-43.62276,-20.36252],[-43.62262,-20.36222],[-43.62242,-20.36196],[-43.62242,-20.36135],[-43.62247,-20.36102],[-43.62235,-20.36074],[-43.62142,-20.36],[-43.62076,-20.35972],[-43.61999,-20.35908],[-43.61968,-20.35879],[-43.61936,-20.35839],[-43.61921,-20.35786]]},"properties":{"tipo":"rota","id":"OPR-R30","rota":"ROTA 30","municipio":"Ouro Preto","id_saida":"OPR-S1","origem":"PONTO DE PARTIDA OURO PRETO","ueop":"52º BPM","cia":"248ª Cia PM","unidade":"248cia","bpm":"52bpm","modalidade":"NAO_INFORMADA","paradas":["OPR-1457"],"destinos":["POSTO DE SAUDE - SERRA DO SIQUEIRA"],"qtd_paradas":1,"urnas":1,"distancia_km":17.97,"tempo_min":22.0,"trechos":[{"km":17.97,"min":22.0}],"calculada":true,"distancia_via_m":20}},{"type":"Feature","geometry":{"type":"LineString","coordinates":[[-43.5056,-20.38455],[-43.506,-20.38455],[-43.50643,-20.38428],[-43.50737,-20.38434],[-43.50745,-20.38436],[-43.50756,-20.38448],[-43.50777,-20.3849],[-43.50796,-20.38482],[-43.50788,-20.3844],[-43.50793,-20.38399],[-43.50786,-20.38308],[-43.50758,-20.38271],[-43.50765,-20.382],[-43.50738,-20.38101],[-43.50723,-20.38079],[-43.50689,-20.38062],[-43.50759,-20.38027],[-43.50771,-20.38016],[-43.50937,-20.37934],[-43.5097,-20.37921],[-43.51116,-20.37881],[-43.5133,-20.378],[-43.51384,-20.37789],[-43.51446,-20.37796],[-43.51488,-20.37808],[-43.51599,-20.37875],[-43.51664,-20.37899],[-43.51721,-20.37909],[-43.51849,-20.37921],[-43.51947,-20.37925],[-43.52019,-20.37936],[-43.5205,-20.37946],[-43.52118,-20.37978],[-43.52184,-20.38029],[-43.523,-20.3813],[-43.52346,-20.38146],[-43.52373,-20.38145],[-43.52399,-20.38138],[-43.52429,-20.38121],[-43.52455,-20.3809],[-43.5249,-20.38037],[-43.52546,-20.37891],[-43.52559,-20.37872],[-43.52579,-20.37857],[-43.52628,-20.37837],[-43.52767,-20.37834],[-43.52836,-20.37816],[-43.52942,-20.37761],[-43.53211,-20.37608],[-43.53386,-20.37521],[-43.53423,-20.37518],[-43.5346,-20.37528],[-43.53476,-20.37538],[-43.53554,-20.37636],[-43.53576,-20.37653],[-43.53611,-20.37668],[-43.53673,-20.37673],[-43.53902,-20.37585],[-43.54074,-20.37505],[-43.54382,-20.37382],[-43.54444,-20.37371],[-43.54483,-20.37378],[-43.54522,-20.37397],[-43.54824,-20.37605],[-43.54878,-20.37624],[-43.54931,-20.3762],[-43.54961,-20.37608],[-43.55034,-20.37552],[-43.55102,-20.37514],[-43.5526,-20.37479],[-43.55422,-20.37429],[-43.555,-20.37394],[-43.55594,-20.37311],[-43.55928,-20.36965],[-43.56107,-20.36838],[-43.56176,-20.36797],[-43.56259,-20.36767],[-43.5632,-20.36755],[-43.56756,-20.36715],[-43.56783,-20.36714],[-43.56838,-20.36722],[-43.5688,-20.36738],[-43.56903,-20.36752],[-43.56946,-20.3679],[-43.57058,-20.36919],[-43.57082,-20.36939],[-43.57128,-20.36964],[-43.57177,-20.36977],[-43.57235,-20.36981],[-43.57418,-20.3698],[-43.57476,-20.36994],[-43.57514,-20.37013],[-43.5759,-20.37076],[-43.57902,-20.37411],[-43.57967,-20.37467],[-43.58046,-20.37512],[-43.58113,-20.37538],[-43.58173,-20.37552],[-43.58346,-20.37564],[-43.58417,-20.37578],[-43.58753,-20.37713],[-43.58803,-20.37728],[-43.58893,-20.37742],[-43.59007,-20.37746],[-43.59226,-20.37723],[-43.59431,-20.37711],[-43.59488,-20.37719],[-43.59587,-20.3775],[-43.59901,-20.37875],[-43.59976,-20.379],[-43.60221,-20.37916],[-43.60633,-20.37921],[-43.60713,-20.37909],[-43.6073,-20.37903],[-43.60748,-20.37887],[-43.60766,-20.37862],[-43.60777,-20.37836],[-43.6079,-20.3778],[-43.60802,-20.37753],[-43.60814,-20.37738],[-43.60902,-20.37672],[-43.60925,-20.37648],[-43.60945,-20.3762],[-43.60974,-20.37547],[-43.60996,-20.37506],[-43.61004,-20.37496],[-43.61035,-20.37477],[-43.6108,-20.37466],[-43.61444,-20.37468],[-43.61557,-20.37476],[-43.61618,-20.37496],[-43.61766,-20.37588],[-43.61809,-20.37606],[-43.61892,-20.37628],[-43.62092,-20.37671],[-43.62123,-20.37674],[-43.62147,-20.37675],[-43.62196,-20.37665],[-43.62325,-20.37598],[-43.62389,-20.37574],[-43.62457,-20.37567],[-43.62594,-20.37574],[-43.62614,-20.37571],[-43.62733,-20.37499],[-43.62953,-20.37296],[-43.62936,-20.37272],[-43.62933,-20.37253],[-43.62938,-20.37243],[-43.62976,-20.37207],[-43.62974,-20.37172],[-43.62941,-20.37139],[-43.6293,-20.37078],[-43.62891,-20.37057],[-43.6283,-20.37049],[-43.6278,-20.37002],[-43.62728,-20.36962],[-43.62727,-20.36953],[-43.62749,-20.36931],[-43.62765,-20.36847],[-43.62787,-20.36801],[-43.62759,-20.36793],[-43.62712,-20.36794],[-43.62634,-20.36816],[-43.62601,-20.36805],[-43.62575,-20.36765],[-43.62523,-20.36744],[-43.62526,-20.36716],[-43.62491,-20.36659],[-43.62507,-20.36627],[-43.62532,-20.36544],[-43.62538,-20.36469],[-43.62528,-20.3644],[-43.62459,-20.36403],[-43.62453,-20.36393],[-43.6245,-20.36349],[-43.62438,-20.36337],[-43.62397,-20.36313],[-43.62354,-20.36264],[-43.62332,-20.36261],[-43.62304,-20.36265],[-43.62276,-20.36252],[-43.62262,-20.36222],[-43.62242,-20.36196],[-43.62242,-20.36135],[-43.62247,-20.36102],[-43.62235,-20.36074],[-43.62142,-20.36],[-43.62076,-20.35972],[-43.62047,-20.35951],[-43.61968,-20.35879],[-43.61936,-20.35839],[-43.61918,-20.35766],[-43.61923,-20.35734],[-43.61942,-20.35714],[-43.61973,-20.35696],[-43.62029,-20.35653],[-43.62049,-20.35629],[-43.62063,-20.35602],[-43.62061,-20.35554],[-43.62042,-20.35505],[-43.62044,-20.35444],[-43.62028,-20.35425],[-43.61987,-20.35398],[-43.61927,-20.35376],[-43.61903,-20.35379],[-43.61883,-20.35396],[-43.61861,-20.35394],[-43.6186,-20.35347],[-43.61849,-20.35312],[-43.61931,-20.35274],[-43.61962,-20.35244],[-43.61976,-20.3522],[-43.61983,-20.35177],[-43.62012,-20.35145],[-43.62045,-20.35133],[-43.62086,-20.35131],[-43.62099,-20.35122],[-43.62109,-20.35107],[-43.62182,-20.34935],[-43.62185,-20.34876],[-43.62168,-20.34786],[-43.62187,-20.34756],[-43.62198,-20.34725],[-43.62347,-20.34665],[-43.62412,-20.34631],[-43.62467,-20.34594],[-43.6251,-20.34557],[-43.62561,-20.34541],[-43.62594,-20.34536],[-43.62584,-20.34514],[-43.62573,-20.34503],[-43.62532,-20.34475],[-43.62444,-20.34431]]},"properties":{"tipo":"rota","id":"OPR-R31","rota":"ROTA 31","municipio":"Ouro Preto","id_saida":"OPR-S1","origem":"PONTO DE PARTIDA OURO PRETO","ueop":"52º BPM","cia":"248ª Cia PM","unidade":"248cia","bpm":"52bpm","modalidade":"NAO_INFORMADA","paradas":["OPR-1465"],"destinos":["CAPELA SANTO ANTONIO"],"qtd_paradas":1,"urnas":1,"distancia_km":20.24,"tempo_min":25.8,"trechos":[{"km":20.24,"min":25.8}],"calculada":true,"distancia_via_m":15}},{"type":"Feature","geometry":{"type":"LineString","coordinates":[[-43.5056,-20.38455],[-43.506,-20.38455],[-43.50643,-20.38428],[-43.50737,-20.38434],[-43.50745,-20.38436],[-43.50756,-20.38448],[-43.50777,-20.3849],[-43.50796,-20.38482],[-43.50788,-20.3844],[-43.50793,-20.38399],[-43.50786,-20.38308],[-43.50758,-20.38271],[-43.50765,-20.382],[-43.50738,-20.38101],[-43.50723,-20.38079],[-43.50689,-20.38062],[-43.50759,-20.38027],[-43.50771,-20.38016],[-43.50937,-20.37934],[-43.5097,-20.37921],[-43.51116,-20.37881],[-43.5133,-20.378],[-43.51384,-20.37789],[-43.51446,-20.37796],[-43.51488,-20.37808],[-43.51599,-20.37875],[-43.51664,-20.37899],[-43.51721,-20.37909],[-43.51849,-20.37921],[-43.51947,-20.37925],[-43.52019,-20.37936],[-43.5205,-20.37946],[-43.52118,-20.37978],[-43.52184,-20.38029],[-43.523,-20.3813],[-43.52346,-20.38146],[-43.52373,-20.38145],[-43.52399,-20.38138],[-43.52429,-20.38121],[-43.52455,-20.3809],[-43.5249,-20.38037],[-43.52546,-20.37891],[-43.52559,-20.37872],[-43.52579,-20.37857],[-43.52628,-20.37837],[-43.52767,-20.37834],[-43.52836,-20.37816],[-43.52942,-20.37761],[-43.53211,-20.37608],[-43.53367,-20.37528],[-43.53408,-20.37518],[-43.53441,-20.37521],[-43.5346,-20.37528],[-43.53476,-20.37538],[-43.53554,-20.37636],[-43.53576,-20.37653],[-43.53611,-20.37668],[-43.53673,-20.37673],[-43.53902,-20.37585],[-43.54046,-20.37517],[-43.54061,-20.37493],[-43.54104,-20.37445],[-43.54117,-20.37422],[-43.54132,-20.37413],[-43.54162,-20.3741],[-43.5418,-20.37403],[-43.54191,-20.3738],[-43.54191,-20.37356],[-43.54186,-20.37341],[-43.54158,-20.37312],[-43.54152,-20.373],[-43.54152,-20.37281],[-43.54161,-20.37259],[-43.54177,-20.37249],[-43.54272,-20.37242],[-43.54297,-20.37231],[-43.54315,-20.37214],[-43.54336,-20.37176],[-43.54399,-20.37116],[-43.54425,-20.37098],[-43.54426,-20.37084],[-43.54393,-20.36994],[-43.54394,-20.36962],[-43.54412,-20.3691],[-43.54442,-20.36896],[-43.54476,-20.36851],[-43.54507,-20.36823],[-43.54558,-20.36802],[-43.54566,-20.3679],[-43.54564,-20.36769],[-43.54589,-20.3674],[-43.54706,-20.36698],[-43.54737,-20.36678],[-43.54745,-20.3666],[-43.5474,-20.3665],[-43.54725,-20.36646],[-43.54621,-20.36653],[-43.54577,-20.36672],[-43.54517,-20.36687],[-43.54473,-20.3669],[-43.5442,-20.36675],[-43.54342,-20.36671],[-43.54301,-20.36647],[-43.54259,-20.36611],[-43.54234,-20.36603],[-43.54215,-20.36605],[-43.54146,-20.3663],[-43.54104,-20.36636],[-43.54092,-20.3663],[-43.5406,-20.36597],[-43.53948,-20.36561],[-43.53882,-20.36519],[-43.53855,-20.36474],[-43.53845,-20.36419],[-43.53849,-20.36391],[-43.53858,-20.36377],[-43.53895,-20.3634],[-43.53916,-20.36309],[-43.53916,-20.36295],[-43.53901,-20.36261],[-43.53877,-20.36235],[-43.53853,-20.36219],[-43.53843,-20.36178],[-43.53852,-20.36143],[-43.5387,-20.36118],[-43.5393,-20.36113],[-43.53965,-20.36097],[-43.54022,-20.36089],[-43.5405,-20.36059],[-43.54072,-20.36012],[-43.54175,-20.35849],[-43.54241,-20.35736],[-43.54244,-20.35707],[-43.54234,-20.35671],[-43.54264,-20.35569],[-43.54265,-20.35536],[-43.54221,-20.35422],[-43.54239,-20.35394],[-43.54262,-20.35382],[-43.54314,-20.35409],[-43.54336,-20.3541],[-43.54355,-20.35402],[-43.54377,-20.35377],[-43.54386,-20.35324],[-43.54403,-20.35285],[-43.54423,-20.35263],[-43.54463,-20.35138],[-43.5451,-20.35027],[-43.54558,-20.34967],[-43.54571,-20.34935],[-43.54587,-20.34862],[-43.54607,-20.34541],[-43.54601,-20.34507],[-43.54603,-20.34389],[-43.54595,-20.34361],[-43.54539,-20.34299],[-43.54544,-20.34292],[-43.54558,-20.34293],[-43.54616,-20.34307],[-43.54644,-20.343],[-43.54711,-20.34259],[-43.54737,-20.34231],[-43.54773,-20.34225],[-43.54794,-20.34227],[-43.54862,-20.34251],[-43.54969,-20.34321],[-43.55135,-20.34323],[-43.55256,-20.34396],[-43.55274,-20.34432],[-43.55314,-20.34493],[-43.55444,-20.34596],[-43.55532,-20.34645],[-43.55623,-20.34715],[-43.55663,-20.34726],[-43.5571,-20.3472],[-43.55734,-20.34707],[-43.55838,-20.34474],[-43.5589,-20.3445],[-43.56004,-20.34437],[-43.56137,-20.34349],[-43.56151,-20.34363],[-43.56135,-20.3445],[-43.56145,-20.34451],[-43.56189,-20.34402],[-43.56226,-20.3438],[-43.5625,-20.34379],[-43.56275,-20.34388],[-43.56299,-20.34407],[-43.56307,-20.344],[-43.56299,-20.34354],[-43.5629,-20.34333],[-43.56264,-20.34308],[-43.56255,-20.34279],[-43.56301,-20.34214],[-43.56332,-20.34199],[-43.56409,-20.34216],[-43.56539,-20.34202],[-43.5659,-20.3418],[-43.56646,-20.34145],[-43.56741,-20.34108],[-43.56744,-20.34088],[-43.56726,-20.3405],[-43.5671,-20.34029],[-43.56634,-20.33993],[-43.56594,-20.33966],[-43.56564,-20.33936],[-43.56538,-20.33893],[-43.56484,-20.33866],[-43.56447,-20.33854],[-43.56433,-20.3384],[-43.56436,-20.33826],[-43.56455,-20.33817],[-43.56479,-20.33816],[-43.56514,-20.33826],[-43.56668,-20.33815],[-43.56692,-20.33809],[-43.56708,-20.33796],[-43.56726,-20.33789],[-43.5674,-20.33788],[-43.56827,-20.33816],[-43.56868,-20.3382],[-43.56891,-20.3383],[-43.56929,-20.33858],[-43.56946,-20.33861],[-43.5698,-20.33854],[-43.57035,-20.3383],[-43.57061,-20.33806],[-43.57081,-20.33778],[-43.57093,-20.3375],[-43.57094,-20.33723],[-43.5707,-20.33658],[-43.57063,-20.33624],[-43.5705,-20.33603],[-43.56975,-20.33563],[-43.56959,-20.33546],[-43.56955,-20.33529],[-43.56963,-20.33502],[-43.57031,-20.33449],[-43.57037,-20.33438],[-43.57016,-20.33348],[-43.56965,-20.33217],[-43.56957,-20.33155],[-43.56944,-20.33133],[-43.56888,-20.33103],[-43.56823,-20.33091],[-43.56766,-20.33074],[-43.56749,-20.33047],[-43.56752,-20.33003],[-43.56792,-20.32829],[-43.5681,-20.32727],[-43.5683,-20.32655],[-43.56853,-20.32492],[-43.56852,-20.32475],[-43.56836,-20.3245],[-43.56838,-20.3243],[-43.56852,-20.3239],[-43.5685,-20.32377],[-43.56827,-20.32336],[-43.56788,-20.3231],[-43.5678,-20.32297],[-43.56799,-20.32241],[-43.56792,-20.32162],[-43.56806,-20.32108],[-43.56858,-20.32076],[-43.5692,-20.32057],[-43.56957,-20.32063],[-43.57007,-20.32092],[-43.57021,-20.32098],[-43.57031,-20.32097],[-43.57091,-20.32066],[-43.57165,-20.32062],[-43.57219,-20.32026],[-43.57281,-20.31962],[-43.5737,-20.31896],[-43.57404,-20.31863],[-43.57435,-20.3182],[-43.5745,-20.31796],[-43.57456,-20.31776],[-43.57457,-20.31719],[-43.57482,-20.31664],[-43.57509,-20.3162],[-43.57527,-20.31609],[-43.57604,-20.31598],[-43.57673,-20.31569],[-43.57773,-20.31491],[-43.57837,-20.31448],[-43.57909,-20.31384],[-43.57899,-20.31359],[-43.57858,-20.31294],[-43.57894,-20.3128]]},"properties":{"tipo":"rota","id":"OPR-R32","rota":"ROTA 32","municipio":"Ouro Preto","id_saida":"OPR-S1","origem":"PONTO DE PARTIDA OURO PRETO","ueop":"52º BPM","cia":"248ª Cia PM","unidade":"248cia","bpm":"52bpm","modalidade":"NAO_INFORMADA","paradas":["OPR-1600"],"destinos":["SALAO COMUNITARIO DOUTOR"],"qtd_paradas":1,"urnas":1,"distancia_km":18.5,"tempo_min":28.2,"trechos":[{"km":18.5,"min":28.2}],"calculada":true,"distancia_via_m":15}},{"type":"Feature","geometry":{"type":"LineString","coordinates":[[-43.5056,-20.38455],[-43.506,-20.38455],[-43.50643,-20.38428],[-43.50737,-20.38434],[-43.50745,-20.38436],[-43.50756,-20.38448],[-43.50777,-20.3849],[-43.50796,-20.38482],[-43.50788,-20.3844],[-43.50793,-20.38399],[-43.50786,-20.38308],[-43.50758,-20.38271],[-43.50765,-20.382],[-43.50738,-20.38101],[-43.50723,-20.38079],[-43.50689,-20.38062],[-43.50759,-20.38027],[-43.50771,-20.38016],[-43.50937,-20.37934],[-43.5097,-20.37921],[-43.51116,-20.37881],[-43.5133,-20.378],[-43.51384,-20.37789],[-43.51446,-20.37796],[-43.51488,-20.37808],[-43.51599,-20.37875],[-43.51664,-20.37899],[-43.51721,-20.37909],[-43.51849,-20.37921],[-43.51947,-20.37925],[-43.52019,-20.37936],[-43.5205,-20.37946],[-43.52118,-20.37978],[-43.52184,-20.38029],[-43.523,-20.3813],[-43.52346,-20.38146],[-43.52373,-20.38145],[-43.52399,-20.38138],[-43.52429,-20.38121],[-43.52455,-20.3809],[-43.5249,-20.38037],[-43.52546,-20.37891],[-43.52559,-20.37872],[-43.52579,-20.37857],[-43.52628,-20.37837],[-43.52767,-20.37834],[-43.52836,-20.37816],[-43.52942,-20.37761],[-43.53211,-20.37608],[-43.53367,-20.37528],[-43.53408,-20.37518],[-43.53441,-20.37521],[-43.5346,-20.37528],[-43.53476,-20.37538],[-43.53554,-20.37636],[-43.53576,-20.37653],[-43.53611,-20.37668],[-43.53673,-20.37673],[-43.53902,-20.37585],[-43.54046,-20.37517],[-43.54061,-20.37493],[-43.54104,-20.37445],[-43.54117,-20.37422],[-43.54132,-20.37413],[-43.54162,-20.3741],[-43.5418,-20.37403],[-43.54191,-20.3738],[-43.54191,-20.37356],[-43.54186,-20.37341],[-43.54158,-20.37312],[-43.54152,-20.373],[-43.54152,-20.37281],[-43.54161,-20.37259],[-43.54177,-20.37249],[-43.54272,-20.37242],[-43.54297,-20.37231],[-43.54315,-20.37214],[-43.54336,-20.37176],[-43.54399,-20.37116],[-43.54425,-20.37098],[-43.54426,-20.37084],[-43.54393,-20.36994],[-43.54394,-20.36962],[-43.54412,-20.3691],[-43.54442,-20.36896],[-43.54476,-20.36851],[-43.54507,-20.36823],[-43.54558,-20.36802],[-43.54566,-20.3679],[-43.54564,-20.36769],[-43.54589,-20.3674],[-43.54706,-20.36698],[-43.54737,-20.36678],[-43.54745,-20.3666],[-43.5474,-20.3665],[-43.54725,-20.36646],[-43.54621,-20.36653],[-43.54577,-20.36672],[-43.54517,-20.36687],[-43.54473,-20.3669],[-43.5442,-20.36675],[-43.54342,-20.36671],[-43.54301,-20.36647],[-43.54259,-20.36611],[-43.54234,-20.36603],[-43.54215,-20.36605],[-43.54146,-20.3663],[-43.54104,-20.36636],[-43.54092,-20.3663],[-43.5406,-20.36597],[-43.53948,-20.36561],[-43.53882,-20.36519],[-43.53855,-20.36474],[-43.53845,-20.36419],[-43.53849,-20.36391],[-43.53858,-20.36377],[-43.53895,-20.3634],[-43.53916,-20.36309],[-43.53916,-20.36295],[-43.53901,-20.36261],[-43.53877,-20.36235],[-43.53853,-20.36219],[-43.53843,-20.36178],[-43.53852,-20.36143],[-43.5387,-20.36118],[-43.5393,-20.36113],[-43.53965,-20.36097],[-43.54022,-20.36089],[-43.5405,-20.36059],[-43.54072,-20.36012],[-43.54175,-20.35849],[-43.54241,-20.35736],[-43.54244,-20.35707],[-43.54234,-20.35671],[-43.54264,-20.35569],[-43.54265,-20.35536],[-43.54221,-20.35422],[-43.54239,-20.35394],[-43.54262,-20.35382],[-43.54314,-20.35409],[-43.54336,-20.3541],[-43.54355,-20.35402],[-43.54377,-20.35377],[-43.54386,-20.35324],[-43.54403,-20.35285],[-43.54423,-20.35263],[-43.54463,-20.35138],[-43.5451,-20.35027],[-43.54558,-20.34967],[-43.54571,-20.34935],[-43.54587,-20.34862],[-43.54607,-20.34541],[-43.54601,-20.34507],[-43.54603,-20.34389],[-43.54595,-20.34361],[-43.54539,-20.34299],[-43.54544,-20.34292],[-43.54558,-20.34293],[-43.54616,-20.34307],[-43.54644,-20.343],[-43.54711,-20.34259],[-43.54737,-20.34231],[-43.54773,-20.34225],[-43.54794,-20.34227],[-43.54862,-20.34251],[-43.54969,-20.34321],[-43.55135,-20.34323],[-43.55256,-20.34396],[-43.55274,-20.34432],[-43.55314,-20.34493],[-43.55444,-20.34596],[-43.55532,-20.34645],[-43.55623,-20.34715],[-43.55663,-20.34726],[-43.5571,-20.3472],[-43.55734,-20.34707],[-43.55838,-20.34474],[-43.5589,-20.3445],[-43.56004,-20.34437],[-43.56137,-20.34349],[-43.56151,-20.34363],[-43.56135,-20.3445],[-43.56145,-20.34451],[-43.56189,-20.34402],[-43.56226,-20.3438],[-43.5625,-20.34379],[-43.56275,-20.34388],[-43.56299,-20.34407],[-43.56307,-20.344],[-43.56299,-20.34354],[-43.5629,-20.34333],[-43.56264,-20.34308],[-43.56255,-20.34279],[-43.56301,-20.34214],[-43.56332,-20.34199],[-43.56409,-20.34216],[-43.56539,-20.34202],[-43.5659,-20.3418],[-43.56646,-20.34145],[-43.56741,-20.34108],[-43.56744,-20.34088],[-43.56726,-20.3405],[-43.5671,-20.34029],[-43.56634,-20.33993],[-43.56594,-20.33966],[-43.56564,-20.33936],[-43.56538,-20.33893],[-43.56484,-20.33866],[-43.56447,-20.33854],[-43.56433,-20.3384],[-43.56436,-20.33826],[-43.56455,-20.33817],[-43.56479,-20.33816],[-43.56514,-20.33826],[-43.56668,-20.33815],[-43.56692,-20.33809],[-43.56708,-20.33796],[-43.56726,-20.33789],[-43.5674,-20.33788],[-43.56827,-20.33816],[-43.56868,-20.3382],[-43.56891,-20.3383],[-43.56929,-20.33858],[-43.56946,-20.33861],[-43.5698,-20.33854],[-43.57035,-20.3383],[-43.57061,-20.33806],[-43.57081,-20.33778],[-43.57093,-20.3375],[-43.57094,-20.33723],[-43.5707,-20.33658],[-43.57063,-20.33624],[-43.5705,-20.33603],[-43.56975,-20.33563],[-43.56959,-20.33546],[-43.56955,-20.33529],[-43.56963,-20.33502],[-43.57031,-20.33449],[-43.57037,-20.33438],[-43.57016,-20.33348],[-43.56965,-20.33217],[-43.56957,-20.33155],[-43.56944,-20.33133],[-43.56888,-20.33103],[-43.56823,-20.33091],[-43.56766,-20.33074],[-43.56749,-20.33047],[-43.56752,-20.33003],[-43.56792,-20.32829],[-43.5681,-20.32727],[-43.5683,-20.32655],[-43.56853,-20.32492],[-43.56852,-20.32475],[-43.56836,-20.3245],[-43.56838,-20.3243],[-43.56852,-20.3239],[-43.5685,-20.32377],[-43.56827,-20.32336],[-43.56788,-20.3231],[-43.5678,-20.32297],[-43.56799,-20.32241],[-43.56792,-20.32162],[-43.56806,-20.32108],[-43.56858,-20.32076],[-43.5692,-20.32057],[-43.5697,-20.32068],[-43.57021,-20.32098],[-43.5705,-20.3209],[-43.57067,-20.32076],[-43.57091,-20.32066],[-43.57165,-20.32062],[-43.57219,-20.32026],[-43.57281,-20.31962],[-43.57313,-20.31942],[-43.57404,-20.31863],[-43.5745,-20.31796],[-43.57456,-20.31776],[-43.57457,-20.31719],[-43.57482,-20.31664],[-43.57509,-20.3162],[-43.57527,-20.31609],[-43.57604,-20.31598],[-43.57673,-20.31569],[-43.57773,-20.31491],[-43.57796,-20.31478],[-43.57801,-20.31483]]},"properties":{"tipo":"rota","id":"OPR-R33","rota":"ROTA 33","municipio":"Ouro Preto","id_saida":"OPR-S1","origem":"PONTO DE PARTIDA OURO PRETO","ueop":"52º BPM","cia":"248ª Cia PM","unidade":"248cia","bpm":"52bpm","modalidade":"NAO_INFORMADA","paradas":["OPR-1333"],"destinos":["ESCOLA  MUNICIPAL DOUTOR WASHINGTON DE ARAÚJO DIAS"],"qtd_paradas":1,"urnas":2,"distancia_km":18.2,"tempo_min":27.7,"trechos":[{"km":18.2,"min":27.7}],"calculada":true,"distancia_via_m":15}},{"type":"Feature","geometry":{"type":"LineString","coordinates":[[-43.5056,-20.38455],[-43.506,-20.38455],[-43.50643,-20.38428],[-43.50737,-20.38434],[-43.50745,-20.38436],[-43.50756,-20.38448],[-43.50777,-20.3849],[-43.50796,-20.38482],[-43.50788,-20.3844],[-43.50793,-20.38399],[-43.50786,-20.38308],[-43.50758,-20.38271],[-43.50765,-20.382],[-43.50738,-20.38101],[-43.50723,-20.38079],[-43.50689,-20.38062],[-43.50759,-20.38027],[-43.50771,-20.38016],[-43.50937,-20.37934],[-43.5097,-20.37921],[-43.51116,-20.37881],[-43.5133,-20.378],[-43.51384,-20.37789],[-43.51446,-20.37796],[-43.51488,-20.37808],[-43.51599,-20.37875],[-43.51664,-20.37899],[-43.51721,-20.37909],[-43.51849,-20.37921],[-43.51947,-20.37925],[-43.52019,-20.37936],[-43.5205,-20.37946],[-43.52118,-20.37978],[-43.52184,-20.38029],[-43.523,-20.3813],[-43.52346,-20.38146],[-43.52373,-20.38145],[-43.52399,-20.38138],[-43.52429,-20.38121],[-43.52455,-20.3809],[-43.5249,-20.38037],[-43.52546,-20.37891],[-43.52559,-20.37872],[-43.52579,-20.37857],[-43.52628,-20.37837],[-43.52767,-20.37834],[-43.52836,-20.37816],[-43.52942,-20.37761],[-43.53211,-20.37608],[-43.53367,-20.37528],[-43.53408,-20.37518],[-43.53441,-20.37521],[-43.5346,-20.37528],[-43.53476,-20.37538],[-43.53554,-20.37636],[-43.53576,-20.37653],[-43.53611,-20.37668],[-43.53673,-20.37673],[-43.53902,-20.37585],[-43.54046,-20.37517],[-43.54061,-20.37493],[-43.54104,-20.37445],[-43.54117,-20.37422],[-43.54132,-20.37413],[-43.54162,-20.3741],[-43.5418,-20.37403],[-43.54191,-20.3738],[-43.54191,-20.37356],[-43.54186,-20.37341],[-43.54158,-20.37312],[-43.54152,-20.373],[-43.54152,-20.37281],[-43.54161,-20.37259],[-43.54177,-20.37249],[-43.54272,-20.37242],[-43.54297,-20.37231],[-43.54315,-20.37214],[-43.54336,-20.37176],[-43.54399,-20.37116],[-43.54425,-20.37098],[-43.54426,-20.37084],[-43.54393,-20.36994],[-43.54394,-20.36962],[-43.54412,-20.3691],[-43.54442,-20.36896],[-43.54476,-20.36851],[-43.54507,-20.36823],[-43.54558,-20.36802],[-43.54566,-20.3679],[-43.54564,-20.36769],[-43.54589,-20.3674],[-43.54706,-20.36698],[-43.54737,-20.36678],[-43.54745,-20.3666],[-43.5474,-20.3665],[-43.54725,-20.36646],[-43.54621,-20.36653],[-43.54577,-20.36672],[-43.54517,-20.36687],[-43.54473,-20.3669],[-43.5442,-20.36675],[-43.54342,-20.36671],[-43.54301,-20.36647],[-43.54259,-20.36611],[-43.54234,-20.36603],[-43.54215,-20.36605],[-43.54146,-20.3663],[-43.54104,-20.36636],[-43.54092,-20.3663],[-43.5406,-20.36597],[-43.53948,-20.36561],[-43.53882,-20.36519],[-43.53855,-20.36474],[-43.53845,-20.36419],[-43.53849,-20.36391],[-43.53858,-20.36377],[-43.53895,-20.3634],[-43.53916,-20.36309],[-43.53916,-20.36295],[-43.53901,-20.36261],[-43.53877,-20.36235],[-43.53853,-20.36219],[-43.53843,-20.36178],[-43.53852,-20.36143],[-43.5387,-20.36118],[-43.5393,-20.36113],[-43.53965,-20.36097],[-43.54022,-20.36089],[-43.5405,-20.36059],[-43.54072,-20.36012],[-43.54175,-20.35849],[-43.54241,-20.35736],[-43.54244,-20.35707],[-43.54234,-20.35671],[-43.54264,-20.35569],[-43.54265,-20.35536],[-43.54221,-20.35422],[-43.54239,-20.35394],[-43.54262,-20.35382],[-43.54314,-20.35409],[-43.54336,-20.3541],[-43.54355,-20.35402],[-43.54377,-20.35377],[-43.54386,-20.35324],[-43.54403,-20.35285],[-43.54423,-20.35263],[-43.54463,-20.35138],[-43.5451,-20.35027],[-43.54558,-20.34967],[-43.54571,-20.34935],[-43.54587,-20.34862],[-43.54607,-20.34541],[-43.54601,-20.34507],[-43.54603,-20.34389],[-43.54595,-20.34361],[-43.54539,-20.34299],[-43.54544,-20.34292],[-43.54558,-20.34293],[-43.54616,-20.34307],[-43.54644,-20.343],[-43.54711,-20.34259],[-43.54737,-20.34231],[-43.54773,-20.34225],[-43.54794,-20.34227],[-43.54862,-20.34251],[-43.54969,-20.34321],[-43.55135,-20.34323],[-43.55256,-20.34396],[-43.55274,-20.34432],[-43.55314,-20.34493],[-43.55444,-20.34596],[-43.55532,-20.34645],[-43.55623,-20.34715],[-43.55663,-20.34726],[-43.5571,-20.3472],[-43.55734,-20.34707],[-43.55838,-20.34474],[-43.5589,-20.3445],[-43.56004,-20.34437],[-43.56137,-20.34349],[-43.56151,-20.34363],[-43.56135,-20.3445],[-43.56145,-20.34451],[-43.56189,-20.34402],[-43.56226,-20.3438],[-43.5625,-20.34379],[-43.56275,-20.34388],[-43.56299,-20.34407],[-43.56307,-20.344],[-43.56299,-20.34354],[-43.5629,-20.34333],[-43.56264,-20.34308],[-43.56255,-20.34279],[-43.56301,-20.34214],[-43.56332,-20.34199],[-43.56409,-20.34216],[-43.56539,-20.34202],[-43.5659,-20.3418],[-43.56646,-20.34145],[-43.56741,-20.34108],[-43.56744,-20.34088],[-43.56726,-20.3405],[-43.5671,-20.34029],[-43.56634,-20.33993],[-43.56594,-20.33966],[-43.56564,-20.33936],[-43.56538,-20.33893],[-43.56484,-20.33866],[-43.56447,-20.33854],[-43.56433,-20.3384],[-43.56436,-20.33826],[-43.56455,-20.33817],[-43.56479,-20.33816],[-43.56514,-20.33826],[-43.56668,-20.33815],[-43.56692,-20.33809],[-43.56708,-20.33796],[-43.56726,-20.33789],[-43.5674,-20.33788],[-43.56827,-20.33816],[-43.56868,-20.3382],[-43.56891,-20.3383],[-43.56929,-20.33858],[-43.56946,-20.33861],[-43.5698,-20.33854],[-43.57035,-20.3383],[-43.57061,-20.33806],[-43.57081,-20.33778],[-43.57093,-20.3375],[-43.57094,-20.33723],[-43.5707,-20.33658],[-43.57063,-20.33624],[-43.5705,-20.33603],[-43.56975,-20.33563],[-43.56959,-20.33546],[-43.56955,-20.33529],[-43.56963,-20.33502],[-43.57031,-20.33449],[-43.57037,-20.33438],[-43.57016,-20.33348],[-43.56965,-20.33217],[-43.56957,-20.33155],[-43.56944,-20.33133],[-43.56888,-20.33103],[-43.56823,-20.33091],[-43.56766,-20.33074],[-43.56749,-20.33047],[-43.56752,-20.33003],[-43.56792,-20.32829],[-43.5681,-20.32727],[-43.5683,-20.32655],[-43.56853,-20.32492],[-43.56852,-20.32475],[-43.56836,-20.3245],[-43.56838,-20.3243],[-43.56852,-20.3239],[-43.5685,-20.32377],[-43.56827,-20.32336],[-43.56788,-20.3231],[-43.5678,-20.32297],[-43.56799,-20.32241],[-43.56792,-20.32162],[-43.56806,-20.32108],[-43.56858,-20.32076],[-43.5692,-20.32057],[-43.56957,-20.32063],[-43.57007,-20.32092],[-43.57021,-20.32098],[-43.57031,-20.32097],[-43.57091,-20.32066],[-43.57165,-20.32062],[-43.57219,-20.32026],[-43.57281,-20.31962],[-43.5737,-20.31896],[-43.57404,-20.31863],[-43.57435,-20.3182],[-43.5745,-20.31796],[-43.57456,-20.31776],[-43.57457,-20.31719],[-43.57482,-20.31664],[-43.57509,-20.3162],[-43.57527,-20.31609],[-43.57604,-20.31598],[-43.57673,-20.31569],[-43.57773,-20.31491],[-43.57837,-20.31448],[-43.57909,-20.31384],[-43.57899,-20.31359],[-43.57864,-20.31308],[-43.57853,-20.3128],[-43.57839,-20.31294]]},"properties":{"tipo":"rota","id":"OPR-R34","rota":"ROTA 34","municipio":"Ouro Preto","id_saida":"OPR-S1","origem":"PONTO DE PARTIDA OURO PRETO","ueop":"52º BPM","cia":"248ª Cia PM","unidade":"248cia","bpm":"52bpm","modalidade":"NAO_INFORMADA","paradas":["OPR-1341"],"destinos":["ASSOCIAÇÃO EMENDAS ARTESANAIS DE MACIEL"],"qtd_paradas":1,"urnas":1,"distancia_km":18.5,"tempo_min":28.2,"trechos":[{"km":18.5,"min":28.2}],"calculada":true,"distancia_via_m":15}},{"type":"Feature","geometry":{"type":"LineString","coordinates":[[-43.5056,-20.38455],[-43.506,-20.38455],[-43.50643,-20.38428],[-43.50737,-20.38434],[-43.50745,-20.38436],[-43.50756,-20.38448],[-43.50777,-20.3849],[-43.50796,-20.38482],[-43.50788,-20.3844],[-43.50793,-20.38399],[-43.50786,-20.38308],[-43.50758,-20.38271],[-43.50765,-20.382],[-43.50738,-20.38101],[-43.50723,-20.38079],[-43.50689,-20.38062],[-43.50759,-20.38027],[-43.50771,-20.38016],[-43.50937,-20.37934],[-43.5097,-20.37921],[-43.51116,-20.37881],[-43.5133,-20.378],[-43.51384,-20.37789],[-43.51446,-20.37796],[-43.51488,-20.37808],[-43.51599,-20.37875],[-43.51664,-20.37899],[-43.51721,-20.37909],[-43.51849,-20.37921],[-43.51947,-20.37925],[-43.52019,-20.37936],[-43.5205,-20.37946],[-43.52118,-20.37978],[-43.52184,-20.38029],[-43.523,-20.3813],[-43.52346,-20.38146],[-43.52373,-20.38145],[-43.52399,-20.38138],[-43.52429,-20.38121],[-43.52455,-20.3809],[-43.5249,-20.38037],[-43.52546,-20.37891],[-43.52559,-20.37872],[-43.52579,-20.37857],[-43.52628,-20.37837],[-43.52767,-20.37834],[-43.52836,-20.37816],[-43.52942,-20.37761],[-43.53211,-20.37608],[-43.53386,-20.37521],[-43.53423,-20.37518],[-43.5346,-20.37528],[-43.53476,-20.37538],[-43.53554,-20.37636],[-43.53576,-20.37653],[-43.53611,-20.37668],[-43.53673,-20.37673],[-43.53902,-20.37585],[-43.54074,-20.37505],[-43.54382,-20.37382],[-43.54444,-20.37371],[-43.54483,-20.37378],[-43.54522,-20.37397],[-43.54824,-20.37605],[-43.54878,-20.37624],[-43.54931,-20.3762],[-43.54961,-20.37608],[-43.55034,-20.37552],[-43.55102,-20.37514],[-43.5526,-20.37479],[-43.55422,-20.37429],[-43.555,-20.37394],[-43.55594,-20.37311],[-43.55928,-20.36965],[-43.56107,-20.36838],[-43.56176,-20.36797],[-43.56259,-20.36767],[-43.5632,-20.36755],[-43.56756,-20.36715],[-43.56783,-20.36714],[-43.56838,-20.36722],[-43.5688,-20.36738],[-43.56903,-20.36752],[-43.56946,-20.3679],[-43.57058,-20.36919],[-43.57082,-20.36939],[-43.57128,-20.36964],[-43.57177,-20.36977],[-43.57235,-20.36981],[-43.57418,-20.3698],[-43.57476,-20.36994],[-43.57514,-20.37013],[-43.5759,-20.37076],[-43.57902,-20.37411],[-43.57967,-20.37467],[-43.58046,-20.37512],[-43.58113,-20.37538],[-43.58173,-20.37552],[-43.58346,-20.37564],[-43.58417,-20.37578],[-43.58753,-20.37713],[-43.58803,-20.37728],[-43.58893,-20.37742],[-43.59007,-20.37746],[-43.59226,-20.37723],[-43.59431,-20.37711],[-43.59488,-20.37719],[-43.59587,-20.3775],[-43.59901,-20.37875],[-43.59976,-20.379],[-43.60221,-20.37916],[-43.60633,-20.37921],[-43.60713,-20.37909],[-43.6073,-20.37903],[-43.60748,-20.37887],[-43.60766,-20.37862],[-43.60777,-20.37836],[-43.6079,-20.3778],[-43.60802,-20.37753],[-43.60814,-20.37738],[-43.60902,-20.37672],[-43.60925,-20.37648],[-43.60945,-20.3762],[-43.60974,-20.37547],[-43.60996,-20.37506],[-43.61004,-20.37496],[-43.61035,-20.37477],[-43.6108,-20.37466],[-43.61444,-20.37468],[-43.61557,-20.37476],[-43.61618,-20.37496],[-43.61766,-20.37588],[-43.61809,-20.37606],[-43.61892,-20.37628],[-43.62092,-20.37671],[-43.62123,-20.37674],[-43.62147,-20.37675],[-43.62196,-20.37665],[-43.62325,-20.37598],[-43.62389,-20.37574],[-43.62457,-20.37567],[-43.62594,-20.37574],[-43.62614,-20.37571],[-43.62733,-20.37499],[-43.62981,-20.3727],[-43.6301,-20.37226],[-43.63015,-20.37208],[-43.63021,-20.37093],[-43.6304,-20.37041],[-43.63065,-20.37007],[-43.63087,-20.36988],[-43.63192,-20.36914],[-43.63231,-20.36894],[-43.6349,-20.36854],[-43.63566,-20.36852],[-43.63593,-20.36858],[-43.63637,-20.36877],[-43.6388,-20.3704],[-43.6394,-20.3707],[-43.64002,-20.37082],[-43.64052,-20.37079],[-43.64083,-20.37072],[-43.64148,-20.37042],[-43.64183,-20.37013],[-43.64215,-20.36973],[-43.64297,-20.36816],[-43.64362,-20.36743],[-43.64403,-20.3671],[-43.65362,-20.36256],[-43.65527,-20.36188],[-43.65867,-20.36065],[-43.65948,-20.36029],[-43.66001,-20.35998],[-43.66053,-20.35953],[-43.66099,-20.35896],[-43.66131,-20.35833],[-43.6615,-20.3577],[-43.66177,-20.356],[-43.66209,-20.35545],[-43.66316,-20.35442],[-43.66395,-20.3539],[-43.66494,-20.35338],[-43.66664,-20.35226],[-43.66727,-20.35174],[-43.6684,-20.35062],[-43.66868,-20.3504],[-43.66913,-20.35017],[-43.66986,-20.34943],[-43.66928,-20.34871],[-43.66882,-20.34846],[-43.66916,-20.34728],[-43.66975,-20.34684],[-43.66966,-20.34737],[-43.66928,-20.34871],[-43.66882,-20.34846],[-43.66916,-20.34728],[-43.66975,-20.34684],[-43.66972,-20.34713],[-43.66952,-20.34789],[-43.67078,-20.34694]]},"properties":{"tipo":"rota","id":"OPR-R35","rota":"ROTA 35","municipio":"Ouro Preto","id_saida":"OPR-S1","origem":"PONTO DE PARTIDA OURO PRETO","ueop":"52º BPM","cia":"248ª Cia PM","unidade":"248cia","bpm":"52bpm","modalidade":"NAO_INFORMADA","paradas":["OPR-1260","OPR-1244"],"destinos":["ESCOLA MUNICIPAL BONEQUINHA PRETA - EDUCAÇÃO INFANTIL","ESCOLA ESTADUAL PADRE AFONSO DE LEMOS"],"qtd_paradas":2,"urnas":14,"distancia_km":22.2,"tempo_min":28.2,"trechos":[{"km":21.57,"min":26.3},{"km":0.63,"min":1.9}],"calculada":true,"distancia_via_m":23}},{"type":"Feature","geometry":{"type":"LineString","coordinates":[[-43.5056,-20.38455],[-43.506,-20.38455],[-43.50643,-20.38428],[-43.50737,-20.38434],[-43.50745,-20.38436],[-43.50756,-20.38448],[-43.50777,-20.3849],[-43.50796,-20.38482],[-43.50788,-20.3844],[-43.50793,-20.38399],[-43.50786,-20.38308],[-43.50758,-20.38271],[-43.50765,-20.382],[-43.50738,-20.38101],[-43.50723,-20.38079],[-43.50689,-20.38062],[-43.50759,-20.38027],[-43.50771,-20.38016],[-43.50937,-20.37934],[-43.5097,-20.37921],[-43.51116,-20.37881],[-43.5133,-20.378],[-43.51384,-20.37789],[-43.51446,-20.37796],[-43.51488,-20.37808],[-43.51599,-20.37875],[-43.51664,-20.37899],[-43.51721,-20.37909],[-43.51849,-20.37921],[-43.51947,-20.37925],[-43.52019,-20.37936],[-43.5205,-20.37946],[-43.52118,-20.37978],[-43.52184,-20.38029],[-43.523,-20.3813],[-43.52346,-20.38146],[-43.52373,-20.38145],[-43.52399,-20.38138],[-43.52429,-20.38121],[-43.52455,-20.3809],[-43.5249,-20.38037],[-43.52546,-20.37891],[-43.52559,-20.37872],[-43.52579,-20.37857],[-43.52628,-20.37837],[-43.52767,-20.37834],[-43.52836,-20.37816],[-43.52942,-20.37761],[-43.53211,-20.37608],[-43.53386,-20.37521],[-43.53423,-20.37518],[-43.5346,-20.37528],[-43.53476,-20.37538],[-43.53554,-20.37636],[-43.53576,-20.37653],[-43.53611,-20.37668],[-43.53673,-20.37673],[-43.53902,-20.37585],[-43.54074,-20.37505],[-43.54382,-20.37382],[-43.54444,-20.37371],[-43.54483,-20.37378],[-43.54522,-20.37397],[-43.54824,-20.37605],[-43.54878,-20.37624],[-43.54931,-20.3762],[-43.54961,-20.37608],[-43.55034,-20.37552],[-43.55102,-20.37514],[-43.5526,-20.37479],[-43.55422,-20.37429],[-43.555,-20.37394],[-43.55594,-20.37311],[-43.55928,-20.36965],[-43.56107,-20.36838],[-43.56176,-20.36797],[-43.56259,-20.36767],[-43.5632,-20.36755],[-43.56756,-20.36715],[-43.56783,-20.36714],[-43.56838,-20.36722],[-43.5688,-20.36738],[-43.56903,-20.36752],[-43.56946,-20.3679],[-43.57058,-20.36919],[-43.57082,-20.36939],[-43.57128,-20.36964],[-43.57177,-20.36977],[-43.57235,-20.36981],[-43.57418,-20.3698],[-43.57476,-20.36994],[-43.57514,-20.37013],[-43.5759,-20.37076],[-43.57902,-20.37411],[-43.57967,-20.37467],[-43.58046,-20.37512],[-43.58113,-20.37538],[-43.58173,-20.37552],[-43.58346,-20.37564],[-43.58417,-20.37578],[-43.58712,-20.37698],[-43.58803,-20.37728],[-43.58893,-20.37742],[-43.59007,-20.37746],[-43.59381,-20.37711],[-43.5946,-20.37714],[-43.59587,-20.3775],[-43.59901,-20.37875],[-43.59976,-20.379],[-43.60221,-20.37916],[-43.60633,-20.37921],[-43.60713,-20.37909],[-43.6073,-20.37903],[-43.60748,-20.37887],[-43.60766,-20.37862],[-43.60777,-20.37836],[-43.6079,-20.3778],[-43.60802,-20.37753],[-43.60814,-20.37738],[-43.60902,-20.37672],[-43.60925,-20.37648],[-43.60945,-20.3762],[-43.60974,-20.37547],[-43.60996,-20.37506],[-43.61004,-20.37496],[-43.61035,-20.37477],[-43.6108,-20.37466],[-43.61444,-20.37468],[-43.61557,-20.37476],[-43.61618,-20.37496],[-43.61766,-20.37588],[-43.61838,-20.37615],[-43.62092,-20.37671],[-43.62147,-20.37675],[-43.62182,-20.37669],[-43.62244,-20.37642],[-43.62325,-20.37598],[-43.62389,-20.37574],[-43.62457,-20.37567],[-43.62594,-20.37574],[-43.62614,-20.37571],[-43.62714,-20.37514],[-43.62781,-20.37457],[-43.62981,-20.3727],[-43.63,-20.37243],[-43.6301,-20.37226],[-43.63018,-20.37194],[-43.63024,-20.3708],[-43.6304,-20.37041],[-43.63065,-20.37007],[-43.63192,-20.36914],[-43.63231,-20.36894],[-43.6349,-20.36854],[-43.63566,-20.36852],[-43.63593,-20.36858],[-43.63637,-20.36877],[-43.6388,-20.3704],[-43.6394,-20.3707],[-43.63982,-20.3708],[-43.64017,-20.37082],[-43.64083,-20.37072],[-43.64118,-20.37058],[-43.64148,-20.37042],[-43.64183,-20.37013],[-43.64215,-20.36973],[-43.64297,-20.36816],[-43.64362,-20.36743],[-43.64403,-20.3671],[-43.65362,-20.36256],[-43.65527,-20.36188],[-43.65867,-20.36065],[-43.65948,-20.36029],[-43.66001,-20.35998],[-43.66053,-20.35953],[-43.66099,-20.35896],[-43.66131,-20.35833],[-43.6615,-20.3577],[-43.66177,-20.356],[-43.66209,-20.35545],[-43.66262,-20.3549],[-43.66339,-20.35425],[-43.66395,-20.3539],[-43.66494,-20.35338],[-43.66664,-20.35226],[-43.66715,-20.35185],[-43.66803,-20.35097],[-43.66868,-20.3504],[-43.66913,-20.35017],[-43.66979,-20.34997],[-43.67045,-20.34984],[-43.67316,-20.3499],[-43.67385,-20.34981],[-43.6743,-20.34962],[-43.67478,-20.34934],[-43.67525,-20.34888],[-43.67563,-20.34821],[-43.67582,-20.34775],[-43.67622,-20.34735],[-43.67637,-20.34734],[-43.67676,-20.34757],[-43.67689,-20.34745],[-43.67697,-20.34744],[-43.67703,-20.3475],[-43.67696,-20.34759]]},"properties":{"tipo":"rota","id":"OPR-R36","rota":"ROTA 36","municipio":"Ouro Preto","id_saida":"OPR-S1","origem":"PONTO DE PARTIDA OURO PRETO","ueop":"52º BPM","cia":"248ª Cia PM","unidade":"248cia","bpm":"52bpm","modalidade":"NAO_INFORMADA","paradas":["OPR-1708"],"destinos":["ESCOLA ESTADUAL NOSSA SENHORA  AUXILIADORA"],"qtd_paradas":1,"urnas":3,"distancia_km":21.94,"tempo_min":27.0,"trechos":[{"km":21.94,"min":27.0}],"calculada":true,"distancia_via_m":30}},{"type":"Feature","geometry":{"type":"LineString","coordinates":[[-43.5056,-20.38455],[-43.506,-20.38455],[-43.50643,-20.38428],[-43.50737,-20.38434],[-43.50745,-20.38436],[-43.50756,-20.38448],[-43.50777,-20.3849],[-43.50796,-20.38482],[-43.50788,-20.3844],[-43.50793,-20.38399],[-43.50786,-20.38308],[-43.50758,-20.38271],[-43.50765,-20.382],[-43.50738,-20.38101],[-43.50723,-20.38079],[-43.50689,-20.38062],[-43.50759,-20.38027],[-43.50771,-20.38016],[-43.50937,-20.37934],[-43.5097,-20.37921],[-43.51116,-20.37881],[-43.5133,-20.378],[-43.51384,-20.37789],[-43.51446,-20.37796],[-43.51488,-20.37808],[-43.51599,-20.37875],[-43.51664,-20.37899],[-43.51721,-20.37909],[-43.51849,-20.37921],[-43.51947,-20.37925],[-43.52019,-20.37936],[-43.5205,-20.37946],[-43.52118,-20.37978],[-43.52184,-20.38029],[-43.523,-20.3813],[-43.52346,-20.38146],[-43.52373,-20.38145],[-43.52399,-20.38138],[-43.52429,-20.38121],[-43.52455,-20.3809],[-43.5249,-20.38037],[-43.52546,-20.37891],[-43.52559,-20.37872],[-43.52579,-20.37857],[-43.52628,-20.37837],[-43.52767,-20.37834],[-43.52836,-20.37816],[-43.52942,-20.37761],[-43.53211,-20.37608],[-43.53386,-20.37521],[-43.53423,-20.37518],[-43.5346,-20.37528],[-43.53476,-20.37538],[-43.53554,-20.37636],[-43.53576,-20.37653],[-43.53611,-20.37668],[-43.53673,-20.37673],[-43.53902,-20.37585],[-43.54074,-20.37505],[-43.54382,-20.37382],[-43.54444,-20.37371],[-43.54483,-20.37378],[-43.54522,-20.37397],[-43.54824,-20.37605],[-43.54878,-20.37624],[-43.54931,-20.3762],[-43.54961,-20.37608],[-43.55034,-20.37552],[-43.55102,-20.37514],[-43.5526,-20.37479],[-43.55422,-20.37429],[-43.555,-20.37394],[-43.55594,-20.37311],[-43.55928,-20.36965],[-43.56107,-20.36838],[-43.56176,-20.36797],[-43.56259,-20.36767],[-43.5632,-20.36755],[-43.56756,-20.36715],[-43.56783,-20.36714],[-43.56838,-20.36722],[-43.5688,-20.36738],[-43.56903,-20.36752],[-43.56946,-20.3679],[-43.57058,-20.36919],[-43.57082,-20.36939],[-43.57128,-20.36964],[-43.57177,-20.36977],[-43.57235,-20.36981],[-43.57418,-20.3698],[-43.57476,-20.36994],[-43.57514,-20.37013],[-43.5759,-20.37076],[-43.57902,-20.37411],[-43.57967,-20.37467],[-43.58046,-20.37512],[-43.58113,-20.37538],[-43.58173,-20.37552],[-43.58346,-20.37564],[-43.58417,-20.37578],[-43.58712,-20.37698],[-43.58803,-20.37728],[-43.58893,-20.37742],[-43.59007,-20.37746],[-43.59226,-20.37723],[-43.59431,-20.37711],[-43.59488,-20.37719],[-43.59587,-20.3775],[-43.59901,-20.37875],[-43.59976,-20.379],[-43.60221,-20.37916],[-43.60665,-20.37919],[-43.6073,-20.37903],[-43.60756,-20.37878],[-43.60777,-20.37836],[-43.6079,-20.3778],[-43.60802,-20.37753],[-43.60814,-20.37738],[-43.60902,-20.37672],[-43.60925,-20.37648],[-43.60945,-20.3762],[-43.60985,-20.37523],[-43.61004,-20.37496],[-43.61035,-20.37477],[-43.6108,-20.37466],[-43.61104,-20.37465],[-43.61444,-20.37468],[-43.61557,-20.37476],[-43.61618,-20.37496],[-43.61766,-20.37588],[-43.61809,-20.37606],[-43.62092,-20.37671],[-43.62147,-20.37675],[-43.62167,-20.37672],[-43.62196,-20.37665],[-43.62325,-20.37598],[-43.62389,-20.37574],[-43.62457,-20.37567],[-43.62594,-20.37574],[-43.62614,-20.37571],[-43.62714,-20.37514],[-43.62781,-20.37457],[-43.62981,-20.3727],[-43.63,-20.37243],[-43.6301,-20.37226],[-43.63018,-20.37194],[-43.63024,-20.3708],[-43.6304,-20.37041],[-43.63065,-20.37007],[-43.63192,-20.36914],[-43.63231,-20.36894],[-43.6349,-20.36854],[-43.63566,-20.36852],[-43.63593,-20.36858],[-43.63637,-20.36877],[-43.6388,-20.3704],[-43.6394,-20.3707],[-43.64002,-20.37082],[-43.64052,-20.37079],[-43.64083,-20.37072],[-43.64148,-20.37042],[-43.64183,-20.37013],[-43.64215,-20.36973],[-43.64297,-20.36816],[-43.64362,-20.36743],[-43.64403,-20.3671],[-43.65362,-20.36256],[-43.65527,-20.36188],[-43.65867,-20.36065],[-43.65948,-20.36029],[-43.66001,-20.35998],[-43.66053,-20.35953],[-43.66099,-20.35896],[-43.66131,-20.35833],[-43.6615,-20.3577],[-43.66177,-20.356],[-43.66209,-20.35545],[-43.66316,-20.35442],[-43.66395,-20.3539],[-43.66448,-20.35364],[-43.66446,-20.35442],[-43.66419,-20.35523],[-43.66416,-20.3556],[-43.66443,-20.35698],[-43.66467,-20.35794],[-43.66479,-20.35871],[-43.66493,-20.36018],[-43.66482,-20.36053],[-43.66473,-20.36066],[-43.6653,-20.3604],[-43.6688,-20.3593],[-43.66949,-20.35919],[-43.67007,-20.35929],[-43.67055,-20.35921],[-43.67252,-20.36037],[-43.67322,-20.362],[-43.67356,-20.36264],[-43.67456,-20.3636],[-43.67523,-20.36469],[-43.67552,-20.36495],[-43.67623,-20.36537],[-43.67674,-20.3659],[-43.67712,-20.3665],[-43.67743,-20.36626],[-43.67795,-20.3671],[-43.67807,-20.36703]]},"properties":{"tipo":"rota","id":"OPR-R37","rota":"ROTA 37","municipio":"Ouro Preto","id_saida":"OPR-S1","origem":"PONTO DE PARTIDA OURO PRETO","ueop":"52º BPM","cia":"248ª Cia PM","unidade":"248cia","bpm":"52bpm","modalidade":"NAO_INFORMADA","paradas":["OPR-1660"],"destinos":["CAIC - ESCOLA MUNICIPAL PROF. HAYDEE ANTUNES"],"qtd_paradas":1,"urnas":5,"distancia_km":23.01,"tempo_min":29.0,"trechos":[{"km":23.01,"min":29.0}],"calculada":true,"distancia_via_m":15}},{"type":"Feature","geometry":{"type":"LineString","coordinates":[[-43.5056,-20.38455],[-43.506,-20.38455],[-43.50643,-20.38428],[-43.50737,-20.38434],[-43.50745,-20.38436],[-43.50756,-20.38448],[-43.50777,-20.3849],[-43.50796,-20.38482],[-43.50788,-20.3844],[-43.50793,-20.38399],[-43.50786,-20.38308],[-43.50758,-20.38271],[-43.50765,-20.382],[-43.50738,-20.38101],[-43.50723,-20.38079],[-43.50689,-20.38062],[-43.50759,-20.38027],[-43.50771,-20.38016],[-43.50957,-20.37926],[-43.51116,-20.37881],[-43.5133,-20.378],[-43.51384,-20.37789],[-43.51446,-20.37796],[-43.51488,-20.37808],[-43.51599,-20.37875],[-43.51655,-20.37897],[-43.51721,-20.37909],[-43.51947,-20.37925],[-43.52019,-20.37936],[-43.5205,-20.37946],[-43.52118,-20.37978],[-43.52184,-20.38029],[-43.523,-20.3813],[-43.52346,-20.38146],[-43.52373,-20.38145],[-43.52399,-20.38138],[-43.52429,-20.38121],[-43.52455,-20.3809],[-43.5249,-20.38037],[-43.52546,-20.37891],[-43.52559,-20.37872],[-43.52579,-20.37857],[-43.52628,-20.37837],[-43.52767,-20.37834],[-43.52836,-20.37816],[-43.52942,-20.37761],[-43.53211,-20.37608],[-43.53386,-20.37521],[-43.53423,-20.37518],[-43.5346,-20.37528],[-43.53476,-20.37538],[-43.53554,-20.37636],[-43.53576,-20.37653],[-43.53611,-20.37668],[-43.53673,-20.37673],[-43.53902,-20.37585],[-43.54074,-20.37505],[-43.54382,-20.37382],[-43.54444,-20.37371],[-43.54483,-20.37378],[-43.54522,-20.37397],[-43.54824,-20.37605],[-43.54878,-20.37624],[-43.54931,-20.3762],[-43.54961,-20.37608],[-43.55034,-20.37552],[-43.55102,-20.37514],[-43.5526,-20.37479],[-43.55422,-20.37429],[-43.555,-20.37394],[-43.55594,-20.37311],[-43.55882,-20.37009],[-43.55949,-20.36949],[-43.56107,-20.36838],[-43.56176,-20.36797],[-43.56259,-20.36767],[-43.56374,-20.36748],[-43.56756,-20.36715],[-43.56783,-20.36714],[-43.56838,-20.36722],[-43.5688,-20.36738],[-43.56925,-20.3677],[-43.57058,-20.36919],[-43.57082,-20.36939],[-43.57128,-20.36964],[-43.57177,-20.36977],[-43.57235,-20.36981],[-43.57418,-20.3698],[-43.5745,-20.36986],[-43.57496,-20.37003],[-43.57535,-20.37027],[-43.5759,-20.37076],[-43.57931,-20.37438],[-43.57967,-20.37467],[-43.58022,-20.375],[-43.58113,-20.37538],[-43.58197,-20.37556],[-43.58346,-20.37564],[-43.58417,-20.37578],[-43.58712,-20.37698],[-43.58803,-20.37728],[-43.58893,-20.37742],[-43.59007,-20.37746],[-43.59381,-20.37711],[-43.5946,-20.37714],[-43.59587,-20.3775],[-43.59901,-20.37875],[-43.59976,-20.379],[-43.60221,-20.37916],[-43.60633,-20.37921],[-43.60692,-20.37915],[-43.6073,-20.37903],[-43.60756,-20.37878],[-43.60766,-20.37862],[-43.60802,-20.37753],[-43.60814,-20.37738],[-43.60902,-20.37672],[-43.60925,-20.37648],[-43.60945,-20.3762],[-43.60985,-20.37523],[-43.61004,-20.37496],[-43.61035,-20.37477],[-43.6108,-20.37466],[-43.61444,-20.37468],[-43.61557,-20.37476],[-43.61618,-20.37496],[-43.61766,-20.37588],[-43.61809,-20.37606],[-43.61892,-20.37628],[-43.62092,-20.37671],[-43.62123,-20.37674],[-43.62147,-20.37675],[-43.62196,-20.37665],[-43.62325,-20.37598],[-43.62389,-20.37574],[-43.62457,-20.37567],[-43.62594,-20.37574],[-43.62614,-20.37571],[-43.62733,-20.37499],[-43.62981,-20.3727],[-43.6301,-20.37226],[-43.63015,-20.37208],[-43.63024,-20.3708],[-43.6304,-20.37041],[-43.63065,-20.37007],[-43.63192,-20.36914],[-43.63231,-20.36894],[-43.63261,-20.36887],[-43.63535,-20.3685],[-43.63593,-20.36858],[-43.63637,-20.36877],[-43.63905,-20.37055],[-43.6394,-20.3707],[-43.64002,-20.37082],[-43.64052,-20.37079],[-43.64083,-20.37072],[-43.64148,-20.37042],[-43.64183,-20.37013],[-43.64215,-20.36973],[-43.64297,-20.36816],[-43.64362,-20.36743],[-43.64403,-20.3671],[-43.65362,-20.36256],[-43.65527,-20.36188],[-43.65867,-20.36065],[-43.65948,-20.36029],[-43.66001,-20.35998],[-43.66053,-20.35953],[-43.66099,-20.35896],[-43.66131,-20.35833],[-43.6615,-20.3577],[-43.66177,-20.356],[-43.66209,-20.35545],[-43.66262,-20.3549],[-43.66339,-20.35425],[-43.66395,-20.3539],[-43.66494,-20.35338],[-43.66664,-20.35226],[-43.66715,-20.35185],[-43.66803,-20.35097],[-43.66868,-20.3504],[-43.66913,-20.35017],[-43.66942,-20.35008],[-43.66995,-20.34993],[-43.67054,-20.34983],[-43.6729,-20.3499],[-43.67361,-20.34986],[-43.67385,-20.34981],[-43.6743,-20.34962],[-43.67478,-20.34934],[-43.67531,-20.3488],[-43.67563,-20.34821],[-43.67613,-20.34701],[-43.67658,-20.34646],[-43.67675,-20.34634],[-43.67874,-20.34542],[-43.67906,-20.34523],[-43.67947,-20.34486],[-43.67978,-20.34434],[-43.67992,-20.34391],[-43.67994,-20.3437],[-43.67993,-20.34331],[-43.67986,-20.34298],[-43.67953,-20.34238],[-43.67799,-20.3406],[-43.6775,-20.33999],[-43.67726,-20.3396],[-43.67715,-20.33932],[-43.6771,-20.33883],[-43.67719,-20.33836],[-43.67734,-20.33804],[-43.67764,-20.33767],[-43.67814,-20.33731],[-43.68202,-20.33547],[-43.6827,-20.33494],[-43.68307,-20.33438],[-43.68323,-20.33377],[-43.68323,-20.33322],[-43.68301,-20.33185],[-43.68301,-20.33145],[-43.68317,-20.3308],[-43.68338,-20.33041],[-43.68351,-20.33026],[-43.68372,-20.33005],[-43.68422,-20.32972],[-43.68483,-20.32952],[-43.68546,-20.32946],[-43.68718,-20.32944],[-43.68811,-20.32926],[-43.68848,-20.32913],[-43.68911,-20.32878],[-43.68983,-20.32817],[-43.69137,-20.32639],[-43.69169,-20.32593],[-43.69203,-20.32508],[-43.69228,-20.32329],[-43.69243,-20.32269],[-43.69271,-20.32211],[-43.69403,-20.32008],[-43.69467,-20.31978],[-43.69592,-20.31903],[-43.69709,-20.31901],[-43.69753,-20.31888],[-43.69884,-20.31832],[-43.69988,-20.31808],[-43.70089,-20.31778],[-43.70136,-20.31725],[-43.70229,-20.31679],[-43.70402,-20.31608],[-43.70489,-20.31561],[-43.7054,-20.31527],[-43.70696,-20.31396],[-43.70795,-20.31352],[-43.70844,-20.31346]]},"properties":{"tipo":"rota","id":"OPR-R38","rota":"ROTA 38","municipio":"Ouro Preto","id_saida":"OPR-S1","origem":"PONTO DE PARTIDA OURO PRETO","ueop":"52º BPM","cia":"248ª Cia PM","unidade":"248cia","bpm":"52bpm","modalidade":"NAO_INFORMADA","paradas":["OPR-1406"],"destinos":["ESCOLA MUNICIPAL MAJOR RAIMUNDO FELICISSIMO"],"qtd_paradas":1,"urnas":7,"distancia_km":27.81,"tempo_min":32.8,"trechos":[{"km":27.81,"min":32.8}],"calculada":true,"distancia_via_m":15}},{"type":"Feature","geometry":{"type":"LineString","coordinates":[[-43.5056,-20.38455],[-43.506,-20.38455],[-43.50643,-20.38428],[-43.50737,-20.38434],[-43.50745,-20.38436],[-43.50756,-20.38448],[-43.50777,-20.3849],[-43.50796,-20.38482],[-43.50788,-20.3844],[-43.50793,-20.38399],[-43.50786,-20.38308],[-43.50758,-20.38271],[-43.50765,-20.382],[-43.50738,-20.38101],[-43.50723,-20.38079],[-43.50689,-20.38062],[-43.50759,-20.38027],[-43.50771,-20.38016],[-43.50957,-20.37926],[-43.51116,-20.37881],[-43.5133,-20.378],[-43.51384,-20.37789],[-43.51446,-20.37796],[-43.51488,-20.37808],[-43.51599,-20.37875],[-43.51655,-20.37897],[-43.51721,-20.37909],[-43.51947,-20.37925],[-43.52019,-20.37936],[-43.5205,-20.37946],[-43.52118,-20.37978],[-43.52184,-20.38029],[-43.523,-20.3813],[-43.52346,-20.38146],[-43.52373,-20.38145],[-43.52399,-20.38138],[-43.52429,-20.38121],[-43.52455,-20.3809],[-43.5249,-20.38037],[-43.52546,-20.37891],[-43.52559,-20.37872],[-43.52579,-20.37857],[-43.52628,-20.37837],[-43.52767,-20.37834],[-43.52836,-20.37816],[-43.52942,-20.37761],[-43.53211,-20.37608],[-43.53386,-20.37521],[-43.53423,-20.37518],[-43.5346,-20.37528],[-43.53476,-20.37538],[-43.53554,-20.37636],[-43.53576,-20.37653],[-43.53611,-20.37668],[-43.53673,-20.37673],[-43.53902,-20.37585],[-43.54074,-20.37505],[-43.54382,-20.37382],[-43.54444,-20.37371],[-43.54483,-20.37378],[-43.54522,-20.37397],[-43.54824,-20.37605],[-43.54878,-20.37624],[-43.54931,-20.3762],[-43.54961,-20.37608],[-43.55034,-20.37552],[-43.55102,-20.37514],[-43.5526,-20.37479],[-43.55422,-20.37429],[-43.555,-20.37394],[-43.55594,-20.37311],[-43.55882,-20.37009],[-43.55949,-20.36949],[-43.56107,-20.36838],[-43.56176,-20.36797],[-43.56259,-20.36767],[-43.56374,-20.36748],[-43.56756,-20.36715],[-43.56783,-20.36714],[-43.56838,-20.36722],[-43.5688,-20.36738],[-43.56925,-20.3677],[-43.57058,-20.36919],[-43.57082,-20.36939],[-43.57128,-20.36964],[-43.57177,-20.36977],[-43.57235,-20.36981],[-43.57418,-20.3698],[-43.5745,-20.36986],[-43.57496,-20.37003],[-43.57535,-20.37027],[-43.5759,-20.37076],[-43.57931,-20.37438],[-43.57967,-20.37467],[-43.58022,-20.375],[-43.58113,-20.37538],[-43.58197,-20.37556],[-43.58346,-20.37564],[-43.58417,-20.37578],[-43.58712,-20.37698],[-43.58803,-20.37728],[-43.58893,-20.37742],[-43.59007,-20.37746],[-43.59381,-20.37711],[-43.5946,-20.37714],[-43.59587,-20.3775],[-43.59901,-20.37875],[-43.59976,-20.379],[-43.60221,-20.37916],[-43.60633,-20.37921],[-43.60692,-20.37915],[-43.6073,-20.37903],[-43.60756,-20.37878],[-43.60766,-20.37862],[-43.60802,-20.37753],[-43.60814,-20.37738],[-43.60902,-20.37672],[-43.60925,-20.37648],[-43.60945,-20.3762],[-43.60985,-20.37523],[-43.61004,-20.37496],[-43.61035,-20.37477],[-43.6108,-20.37466],[-43.61444,-20.37468],[-43.61557,-20.37476],[-43.61618,-20.37496],[-43.61766,-20.37588],[-43.61809,-20.37606],[-43.61892,-20.37628],[-43.62092,-20.37671],[-43.62123,-20.37674],[-43.62147,-20.37675],[-43.62196,-20.37665],[-43.62325,-20.37598],[-43.62389,-20.37574],[-43.62457,-20.37567],[-43.62594,-20.37574],[-43.62614,-20.37571],[-43.62733,-20.37499],[-43.62981,-20.3727],[-43.6301,-20.37226],[-43.63015,-20.37208],[-43.63024,-20.3708],[-43.6304,-20.37041],[-43.63065,-20.37007],[-43.63192,-20.36914],[-43.63231,-20.36894],[-43.63261,-20.36887],[-43.63535,-20.3685],[-43.63593,-20.36858],[-43.63637,-20.36877],[-43.63905,-20.37055],[-43.6394,-20.3707],[-43.64002,-20.37082],[-43.64052,-20.37079],[-43.64083,-20.37072],[-43.64148,-20.37042],[-43.64183,-20.37013],[-43.64215,-20.36973],[-43.64297,-20.36816],[-43.64362,-20.36743],[-43.64403,-20.3671],[-43.65362,-20.36256],[-43.65527,-20.36188],[-43.65867,-20.36065],[-43.65948,-20.36029],[-43.66001,-20.35998],[-43.66053,-20.35953],[-43.66099,-20.35896],[-43.66131,-20.35833],[-43.6615,-20.3577],[-43.66177,-20.356],[-43.66189,-20.35574],[-43.66209,-20.35545],[-43.66316,-20.35442],[-43.66395,-20.3539],[-43.66494,-20.35338],[-43.66664,-20.35226],[-43.66727,-20.35174],[-43.6684,-20.35062],[-43.66868,-20.3504],[-43.66913,-20.35017],[-43.66995,-20.34993],[-43.67054,-20.34983],[-43.6729,-20.3499],[-43.67361,-20.34986],[-43.67385,-20.34981],[-43.67454,-20.34949],[-43.67496,-20.34918],[-43.67531,-20.3488],[-43.67563,-20.34821],[-43.67613,-20.34701],[-43.67658,-20.34646],[-43.67718,-20.34613],[-43.67874,-20.34542],[-43.67928,-20.34506],[-43.67967,-20.34457],[-43.67985,-20.34417],[-43.67994,-20.3437],[-43.67993,-20.34331],[-43.67986,-20.34298],[-43.67953,-20.34238],[-43.67799,-20.3406],[-43.6775,-20.33999],[-43.67726,-20.3396],[-43.67715,-20.33932],[-43.6771,-20.33883],[-43.67719,-20.33836],[-43.67734,-20.33804],[-43.67772,-20.33759],[-43.67814,-20.33731],[-43.68202,-20.33547],[-43.6827,-20.33494],[-43.68307,-20.33438],[-43.68323,-20.33377],[-43.68323,-20.33322],[-43.68301,-20.33185],[-43.68304,-20.33126],[-43.68323,-20.33067],[-43.68338,-20.33041],[-43.68372,-20.33005],[-43.68422,-20.32972],[-43.68483,-20.32952],[-43.68546,-20.32946],[-43.6869,-20.32946],[-43.68747,-20.32941],[-43.68848,-20.32913],[-43.68911,-20.32878],[-43.68963,-20.32836],[-43.69038,-20.32757],[-43.69137,-20.32639],[-43.69169,-20.32593],[-43.69189,-20.32551],[-43.69205,-20.32499],[-43.69233,-20.32306],[-43.6926,-20.32229],[-43.69606,-20.317],[-43.69627,-20.31639],[-43.69636,-20.31592]]},"properties":{"tipo":"rota","id":"OPR-R39","rota":"ROTA 39","municipio":"Ouro Preto","id_saida":"OPR-S1","origem":"PONTO DE PARTIDA OURO PRETO","ueop":"52º BPM","cia":"248ª Cia PM","unidade":"248cia","bpm":"52bpm","modalidade":"NAO_INFORMADA","paradas":["OPR-1422"],"destinos":["ESCOLA MUNICIPAL PADRE ANTONIO PEDROSA"],"qtd_paradas":1,"urnas":2,"distancia_km":26.63,"tempo_min":31.5,"trechos":[{"km":26.63,"min":31.5}],"calculada":true,"distancia_via_m":15}},{"type":"Feature","geometry":{"type":"LineString","coordinates":[[-43.5056,-20.38455],[-43.506,-20.38455],[-43.50643,-20.38428],[-43.50737,-20.38434],[-43.50745,-20.38436],[-43.50756,-20.38448],[-43.50777,-20.3849],[-43.50796,-20.38482],[-43.50788,-20.3844],[-43.50793,-20.38399],[-43.50786,-20.38308],[-43.50758,-20.38271],[-43.50765,-20.382],[-43.50738,-20.38101],[-43.50723,-20.38079],[-43.50689,-20.38062],[-43.50759,-20.38027],[-43.50771,-20.38016],[-43.50937,-20.37934],[-43.5097,-20.37921],[-43.51116,-20.37881],[-43.5133,-20.378],[-43.51384,-20.37789],[-43.51446,-20.37796],[-43.51488,-20.37808],[-43.51599,-20.37875],[-43.51664,-20.37899],[-43.51721,-20.37909],[-43.51849,-20.37921],[-43.51947,-20.37925],[-43.52019,-20.37936],[-43.5205,-20.37946],[-43.52118,-20.37978],[-43.52184,-20.38029],[-43.523,-20.3813],[-43.52346,-20.38146],[-43.52373,-20.38145],[-43.52399,-20.38138],[-43.52429,-20.38121],[-43.52455,-20.3809],[-43.5249,-20.38037],[-43.52546,-20.37891],[-43.52559,-20.37872],[-43.52579,-20.37857],[-43.52628,-20.37837],[-43.52767,-20.37834],[-43.52836,-20.37816],[-43.52942,-20.37761],[-43.53211,-20.37608],[-43.53386,-20.37521],[-43.53423,-20.37518],[-43.5346,-20.37528],[-43.53476,-20.37538],[-43.53554,-20.37636],[-43.53576,-20.37653],[-43.53611,-20.37668],[-43.53673,-20.37673],[-43.53902,-20.37585],[-43.54074,-20.37505],[-43.54382,-20.37382],[-43.54444,-20.37371],[-43.54483,-20.37378],[-43.54522,-20.37397],[-43.54824,-20.37605],[-43.54878,-20.37624],[-43.54931,-20.3762],[-43.54961,-20.37608],[-43.55034,-20.37552],[-43.55102,-20.37514],[-43.5526,-20.37479],[-43.55422,-20.37429],[-43.555,-20.37394],[-43.55594,-20.37311],[-43.55928,-20.36965],[-43.56107,-20.36838],[-43.56176,-20.36797],[-43.56259,-20.36767],[-43.5632,-20.36755],[-43.56756,-20.36715],[-43.56783,-20.36714],[-43.56838,-20.36722],[-43.5688,-20.36738],[-43.56903,-20.36752],[-43.56946,-20.3679],[-43.57058,-20.36919],[-43.57082,-20.36939],[-43.57128,-20.36964],[-43.57177,-20.36977],[-43.57235,-20.36981],[-43.57418,-20.3698],[-43.57476,-20.36994],[-43.57514,-20.37013],[-43.5759,-20.37076],[-43.57902,-20.37411],[-43.57967,-20.37467],[-43.58046,-20.37512],[-43.58113,-20.37538],[-43.58173,-20.37552],[-43.58346,-20.37564],[-43.58417,-20.37578],[-43.58712,-20.37698],[-43.58803,-20.37728],[-43.58893,-20.37742],[-43.59007,-20.37746],[-43.59381,-20.37711],[-43.5946,-20.37714],[-43.59587,-20.3775],[-43.59901,-20.37875],[-43.59976,-20.379],[-43.60221,-20.37916],[-43.60633,-20.37921],[-43.60713,-20.37909],[-43.6073,-20.37903],[-43.60748,-20.37887],[-43.60766,-20.37862],[-43.60777,-20.37836],[-43.6079,-20.3778],[-43.60802,-20.37753],[-43.60814,-20.37738],[-43.60902,-20.37672],[-43.60925,-20.37648],[-43.60945,-20.3762],[-43.60974,-20.37547],[-43.60996,-20.37506],[-43.61004,-20.37496],[-43.61035,-20.37477],[-43.6108,-20.37466],[-43.61444,-20.37468],[-43.61557,-20.37476],[-43.61618,-20.37496],[-43.61766,-20.37588],[-43.61838,-20.37615],[-43.62092,-20.37671],[-43.62147,-20.37675],[-43.62182,-20.37669],[-43.62244,-20.37642],[-43.62325,-20.37598],[-43.62389,-20.37574],[-43.62457,-20.37567],[-43.62594,-20.37574],[-43.62614,-20.37571],[-43.62714,-20.37514],[-43.62781,-20.37457],[-43.62981,-20.3727],[-43.63,-20.37243],[-43.6301,-20.37226],[-43.63018,-20.37194],[-43.63024,-20.3708],[-43.6304,-20.37041],[-43.63065,-20.37007],[-43.63192,-20.36914],[-43.63231,-20.36894],[-43.6349,-20.36854],[-43.63566,-20.36852],[-43.63593,-20.36858],[-43.63637,-20.36877],[-43.6388,-20.3704],[-43.6394,-20.3707],[-43.64002,-20.37082],[-43.64052,-20.37079],[-43.64083,-20.37072],[-43.64148,-20.37042],[-43.64183,-20.37013],[-43.64215,-20.36973],[-43.64297,-20.36816],[-43.64362,-20.36743],[-43.64403,-20.3671],[-43.65362,-20.36256],[-43.65527,-20.36188],[-43.65867,-20.36065],[-43.65948,-20.36029],[-43.66001,-20.35998],[-43.66053,-20.35953],[-43.66099,-20.35896],[-43.66131,-20.35833],[-43.6615,-20.3577],[-43.66177,-20.356],[-43.66209,-20.35545],[-43.66262,-20.3549],[-43.66339,-20.35425],[-43.66395,-20.3539],[-43.66494,-20.35338],[-43.66664,-20.35226],[-43.66715,-20.35185],[-43.66803,-20.35097],[-43.66868,-20.3504],[-43.66913,-20.35017],[-43.66979,-20.34997],[-43.67045,-20.34984],[-43.67316,-20.3499],[-43.67385,-20.34981],[-43.67432,-20.34981],[-43.67473,-20.34985],[-43.67496,-20.34995],[-43.67527,-20.35032],[-43.67539,-20.35076],[-43.67542,-20.35104],[-43.67534,-20.35208],[-43.67535,-20.35259],[-43.67538,-20.35279],[-43.67549,-20.35299],[-43.67574,-20.35327],[-43.67683,-20.35361],[-43.67806,-20.35482],[-43.67842,-20.35499],[-43.67899,-20.35504],[-43.67923,-20.35501],[-43.68189,-20.35414],[-43.68225,-20.35408],[-43.68241,-20.35413],[-43.68254,-20.35425],[-43.68275,-20.35462],[-43.68282,-20.35489],[-43.6828,-20.35538],[-43.68291,-20.35563],[-43.68311,-20.35574],[-43.68372,-20.35587],[-43.68407,-20.35614],[-43.68432,-20.35626],[-43.68456,-20.35628],[-43.68471,-20.35624],[-43.68554,-20.3558],[-43.68598,-20.35562],[-43.68687,-20.35538],[-43.68712,-20.35535],[-43.68738,-20.35539],[-43.68772,-20.35555],[-43.68797,-20.35583],[-43.68849,-20.35695],[-43.68881,-20.35728],[-43.68921,-20.35746],[-43.69029,-20.3575],[-43.69071,-20.35757],[-43.69156,-20.35814],[-43.69233,-20.35849],[-43.69277,-20.35883],[-43.69451,-20.36111],[-43.6947,-20.36133],[-43.69559,-20.3621],[-43.69576,-20.36233],[-43.69621,-20.36332],[-43.69729,-20.3663],[-43.69743,-20.36654],[-43.69764,-20.36678],[-43.69794,-20.367],[-43.69851,-20.36716],[-43.70456,-20.36775],[-43.70527,-20.36779],[-43.70689,-20.36768],[-43.70715,-20.36761],[-43.70757,-20.36736],[-43.70937,-20.36571],[-43.70976,-20.36523],[-43.71012,-20.36506],[-43.71178,-20.36496],[-43.71212,-20.36504],[-43.71317,-20.36552],[-43.71343,-20.36556],[-43.71504,-20.36535],[-43.71546,-20.36521],[-43.71615,-20.36475],[-43.71689,-20.36416],[-43.71749,-20.36355],[-43.71867,-20.36181],[-43.71948,-20.35987],[-43.71969,-20.35758],[-43.71966,-20.35732],[-43.71958,-20.35712],[-43.71932,-20.35686],[-43.71914,-20.35657],[-43.71876,-20.35559],[-43.7187,-20.35551],[-43.71849,-20.35562],[-43.71797,-20.35519],[-43.71754,-20.35564],[-43.71739,-20.35571],[-43.71701,-20.35576]]},"properties":{"tipo":"rota","id":"OPR-R40","rota":"ROTA 40","municipio":"Ouro Preto","id_saida":"OPR-S1","origem":"PONTO DE PARTIDA OURO PRETO","ueop":"52º BPM","cia":"248ª Cia PM","unidade":"248cia","bpm":"52bpm","modalidade":"NAO_INFORMADA","paradas":["OPR-1317"],"destinos":["SALÃO CLUBE DAS MÃES UNIDAS VENCEREMOS DO CATETE- ANTIG E. ANA RAFAELA"],"qtd_paradas":1,"urnas":1,"distancia_km":28.67,"tempo_min":37.5,"trechos":[{"km":28.67,"min":37.5}],"calculada":true,"distancia_via_m":29}},{"type":"Feature","geometry":{"type":"LineString","coordinates":[[-43.5056,-20.38455],[-43.506,-20.38455],[-43.50643,-20.38428],[-43.50737,-20.38434],[-43.50745,-20.38436],[-43.50756,-20.38448],[-43.50777,-20.3849],[-43.50796,-20.38482],[-43.50788,-20.3844],[-43.50793,-20.38399],[-43.50786,-20.38308],[-43.50758,-20.38271],[-43.50765,-20.382],[-43.50738,-20.38101],[-43.50723,-20.38079],[-43.50689,-20.38062],[-43.50759,-20.38027],[-43.50771,-20.38016],[-43.50937,-20.37934],[-43.5097,-20.37921],[-43.51116,-20.37881],[-43.5133,-20.378],[-43.51384,-20.37789],[-43.51446,-20.37796],[-43.51488,-20.37808],[-43.51599,-20.37875],[-43.51664,-20.37899],[-43.51721,-20.37909],[-43.51849,-20.37921],[-43.51947,-20.37925],[-43.52019,-20.37936],[-43.5205,-20.37946],[-43.52118,-20.37978],[-43.52184,-20.38029],[-43.523,-20.3813],[-43.52346,-20.38146],[-43.52373,-20.38145],[-43.52399,-20.38138],[-43.52429,-20.38121],[-43.52455,-20.3809],[-43.5249,-20.38037],[-43.52546,-20.37891],[-43.52559,-20.37872],[-43.52579,-20.37857],[-43.52628,-20.37837],[-43.52767,-20.37834],[-43.52836,-20.37816],[-43.52942,-20.37761],[-43.53211,-20.37608],[-43.53386,-20.37521],[-43.53423,-20.37518],[-43.5346,-20.37528],[-43.53476,-20.37538],[-43.53554,-20.37636],[-43.53576,-20.37653],[-43.53611,-20.37668],[-43.53673,-20.37673],[-43.53902,-20.37585],[-43.54074,-20.37505],[-43.54382,-20.37382],[-43.54444,-20.37371],[-43.54483,-20.37378],[-43.54522,-20.37397],[-43.54824,-20.37605],[-43.54878,-20.37624],[-43.54931,-20.3762],[-43.54961,-20.37608],[-43.55034,-20.37552],[-43.55102,-20.37514],[-43.5526,-20.37479],[-43.55422,-20.37429],[-43.555,-20.37394],[-43.55594,-20.37311],[-43.55928,-20.36965],[-43.56107,-20.36838],[-43.56176,-20.36797],[-43.56259,-20.36767],[-43.5632,-20.36755],[-43.56756,-20.36715],[-43.56783,-20.36714],[-43.56838,-20.36722],[-43.5688,-20.36738],[-43.56903,-20.36752],[-43.56946,-20.3679],[-43.57058,-20.36919],[-43.57082,-20.36939],[-43.57128,-20.36964],[-43.57177,-20.36977],[-43.57235,-20.36981],[-43.57418,-20.3698],[-43.57476,-20.36994],[-43.57514,-20.37013],[-43.5759,-20.37076],[-43.57902,-20.37411],[-43.57967,-20.37467],[-43.58046,-20.37512],[-43.58113,-20.37538],[-43.58173,-20.37552],[-43.58346,-20.37564],[-43.58417,-20.37578],[-43.58712,-20.37698],[-43.58803,-20.37728],[-43.58893,-20.37742],[-43.59007,-20.37746],[-43.59381,-20.37711],[-43.5946,-20.37714],[-43.59587,-20.3775],[-43.59901,-20.37875],[-43.59976,-20.379],[-43.60221,-20.37916],[-43.60633,-20.37921],[-43.60713,-20.37909],[-43.6073,-20.37903],[-43.60748,-20.37887],[-43.60766,-20.37862],[-43.60777,-20.37836],[-43.6079,-20.3778],[-43.60802,-20.37753],[-43.60814,-20.37738],[-43.60902,-20.37672],[-43.60925,-20.37648],[-43.60945,-20.3762],[-43.60974,-20.37547],[-43.60996,-20.37506],[-43.61004,-20.37496],[-43.61035,-20.37477],[-43.6108,-20.37466],[-43.61444,-20.37468],[-43.61557,-20.37476],[-43.61618,-20.37496],[-43.61766,-20.37588],[-43.61838,-20.37615],[-43.62092,-20.37671],[-43.62147,-20.37675],[-43.62182,-20.37669],[-43.62244,-20.37642],[-43.62325,-20.37598],[-43.62389,-20.37574],[-43.62457,-20.37567],[-43.62594,-20.37574],[-43.62614,-20.37571],[-43.62714,-20.37514],[-43.62781,-20.37457],[-43.62981,-20.3727],[-43.63,-20.37243],[-43.6301,-20.37226],[-43.63018,-20.37194],[-43.63024,-20.3708],[-43.6304,-20.37041],[-43.63065,-20.37007],[-43.63192,-20.36914],[-43.63231,-20.36894],[-43.6349,-20.36854],[-43.63566,-20.36852],[-43.63593,-20.36858],[-43.63637,-20.36877],[-43.6388,-20.3704],[-43.6394,-20.3707],[-43.64002,-20.37082],[-43.64052,-20.37079],[-43.64083,-20.37072],[-43.64148,-20.37042],[-43.64183,-20.37013],[-43.64215,-20.36973],[-43.64297,-20.36816],[-43.64362,-20.36743],[-43.64403,-20.3671],[-43.65362,-20.36256],[-43.65527,-20.36188],[-43.65867,-20.36065],[-43.65948,-20.36029],[-43.66001,-20.35998],[-43.66053,-20.35953],[-43.66099,-20.35896],[-43.66131,-20.35833],[-43.6615,-20.3577],[-43.66177,-20.356],[-43.66209,-20.35545],[-43.66262,-20.3549],[-43.66339,-20.35425],[-43.66395,-20.3539],[-43.66494,-20.35338],[-43.66664,-20.35226],[-43.66715,-20.35185],[-43.66803,-20.35097],[-43.66868,-20.3504],[-43.66913,-20.35017],[-43.66942,-20.35008],[-43.66995,-20.34993],[-43.67054,-20.34983],[-43.67316,-20.3499],[-43.67385,-20.34981],[-43.67432,-20.34981],[-43.67473,-20.34985],[-43.67496,-20.34995],[-43.67527,-20.35032],[-43.67539,-20.35076],[-43.67542,-20.35104],[-43.67534,-20.35208],[-43.67535,-20.35259],[-43.67538,-20.35279],[-43.67549,-20.35299],[-43.67574,-20.35327],[-43.67683,-20.35361],[-43.67806,-20.35482],[-43.67842,-20.35499],[-43.67899,-20.35504],[-43.67923,-20.35501],[-43.68189,-20.35414],[-43.68225,-20.35408],[-43.68241,-20.35413],[-43.68254,-20.35425],[-43.68275,-20.35462],[-43.68282,-20.35489],[-43.6828,-20.35538],[-43.68291,-20.35563],[-43.68311,-20.35574],[-43.68372,-20.35587],[-43.68407,-20.35614],[-43.68432,-20.35626],[-43.68456,-20.35628],[-43.68471,-20.35624],[-43.68554,-20.3558],[-43.68598,-20.35562],[-43.68687,-20.35538],[-43.68712,-20.35535],[-43.68738,-20.35539],[-43.68772,-20.35555],[-43.68797,-20.35583],[-43.68849,-20.35695],[-43.68881,-20.35728],[-43.68921,-20.35746],[-43.69029,-20.3575],[-43.69071,-20.35757],[-43.69156,-20.35814],[-43.69233,-20.35849],[-43.69277,-20.35883],[-43.69451,-20.36111],[-43.6947,-20.36133],[-43.69559,-20.3621],[-43.69576,-20.36233],[-43.69621,-20.36332],[-43.69729,-20.3663],[-43.69764,-20.36678],[-43.69808,-20.36706],[-43.69851,-20.36716],[-43.70456,-20.36775],[-43.70527,-20.36779],[-43.70689,-20.36768],[-43.70734,-20.36752],[-43.7078,-20.36717],[-43.70874,-20.36625],[-43.70937,-20.36571],[-43.70985,-20.36516],[-43.71012,-20.36506],[-43.71046,-20.36501],[-43.7114,-20.36497],[-43.71136,-20.36437],[-43.7116,-20.36413]]},"properties":{"tipo":"rota","id":"OPR-R41","rota":"ROTA 41","municipio":"Ouro Preto","id_saida":"OPR-S1","origem":"PONTO DE PARTIDA OURO PRETO","ueop":"52º BPM","cia":"248ª Cia PM","unidade":"248cia","bpm":"52bpm","modalidade":"NAO_INFORMADA","paradas":["OPR-1309"],"destinos":["ESCOLA  MUNICIPAL DR. PEDROSA"],"qtd_paradas":1,"urnas":4,"distancia_km":26.86,"tempo_min":34.4,"trechos":[{"km":26.86,"min":34.4}],"calculada":true,"distancia_via_m":15}},{"type":"Feature","geometry":{"type":"LineString","coordinates":[[-43.5056,-20.38455],[-43.506,-20.38455],[-43.50643,-20.38428],[-43.50737,-20.38434],[-43.50745,-20.38436],[-43.50756,-20.38448],[-43.50777,-20.3849],[-43.50796,-20.38482],[-43.50788,-20.3844],[-43.50793,-20.38399],[-43.50786,-20.38308],[-43.50758,-20.38271],[-43.50765,-20.382],[-43.50738,-20.38101],[-43.50723,-20.38079],[-43.50689,-20.38062],[-43.50759,-20.38027],[-43.50771,-20.38016],[-43.50937,-20.37934],[-43.5097,-20.37921],[-43.51116,-20.37881],[-43.5133,-20.378],[-43.51384,-20.37789],[-43.51446,-20.37796],[-43.51488,-20.37808],[-43.51599,-20.37875],[-43.51664,-20.37899],[-43.51721,-20.37909],[-43.51849,-20.37921],[-43.51947,-20.37925],[-43.52019,-20.37936],[-43.5205,-20.37946],[-43.52118,-20.37978],[-43.52184,-20.38029],[-43.523,-20.3813],[-43.52346,-20.38146],[-43.52373,-20.38145],[-43.52399,-20.38138],[-43.52429,-20.38121],[-43.52455,-20.3809],[-43.5249,-20.38037],[-43.52546,-20.37891],[-43.52559,-20.37872],[-43.52579,-20.37857],[-43.52628,-20.37837],[-43.52767,-20.37834],[-43.52836,-20.37816],[-43.52942,-20.37761],[-43.53211,-20.37608],[-43.53386,-20.37521],[-43.53423,-20.37518],[-43.5346,-20.37528],[-43.53476,-20.37538],[-43.53554,-20.37636],[-43.53576,-20.37653],[-43.53611,-20.37668],[-43.53673,-20.37673],[-43.53902,-20.37585],[-43.54074,-20.37505],[-43.54382,-20.37382],[-43.54444,-20.37371],[-43.54483,-20.37378],[-43.54522,-20.37397],[-43.54824,-20.37605],[-43.54878,-20.37624],[-43.54931,-20.3762],[-43.54961,-20.37608],[-43.55034,-20.37552],[-43.55102,-20.37514],[-43.5526,-20.37479],[-43.55422,-20.37429],[-43.555,-20.37394],[-43.55594,-20.37311],[-43.55928,-20.36965],[-43.56107,-20.36838],[-43.56176,-20.36797],[-43.56259,-20.36767],[-43.5632,-20.36755],[-43.56756,-20.36715],[-43.56783,-20.36714],[-43.56838,-20.36722],[-43.5688,-20.36738],[-43.56903,-20.36752],[-43.56946,-20.3679],[-43.57058,-20.36919],[-43.57082,-20.36939],[-43.57128,-20.36964],[-43.57177,-20.36977],[-43.57235,-20.36981],[-43.57418,-20.3698],[-43.57476,-20.36994],[-43.57514,-20.37013],[-43.5759,-20.37076],[-43.57931,-20.37438],[-43.57967,-20.37467],[-43.58022,-20.375],[-43.58113,-20.37538],[-43.58197,-20.37556],[-43.58346,-20.37564],[-43.58417,-20.37578],[-43.58753,-20.37713],[-43.58803,-20.37728],[-43.58893,-20.37742],[-43.59007,-20.37746],[-43.59226,-20.37723],[-43.59431,-20.37711],[-43.59488,-20.37719],[-43.59587,-20.3775],[-43.59901,-20.37875],[-43.59976,-20.379],[-43.60221,-20.37916],[-43.60633,-20.37921],[-43.60692,-20.37915],[-43.6073,-20.37903],[-43.60756,-20.37878],[-43.60777,-20.37836],[-43.6079,-20.3778],[-43.60802,-20.37753],[-43.60814,-20.37738],[-43.60902,-20.37672],[-43.60925,-20.37648],[-43.60945,-20.3762],[-43.60985,-20.37523],[-43.61004,-20.37496],[-43.61035,-20.37477],[-43.6108,-20.37466],[-43.61444,-20.37468],[-43.61557,-20.37476],[-43.61618,-20.37496],[-43.61766,-20.37588],[-43.61809,-20.37606],[-43.61892,-20.37628],[-43.62092,-20.37671],[-43.62123,-20.37674],[-43.62147,-20.37675],[-43.62196,-20.37665],[-43.62325,-20.37598],[-43.62389,-20.37574],[-43.62457,-20.37567],[-43.62594,-20.37574],[-43.62628,-20.37566],[-43.62733,-20.37499],[-43.62981,-20.3727],[-43.6301,-20.37226],[-43.63015,-20.37208],[-43.63021,-20.37093],[-43.6304,-20.37041],[-43.63065,-20.37007],[-43.63087,-20.36988],[-43.63192,-20.36914],[-43.63231,-20.36894],[-43.6349,-20.36854],[-43.63566,-20.36852],[-43.63593,-20.36858],[-43.63637,-20.36877],[-43.6388,-20.3704],[-43.6394,-20.3707],[-43.64002,-20.37082],[-43.64052,-20.37079],[-43.64083,-20.37072],[-43.64148,-20.37042],[-43.64183,-20.37013],[-43.64215,-20.36973],[-43.64297,-20.36816],[-43.64362,-20.36743],[-43.64403,-20.3671],[-43.65362,-20.36256],[-43.65527,-20.36188],[-43.65867,-20.36065],[-43.65948,-20.36029],[-43.66001,-20.35998],[-43.66053,-20.35953],[-43.66099,-20.35896],[-43.66131,-20.35833],[-43.6615,-20.3577],[-43.66177,-20.356],[-43.66209,-20.35545],[-43.66262,-20.3549],[-43.66339,-20.35425],[-43.66395,-20.3539],[-43.66494,-20.35338],[-43.66664,-20.35226],[-43.66727,-20.35174],[-43.6684,-20.35062],[-43.66868,-20.3504],[-43.66913,-20.35017],[-43.66986,-20.34943],[-43.66928,-20.34871],[-43.66899,-20.34853],[-43.66674,-20.34743],[-43.66661,-20.34731],[-43.66576,-20.34602],[-43.66523,-20.34544],[-43.66501,-20.34509],[-43.66443,-20.34338],[-43.66422,-20.34259],[-43.66401,-20.34212],[-43.66369,-20.34162],[-43.66342,-20.34138],[-43.66153,-20.34013],[-43.66133,-20.33995],[-43.66054,-20.33901],[-43.66005,-20.33828],[-43.65964,-20.33789],[-43.65834,-20.33709],[-43.65789,-20.3369],[-43.65743,-20.33678],[-43.65625,-20.33622],[-43.6561,-20.33611],[-43.65575,-20.33576],[-43.65557,-20.33548],[-43.65516,-20.33438],[-43.65548,-20.3336],[-43.65605,-20.33264],[-43.65703,-20.33126],[-43.65719,-20.33075],[-43.65726,-20.33005],[-43.65737,-20.3297],[-43.65802,-20.32885],[-43.65821,-20.32847],[-43.65825,-20.32815],[-43.65821,-20.32722],[-43.65834,-20.32639],[-43.65823,-20.32565],[-43.65791,-20.32488],[-43.6579,-20.32472],[-43.65801,-20.32439],[-43.65915,-20.32311],[-43.65977,-20.32267],[-43.66077,-20.32209],[-43.66155,-20.32143],[-43.66171,-20.32119],[-43.66189,-20.31944],[-43.66183,-20.31883],[-43.66208,-20.31752],[-43.66208,-20.31711],[-43.66196,-20.31675],[-43.66179,-20.31649],[-43.66085,-20.31532],[-43.66073,-20.31504],[-43.66051,-20.31472],[-43.66016,-20.31395],[-43.66015,-20.31307],[-43.66001,-20.31176],[-43.66006,-20.31081],[-43.65983,-20.30995],[-43.65982,-20.30969],[-43.6599,-20.30927],[-43.65986,-20.30898],[-43.6597,-20.3088],[-43.65905,-20.30837],[-43.6587,-20.30787],[-43.6584,-20.30757],[-43.65627,-20.30616],[-43.65552,-20.30577],[-43.65461,-20.30503],[-43.65412,-20.30478],[-43.65394,-20.30446],[-43.6532,-20.30361],[-43.65199,-20.30276],[-43.65183,-20.30255],[-43.65162,-20.30212],[-43.65088,-20.30127],[-43.65079,-20.30101],[-43.6505,-20.29882],[-43.65034,-20.29813],[-43.65031,-20.29765],[-43.65036,-20.29651],[-43.65049,-20.29611],[-43.65069,-20.29579],[-43.65105,-20.29543],[-43.65175,-20.29488],[-43.65194,-20.29457],[-43.65261,-20.29283],[-43.65259,-20.2914],[-43.65227,-20.29037],[-43.65205,-20.28992],[-43.651,-20.2886],[-43.64971,-20.28723],[-43.64966,-20.28683],[-43.64992,-20.28627],[-43.64998,-20.28594],[-43.65031,-20.28523],[-43.65039,-20.28494],[-43.65037,-20.28377],[-43.65077,-20.28248],[-43.65062,-20.2817],[-43.65059,-20.28085],[-43.65087,-20.27978],[-43.65113,-20.2792],[-43.65165,-20.27861],[-43.6523,-20.27798],[-43.65249,-20.27769],[-43.65259,-20.2774],[-43.65262,-20.27703],[-43.65256,-20.27628],[-43.65224,-20.27525],[-43.65195,-20.27469],[-43.65179,-20.27424],[-43.65174,-20.27249],[-43.65177,-20.27211],[-43.6519,-20.27192],[-43.65261,-20.27168],[-43.65279,-20.27156],[-43.65328,-20.27093],[-43.65353,-20.27087],[-43.65427,-20.27087],[-43.65477,-20.27068],[-43.65504,-20.27051],[-43.65561,-20.26996],[-43.65648,-20.26945],[-43.65681,-20.2692],[-43.65723,-20.26879],[-43.65783,-20.26806],[-43.65807,-20.2672],[-43.65826,-20.26684],[-43.6585,-20.26658],[-43.65941,-20.26584],[-43.65951,-20.2657],[-43.65958,-20.26415],[-43.65971,-20.26342],[-43.65978,-20.26223],[-43.66049,-20.2601],[-43.66061,-20.25925]]},"properties":{"tipo":"rota","id":"OPR-R42","rota":"ROTA 42","municipio":"Ouro Preto","id_saida":"OPR-S1","origem":"PONTO DE PARTIDA OURO PRETO","ueop":"52º BPM","cia":"248ª Cia PM","unidade":"248cia","bpm":"52bpm","modalidade":"NAO_INFORMADA","paradas":["OPR-1511"],"destinos":["POSTO DE SAUDE - SOARES"],"qtd_paradas":1,"urnas":1,"distancia_km":33.24,"tempo_min":44.5,"trechos":[{"km":33.24,"min":44.5}],"calculada":true,"distancia_via_m":16}},{"type":"Feature","geometry":{"type":"LineString","coordinates":[[-43.5056,-20.38455],[-43.506,-20.38455],[-43.50643,-20.38428],[-43.50737,-20.38434],[-43.50745,-20.38436],[-43.50756,-20.38448],[-43.50777,-20.3849],[-43.50796,-20.38482],[-43.50788,-20.3844],[-43.50793,-20.38399],[-43.50786,-20.38308],[-43.50758,-20.38271],[-43.50765,-20.382],[-43.50738,-20.38101],[-43.50723,-20.38079],[-43.50689,-20.38062],[-43.50759,-20.38027],[-43.50771,-20.38016],[-43.50937,-20.37934],[-43.5097,-20.37921],[-43.51116,-20.37881],[-43.5133,-20.378],[-43.51384,-20.37789],[-43.51446,-20.37796],[-43.51488,-20.37808],[-43.51599,-20.37875],[-43.51664,-20.37899],[-43.51721,-20.37909],[-43.51849,-20.37921],[-43.51947,-20.37925],[-43.52019,-20.37936],[-43.5205,-20.37946],[-43.52118,-20.37978],[-43.52184,-20.38029],[-43.523,-20.3813],[-43.52346,-20.38146],[-43.52373,-20.38145],[-43.52399,-20.38138],[-43.52429,-20.38121],[-43.52455,-20.3809],[-43.5249,-20.38037],[-43.52546,-20.37891],[-43.52559,-20.37872],[-43.52579,-20.37857],[-43.52628,-20.37837],[-43.52767,-20.37834],[-43.52836,-20.37816],[-43.52942,-20.37761],[-43.53211,-20.37608],[-43.53386,-20.37521],[-43.53423,-20.37518],[-43.5346,-20.37528],[-43.53476,-20.37538],[-43.53554,-20.37636],[-43.53576,-20.37653],[-43.53611,-20.37668],[-43.53673,-20.37673],[-43.53902,-20.37585],[-43.54074,-20.37505],[-43.54382,-20.37382],[-43.54444,-20.37371],[-43.54483,-20.37378],[-43.54522,-20.37397],[-43.54824,-20.37605],[-43.54878,-20.37624],[-43.54931,-20.3762],[-43.54961,-20.37608],[-43.55034,-20.37552],[-43.55102,-20.37514],[-43.5526,-20.37479],[-43.55422,-20.37429],[-43.555,-20.37394],[-43.55594,-20.37311],[-43.55928,-20.36965],[-43.56107,-20.36838],[-43.56176,-20.36797],[-43.56259,-20.36767],[-43.5632,-20.36755],[-43.56756,-20.36715],[-43.56783,-20.36714],[-43.56838,-20.36722],[-43.5688,-20.36738],[-43.56903,-20.36752],[-43.56946,-20.3679],[-43.57058,-20.36919],[-43.57082,-20.36939],[-43.57128,-20.36964],[-43.57177,-20.36977],[-43.57235,-20.36981],[-43.57418,-20.3698],[-43.57476,-20.36994],[-43.57514,-20.37013],[-43.5759,-20.37076],[-43.57931,-20.37438],[-43.57967,-20.37467],[-43.58022,-20.375],[-43.58113,-20.37538],[-43.58197,-20.37556],[-43.58346,-20.37564],[-43.58417,-20.37578],[-43.58753,-20.37713],[-43.58803,-20.37728],[-43.58893,-20.37742],[-43.59007,-20.37746],[-43.59226,-20.37723],[-43.59431,-20.37711],[-43.59488,-20.37719],[-43.59587,-20.3775],[-43.59901,-20.37875],[-43.59976,-20.379],[-43.60221,-20.37916],[-43.60633,-20.37921],[-43.60692,-20.37915],[-43.6073,-20.37903],[-43.60756,-20.37878],[-43.60777,-20.37836],[-43.6079,-20.3778],[-43.60802,-20.37753],[-43.60814,-20.37738],[-43.60902,-20.37672],[-43.60925,-20.37648],[-43.60945,-20.3762],[-43.60985,-20.37523],[-43.61004,-20.37496],[-43.61035,-20.37477],[-43.6108,-20.37466],[-43.61444,-20.37468],[-43.61557,-20.37476],[-43.61618,-20.37496],[-43.61766,-20.37588],[-43.61809,-20.37606],[-43.61892,-20.37628],[-43.62092,-20.37671],[-43.62123,-20.37674],[-43.62147,-20.37675],[-43.62196,-20.37665],[-43.62325,-20.37598],[-43.62389,-20.37574],[-43.62457,-20.37567],[-43.62594,-20.37574],[-43.62628,-20.37566],[-43.62733,-20.37499],[-43.62981,-20.3727],[-43.6301,-20.37226],[-43.63015,-20.37208],[-43.63021,-20.37093],[-43.6304,-20.37041],[-43.63065,-20.37007],[-43.63087,-20.36988],[-43.63192,-20.36914],[-43.63231,-20.36894],[-43.6349,-20.36854],[-43.63566,-20.36852],[-43.63593,-20.36858],[-43.63637,-20.36877],[-43.6388,-20.3704],[-43.6394,-20.3707],[-43.64002,-20.37082],[-43.64052,-20.37079],[-43.64083,-20.37072],[-43.64148,-20.37042],[-43.64183,-20.37013],[-43.64215,-20.36973],[-43.64297,-20.36816],[-43.64362,-20.36743],[-43.64403,-20.3671],[-43.65362,-20.36256],[-43.65527,-20.36188],[-43.65867,-20.36065],[-43.65948,-20.36029],[-43.66001,-20.35998],[-43.66053,-20.35953],[-43.66099,-20.35896],[-43.66131,-20.35833],[-43.6615,-20.3577],[-43.66177,-20.356],[-43.66209,-20.35545],[-43.66262,-20.3549],[-43.66339,-20.35425],[-43.66395,-20.3539],[-43.66494,-20.35338],[-43.66664,-20.35226],[-43.66727,-20.35174],[-43.6684,-20.35062],[-43.66868,-20.3504],[-43.66913,-20.35017],[-43.66986,-20.34943],[-43.66928,-20.34871],[-43.66899,-20.34853],[-43.66674,-20.34743],[-43.66661,-20.34731],[-43.66576,-20.34602],[-43.66523,-20.34544],[-43.66501,-20.34509],[-43.66443,-20.34338],[-43.66422,-20.34259],[-43.66401,-20.34212],[-43.66369,-20.34162],[-43.66342,-20.34138],[-43.66153,-20.34013],[-43.66133,-20.33995],[-43.66054,-20.33901],[-43.66005,-20.33828],[-43.65964,-20.33789],[-43.65834,-20.33709],[-43.65789,-20.3369],[-43.65743,-20.33678],[-43.65625,-20.33622],[-43.6561,-20.33611],[-43.65575,-20.33576],[-43.65557,-20.33548],[-43.65516,-20.33438],[-43.65548,-20.3336],[-43.65605,-20.33264],[-43.65703,-20.33126],[-43.65719,-20.33075],[-43.65726,-20.33005],[-43.65737,-20.3297],[-43.65802,-20.32885],[-43.65821,-20.32847],[-43.65825,-20.32815],[-43.65821,-20.32722],[-43.65834,-20.32639],[-43.65823,-20.32565],[-43.65791,-20.32488],[-43.6579,-20.32472],[-43.65801,-20.32439],[-43.65915,-20.32311],[-43.65977,-20.32267],[-43.66077,-20.32209],[-43.66155,-20.32143],[-43.66171,-20.32119],[-43.66189,-20.31944],[-43.66183,-20.31883],[-43.66208,-20.31752],[-43.66204,-20.31693],[-43.66179,-20.31649],[-43.66085,-20.31532],[-43.66073,-20.31504],[-43.66051,-20.31472],[-43.66016,-20.31395],[-43.66015,-20.31307],[-43.66001,-20.31176],[-43.66006,-20.31081],[-43.65983,-20.30995],[-43.65982,-20.30969],[-43.6599,-20.30927],[-43.65986,-20.30898],[-43.6597,-20.3088],[-43.65905,-20.30837],[-43.6587,-20.30787],[-43.6584,-20.30757],[-43.65627,-20.30616],[-43.65552,-20.30577],[-43.65461,-20.30503],[-43.65361,-20.30452],[-43.6532,-20.30441],[-43.65243,-20.30443],[-43.65122,-20.30403],[-43.65034,-20.30408],[-43.64918,-20.30399],[-43.64893,-20.30388],[-43.64861,-20.30361],[-43.6479,-20.30293],[-43.64756,-20.3025],[-43.64675,-20.30116],[-43.64494,-20.29855],[-43.64462,-20.29784],[-43.64426,-20.29735],[-43.64394,-20.29701],[-43.64395,-20.29641],[-43.64349,-20.29459],[-43.64352,-20.29394],[-43.64362,-20.29371],[-43.64377,-20.29354],[-43.64359,-20.29309],[-43.64341,-20.29299],[-43.6433,-20.29317]]},"properties":{"tipo":"rota","id":"OPR-R43","rota":"ROTA 43","municipio":"Ouro Preto","id_saida":"OPR-S1","origem":"PONTO DE PARTIDA OURO PRETO","ueop":"52º BPM","cia":"248ª Cia PM","unidade":"248cia","bpm":"52bpm","modalidade":"NAO_INFORMADA","paradas":["OPR-1384"],"destinos":["ESCOLA MUNICIPAL  BENEDITO XAVIER"],"qtd_paradas":1,"urnas":3,"distancia_km":29.33,"tempo_min":37.6,"trechos":[{"km":29.33,"min":37.6}],"calculada":true,"distancia_via_m":20}},{"type":"Feature","geometry":{"type":"LineString","coordinates":[[-43.5056,-20.38455],[-43.506,-20.38455],[-43.50643,-20.38428],[-43.50737,-20.38434],[-43.50745,-20.38436],[-43.50756,-20.38448],[-43.50777,-20.3849],[-43.50796,-20.38482],[-43.50788,-20.3844],[-43.50793,-20.38399],[-43.50786,-20.38308],[-43.50758,-20.38271],[-43.50765,-20.382],[-43.50738,-20.38101],[-43.50723,-20.38079],[-43.50689,-20.38062],[-43.50759,-20.38027],[-43.50771,-20.38016],[-43.50957,-20.37926],[-43.51116,-20.37881],[-43.5133,-20.378],[-43.51384,-20.37789],[-43.51446,-20.37796],[-43.51488,-20.37808],[-43.51599,-20.37875],[-43.51655,-20.37897],[-43.51721,-20.37909],[-43.51947,-20.37925],[-43.52019,-20.37936],[-43.5205,-20.37946],[-43.52118,-20.37978],[-43.52184,-20.38029],[-43.523,-20.3813],[-43.52346,-20.38146],[-43.52373,-20.38145],[-43.52399,-20.38138],[-43.52429,-20.38121],[-43.52455,-20.3809],[-43.5249,-20.38037],[-43.52546,-20.37891],[-43.52559,-20.37872],[-43.52579,-20.37857],[-43.52628,-20.37837],[-43.52767,-20.37834],[-43.52836,-20.37816],[-43.52942,-20.37761],[-43.53211,-20.37608],[-43.53386,-20.37521],[-43.53423,-20.37518],[-43.5346,-20.37528],[-43.53476,-20.37538],[-43.53554,-20.37636],[-43.53576,-20.37653],[-43.53611,-20.37668],[-43.53673,-20.37673],[-43.53902,-20.37585],[-43.54074,-20.37505],[-43.54382,-20.37382],[-43.54444,-20.37371],[-43.54483,-20.37378],[-43.54522,-20.37397],[-43.54824,-20.37605],[-43.54878,-20.37624],[-43.54931,-20.3762],[-43.54961,-20.37608],[-43.55034,-20.37552],[-43.55102,-20.37514],[-43.5526,-20.37479],[-43.55422,-20.37429],[-43.555,-20.37394],[-43.55594,-20.37311],[-43.55882,-20.37009],[-43.55949,-20.36949],[-43.56107,-20.36838],[-43.56176,-20.36797],[-43.56259,-20.36767],[-43.56374,-20.36748],[-43.56756,-20.36715],[-43.56783,-20.36714],[-43.56838,-20.36722],[-43.5688,-20.36738],[-43.56925,-20.3677],[-43.57058,-20.36919],[-43.57082,-20.36939],[-43.57128,-20.36964],[-43.57177,-20.36977],[-43.57235,-20.36981],[-43.57418,-20.3698],[-43.5745,-20.36986],[-43.57496,-20.37003],[-43.57535,-20.37027],[-43.5759,-20.37076],[-43.57931,-20.37438],[-43.57967,-20.37467],[-43.58022,-20.375],[-43.58113,-20.37538],[-43.58197,-20.37556],[-43.58346,-20.37564],[-43.58417,-20.37578],[-43.58712,-20.37698],[-43.58803,-20.37728],[-43.58893,-20.37742],[-43.59007,-20.37746],[-43.59381,-20.37711],[-43.5946,-20.37714],[-43.59587,-20.3775],[-43.59901,-20.37875],[-43.59976,-20.379],[-43.60221,-20.37916],[-43.60633,-20.37921],[-43.60692,-20.37915],[-43.6073,-20.37903],[-43.60756,-20.37878],[-43.60766,-20.37862],[-43.60802,-20.37753],[-43.60814,-20.37738],[-43.60902,-20.37672],[-43.60925,-20.37648],[-43.60945,-20.3762],[-43.60985,-20.37523],[-43.61004,-20.37496],[-43.61035,-20.37477],[-43.6108,-20.37466],[-43.61444,-20.37468],[-43.61557,-20.37476],[-43.61618,-20.37496],[-43.61766,-20.37588],[-43.61809,-20.37606],[-43.61892,-20.37628],[-43.62092,-20.37671],[-43.62123,-20.37674],[-43.62147,-20.37675],[-43.62196,-20.37665],[-43.62325,-20.37598],[-43.62389,-20.37574],[-43.62457,-20.37567],[-43.62594,-20.37574],[-43.62614,-20.37571],[-43.62733,-20.37499],[-43.62981,-20.3727],[-43.6301,-20.37226],[-43.63015,-20.37208],[-43.63024,-20.3708],[-43.6304,-20.37041],[-43.63065,-20.37007],[-43.63192,-20.36914],[-43.63231,-20.36894],[-43.63261,-20.36887],[-43.63535,-20.3685],[-43.63593,-20.36858],[-43.63637,-20.36877],[-43.63905,-20.37055],[-43.6394,-20.3707],[-43.64002,-20.37082],[-43.64052,-20.37079],[-43.64083,-20.37072],[-43.64148,-20.37042],[-43.64183,-20.37013],[-43.64215,-20.36973],[-43.64297,-20.36816],[-43.64362,-20.36743],[-43.64403,-20.3671],[-43.65362,-20.36256],[-43.65527,-20.36188],[-43.65867,-20.36065],[-43.65948,-20.36029],[-43.66001,-20.35998],[-43.66053,-20.35953],[-43.66099,-20.35896],[-43.66131,-20.35833],[-43.6615,-20.3577],[-43.66177,-20.356],[-43.66209,-20.35545],[-43.66262,-20.3549],[-43.66339,-20.35425],[-43.66395,-20.3539],[-43.66494,-20.35338],[-43.66664,-20.35226],[-43.66715,-20.35185],[-43.66803,-20.35097],[-43.66868,-20.3504],[-43.66913,-20.35017],[-43.66942,-20.35008],[-43.66995,-20.34993],[-43.67054,-20.34983],[-43.6729,-20.3499],[-43.67361,-20.34986],[-43.67385,-20.34981],[-43.6743,-20.34962],[-43.67478,-20.34934],[-43.67531,-20.3488],[-43.67563,-20.34821],[-43.67613,-20.34701],[-43.67658,-20.34646],[-43.67675,-20.34634],[-43.67874,-20.34542],[-43.67906,-20.34523],[-43.67947,-20.34486],[-43.67978,-20.34434],[-43.67992,-20.34391],[-43.67994,-20.3437],[-43.67993,-20.34331],[-43.67986,-20.34298],[-43.67953,-20.34238],[-43.67799,-20.3406],[-43.6775,-20.33999],[-43.67726,-20.3396],[-43.67715,-20.33932],[-43.6771,-20.33883],[-43.67719,-20.33836],[-43.67734,-20.33804],[-43.67764,-20.33767],[-43.67814,-20.33731],[-43.68202,-20.33547],[-43.6827,-20.33494],[-43.68307,-20.33438],[-43.68323,-20.33377],[-43.68323,-20.33322],[-43.68301,-20.33185],[-43.68301,-20.33145],[-43.68317,-20.3308],[-43.68338,-20.33041],[-43.68351,-20.33026],[-43.68372,-20.33005],[-43.68422,-20.32972],[-43.68483,-20.32952],[-43.68546,-20.32946],[-43.68718,-20.32944],[-43.68811,-20.32926],[-43.68848,-20.32913],[-43.68911,-20.32878],[-43.68983,-20.32817],[-43.69137,-20.32639],[-43.69169,-20.32593],[-43.69203,-20.32508],[-43.69228,-20.32329],[-43.69243,-20.32269],[-43.69271,-20.32211],[-43.69403,-20.32008],[-43.69467,-20.31978],[-43.69592,-20.31903],[-43.69709,-20.31901],[-43.69753,-20.31888],[-43.69884,-20.31832],[-43.69988,-20.31808],[-43.70089,-20.31778],[-43.70136,-20.31725],[-43.70229,-20.31679],[-43.70402,-20.31608],[-43.70489,-20.31561],[-43.7054,-20.31527],[-43.70696,-20.31396],[-43.70795,-20.31352],[-43.70872,-20.31342],[-43.70901,-20.3131],[-43.70945,-20.31275],[-43.71,-20.31299],[-43.71128,-20.31329],[-43.71254,-20.31334],[-43.71315,-20.31322],[-43.71347,-20.31329],[-43.71381,-20.31344],[-43.71412,-20.31368],[-43.71467,-20.31427],[-43.71643,-20.31588],[-43.71759,-20.31672],[-43.71799,-20.3171],[-43.71807,-20.31729],[-43.71804,-20.31773],[-43.71756,-20.31819],[-43.71751,-20.31832],[-43.71765,-20.31855],[-43.71803,-20.31878],[-43.7183,-20.3188],[-43.71859,-20.3187],[-43.71879,-20.31854],[-43.71923,-20.31803],[-43.71946,-20.31789],[-43.71982,-20.31781],[-43.71994,-20.31782],[-43.72015,-20.31793],[-43.72069,-20.31853],[-43.72083,-20.31862],[-43.72158,-20.31843],[-43.72231,-20.31799],[-43.72269,-20.31783],[-43.72331,-20.31742],[-43.72383,-20.31701],[-43.72421,-20.31652],[-43.72463,-20.31611],[-43.72497,-20.31589],[-43.72613,-20.31548],[-43.72713,-20.31505],[-43.72736,-20.31505],[-43.72811,-20.31527],[-43.7289,-20.31572],[-43.73007,-20.31593],[-43.73041,-20.3162],[-43.73071,-20.31655],[-43.73147,-20.31696],[-43.7317,-20.31725],[-43.73184,-20.31736],[-43.73203,-20.31742],[-43.73233,-20.31736],[-43.73277,-20.31718],[-43.73394,-20.31726],[-43.73447,-20.31719],[-43.73671,-20.31757],[-43.73745,-20.31925],[-43.73785,-20.32004],[-43.73791,-20.32042],[-43.73768,-20.32111],[-43.7374,-20.32274],[-43.73742,-20.32313],[-43.7377,-20.32441],[-43.73879,-20.32534],[-43.73903,-20.32546],[-43.73933,-20.32551],[-43.74063,-20.32521],[-43.74094,-20.32537],[-43.7423,-20.32573],[-43.74296,-20.32576],[-43.74351,-20.32574],[-43.74463,-20.3255],[-43.74507,-20.32547],[-43.74648,-20.32524],[-43.74694,-20.32483],[-43.74757,-20.32456],[-43.74814,-20.3241],[-43.74955,-20.32273],[-43.75016,-20.32235],[-43.75059,-20.32221],[-43.75087,-20.3222],[-43.75153,-20.3224],[-43.75173,-20.32257],[-43.75185,-20.32281],[-43.75188,-20.32298],[-43.75183,-20.32367],[-43.75186,-20.32387],[-43.75195,-20.32402],[-43.75308,-20.325],[-43.75343,-20.32537],[-43.75401,-20.32581],[-43.75463,-20.32617],[-43.75524,-20.32677],[-43.75575,-20.32746],[-43.75599,-20.32809],[-43.75614,-20.3283],[-43.75681,-20.32886],[-43.75703,-20.3291],[-43.75771,-20.32923],[-43.75778,-20.32928],[-43.75809,-20.32984],[-43.75818,-20.33025],[-43.75833,-20.33023],[-43.7588,-20.33031],[-43.75946,-20.33047],[-43.75973,-20.33074],[-43.76009,-20.33089],[-43.76039,-20.33134],[-43.76048,-20.3314],[-43.76158,-20.33185],[-43.76243,-20.33181],[-43.76278,-20.33184],[-43.76312,-20.33203],[-43.76358,-20.33202],[-43.76419,-20.33218],[-43.76483,-20.33206],[-43.76588,-20.33245],[-43.76685,-20.33272],[-43.76748,-20.33325],[-43.76752,-20.33339],[-43.76731,-20.33436],[-43.76731,-20.33455],[-43.76784,-20.33469],[-43.76797,-20.33493],[-43.76818,-20.33493],[-43.76841,-20.335],[-43.7685,-20.33519],[-43.76843,-20.33557],[-43.76771,-20.33751],[-43.76769,-20.33782],[-43.76775,-20.33796],[-43.76786,-20.3381],[-43.76818,-20.33827],[-43.76911,-20.33837],[-43.76935,-20.33852],[-43.76969,-20.33886],[-43.76986,-20.33892],[-43.77037,-20.33892],[-43.77055,-20.33897],[-43.77074,-20.33905],[-43.77101,-20.33925],[-43.7711,-20.33935],[-43.77115,-20.33953],[-43.77092,-20.33982],[-43.77086,-20.34007],[-43.77166,-20.34165],[-43.77164,-20.34205],[-43.77141,-20.34276],[-43.77135,-20.34328],[-43.77183,-20.34479],[-43.77185,-20.34523],[-43.77138,-20.34609],[-43.77127,-20.34643],[-43.77111,-20.34778],[-43.77108,-20.34863],[-43.77099,-20.3492],[-43.7709,-20.34937],[-43.77041,-20.34984],[-43.77043,-20.35003]]},"properties":{"tipo":"rota","id":"OPR-R44","rota":"ROTA 44","municipio":"Ouro Preto","id_saida":"OPR-S1","origem":"PONTO DE PARTIDA OURO PRETO","ueop":"52º BPM","cia":"248ª Cia PM","unidade":"248cia","bpm":"52bpm","modalidade":"NAO_INFORMADA","paradas":["OPR-1325"],"destinos":["ESCOLA MUNICIPAL JOSE ESTEVAM BRAGA"],"qtd_paradas":1,"urnas":1,"distancia_km":38.48,"tempo_min":51.8,"trechos":[{"km":38.48,"min":51.8}],"calculada":true,"distancia_via_m":15}},{"type":"Feature","geometry":{"type":"LineString","coordinates":[[-43.41735,-20.36882],[-43.41666,-20.373],[-43.41646,-20.37392],[-43.41644,-20.37442],[-43.41648,-20.37466],[-43.41672,-20.37516],[-43.41737,-20.37559],[-43.41755,-20.3758],[-43.4177,-20.37609],[-43.41803,-20.37634],[-43.41837,-20.37679],[-43.41852,-20.37711],[-43.419,-20.37692]]},"properties":{"tipo":"rota","id":"MRN-R01","rota":"ROTA 01","municipio":"Mariana","id_saida":"MRN-S1","origem":"PONTO DE PARTIDA MARIANA","ueop":"52º BPM","cia":"239ª Cia PM","unidade":"239cia","bpm":"52bpm","modalidade":"NAO_INFORMADA","paradas":["MRN-1058"],"destinos":["INSTITUTO DE CIÊNCIAS SOCIAIS APLICADAS - UFOP"],"qtd_paradas":1,"urnas":17,"distancia_km":1.06,"tempo_min":1.7,"trechos":[{"km":1.06,"min":1.7}],"calculada":true,"distancia_via_m":34}},{"type":"Feature","geometry":{"type":"LineString","coordinates":[[-43.41735,-20.36882],[-43.41666,-20.373],[-43.41646,-20.37392],[-43.41625,-20.37395],[-43.41607,-20.37289],[-43.41608,-20.37141],[-43.41615,-20.3703]]},"properties":{"tipo":"rota","id":"MRN-R02","rota":"ROTA 02","municipio":"Mariana","id_saida":"MRN-S1","origem":"PONTO DE PARTIDA MARIANA","ueop":"52º BPM","cia":"239ª Cia PM","unidade":"239cia","bpm":"52bpm","modalidade":"NAO_INFORMADA","paradas":["MRN-1074"],"destinos":["ESCOLA ESTADUAL DOM SILVERIO"],"qtd_paradas":1,"urnas":13,"distancia_km":1.0,"tempo_min":1.6,"trechos":[{"km":1.0,"min":1.6}],"calculada":true,"distancia_via_m":13}},{"type":"Feature","geometry":{"type":"LineString","coordinates":[[-43.41735,-20.36882],[-43.41666,-20.373],[-43.41646,-20.37392],[-43.41644,-20.37442],[-43.41648,-20.37466],[-43.41672,-20.37516],[-43.41737,-20.37559],[-43.41755,-20.3758],[-43.4177,-20.37609],[-43.41803,-20.37634],[-43.41837,-20.37679],[-43.41852,-20.37711],[-43.419,-20.37692]]},"properties":{"tipo":"rota","id":"MRN-R03","rota":"ROTA 03","municipio":"Mariana","id_saida":"MRN-S1","origem":"PONTO DE PARTIDA MARIANA","ueop":"52º BPM","cia":"239ª Cia PM","unidade":"239cia","bpm":"52bpm","modalidade":"NAO_INFORMADA","paradas":["MRN-1058"],"destinos":["INSTITUTO DE CIÊNCIAS SOCIAIS APLICADAS - UFOP"],"qtd_paradas":1,"urnas":5,"distancia_km":1.06,"tempo_min":1.7,"trechos":[{"km":1.06,"min":1.7}],"calculada":true,"distancia_via_m":34}},{"type":"Feature","geometry":{"type":"LineString","coordinates":[[-43.41735,-20.36882],[-43.41666,-20.373],[-43.41646,-20.37392],[-43.41644,-20.37442],[-43.41652,-20.37481],[-43.41672,-20.37516],[-43.41737,-20.37559],[-43.41755,-20.3758],[-43.4177,-20.37609],[-43.41786,-20.37621],[-43.41789,-20.37632],[-43.41678,-20.37672],[-43.41625,-20.37686],[-43.41652,-20.37802],[-43.41621,-20.3781],[-43.4165,-20.37895],[-43.41656,-20.37898],[-43.41743,-20.38125],[-43.41753,-20.38186],[-43.41675,-20.38199]]},"properties":{"tipo":"rota","id":"MRN-R04","rota":"ROTA 04","municipio":"Mariana","id_saida":"MRN-S1","origem":"PONTO DE PARTIDA MARIANA","ueop":"52º BPM","cia":"239ª Cia PM","unidade":"239cia","bpm":"52bpm","modalidade":"NAO_INFORMADA","paradas":["MRN-1147"],"destinos":["ESCOLA ESTADUAL DOM BENEVIDES"],"qtd_paradas":1,"urnas":10,"distancia_km":1.77,"tempo_min":3.7,"trechos":[{"km":1.77,"min":3.7}],"calculada":true,"distancia_via_m":74}},{"type":"Feature","geometry":{"type":"LineString","coordinates":[[-43.41735,-20.36882],[-43.41666,-20.373],[-43.41646,-20.37392],[-43.41644,-20.37442],[-43.41652,-20.37481],[-43.41672,-20.37516],[-43.41737,-20.37559],[-43.41755,-20.3758],[-43.4177,-20.37609],[-43.41786,-20.37621],[-43.41789,-20.37632],[-43.41678,-20.37672],[-43.41625,-20.37686],[-43.41652,-20.37802],[-43.41621,-20.3781],[-43.4165,-20.37895],[-43.41656,-20.37898],[-43.41743,-20.38125],[-43.41756,-20.38202],[-43.4176,-20.38283],[-43.41744,-20.38303],[-43.41668,-20.38356],[-43.4162,-20.38403],[-43.41596,-20.38453],[-43.41562,-20.38498],[-43.41477,-20.38586],[-43.41473,-20.38619],[-43.41474,-20.38716],[-43.41442,-20.38772],[-43.41453,-20.38781],[-43.41517,-20.38807],[-43.41592,-20.38826],[-43.41591,-20.38847],[-43.41634,-20.3885],[-43.41657,-20.38861],[-43.41693,-20.38904],[-43.41796,-20.39063],[-43.4181,-20.39078],[-43.41815,-20.39129]]},"properties":{"tipo":"rota","id":"MRN-R05","rota":"ROTA 05","municipio":"Mariana","id_saida":"MRN-S1","origem":"PONTO DE PARTIDA MARIANA","ueop":"52º BPM","cia":"239ª Cia PM","unidade":"239cia","bpm":"52bpm","modalidade":"NAO_INFORMADA","paradas":["MRN-1155"],"destinos":["ESCOLA MUNICIPAL MONSENHOR JOSE COTTA"],"qtd_paradas":1,"urnas":10,"distancia_km":3.08,"tempo_min":6.2,"trechos":[{"km":3.08,"min":6.2}],"calculada":true,"distancia_via_m":10}},{"type":"Feature","geometry":{"type":"LineString","coordinates":[[-43.41735,-20.36882],[-43.41666,-20.373],[-43.41646,-20.37392],[-43.41644,-20.37442],[-43.41652,-20.37481],[-43.41672,-20.37516],[-43.41737,-20.37559],[-43.41755,-20.3758],[-43.4177,-20.37609],[-43.41789,-20.37626],[-43.41787,-20.37634],[-43.4173,-20.37651],[-43.41723,-20.37657],[-43.41768,-20.37745],[-43.41711,-20.37776]]},"properties":{"tipo":"rota","id":"MRN-R06","rota":"ROTA 06","municipio":"Mariana","id_saida":"MRN-S1","origem":"PONTO DE PARTIDA MARIANA","ueop":"52º BPM","cia":"239ª Cia PM","unidade":"239cia","bpm":"52bpm","modalidade":"NAO_INFORMADA","paradas":["MRN-1171"],"destinos":["ESCOLA ESTADUAL C. MAURO DE FARIA BANDEIRANTES"],"qtd_paradas":1,"urnas":4,"distancia_km":1.15,"tempo_min":2.0,"trechos":[{"km":1.15,"min":2.0}],"calculada":true,"distancia_via_m":10}},{"type":"Feature","geometry":{"type":"LineString","coordinates":[[-43.41735,-20.36882],[-43.41666,-20.373],[-43.41646,-20.37392],[-43.41644,-20.37442],[-43.41652,-20.37481],[-43.41672,-20.37516],[-43.41737,-20.37559],[-43.41755,-20.3758],[-43.4177,-20.37609],[-43.41786,-20.37621],[-43.41787,-20.37634],[-43.41678,-20.37672],[-43.41535,-20.37713],[-43.41512,-20.37641],[-43.41457,-20.37607],[-43.41444,-20.3765],[-43.41351,-20.37627],[-43.41344,-20.37647],[-43.41344,-20.37672],[-43.41275,-20.37696],[-43.41202,-20.37737],[-43.4113,-20.37751],[-43.41103,-20.37773],[-43.4099,-20.37835],[-43.40918,-20.37943],[-43.40908,-20.3797],[-43.4091,-20.38008],[-43.40926,-20.38041],[-43.41016,-20.3811],[-43.41047,-20.3814],[-43.41067,-20.38172],[-43.41078,-20.3821],[-43.4108,-20.38247],[-43.41075,-20.38276],[-43.41045,-20.38332],[-43.40908,-20.38452],[-43.40872,-20.38472],[-43.40852,-20.38475],[-43.40808,-20.38467],[-43.4075,-20.38426],[-43.40711,-20.38441],[-43.40671,-20.38417],[-43.40611,-20.38404],[-43.40518,-20.38408],[-43.4038,-20.38383],[-43.40329,-20.38386],[-43.4028,-20.38396],[-43.40228,-20.3842],[-43.4014,-20.38479],[-43.40107,-20.38491],[-43.39886,-20.38507],[-43.39832,-20.38533],[-43.39793,-20.38569],[-43.39769,-20.38613],[-43.39762,-20.3865],[-43.3976,-20.38714],[-43.39766,-20.38819],[-43.39755,-20.38863],[-43.39735,-20.38886],[-43.39702,-20.38902],[-43.39657,-20.38904],[-43.39624,-20.38892],[-43.39602,-20.38868],[-43.39583,-20.38832],[-43.39565,-20.38791],[-43.39563,-20.38749],[-43.3957,-20.38673],[-43.39554,-20.38592],[-43.39534,-20.38562],[-43.39503,-20.38545],[-43.39422,-20.38534],[-43.39265,-20.38554],[-43.39225,-20.3855],[-43.39204,-20.38543],[-43.39182,-20.38529],[-43.39159,-20.385],[-43.39099,-20.38389],[-43.39073,-20.38353],[-43.3905,-20.38334],[-43.39025,-20.38326],[-43.38987,-20.38327],[-43.38937,-20.38342],[-43.3889,-20.38366],[-43.38854,-20.38377],[-43.38833,-20.38377],[-43.38813,-20.3837],[-43.38782,-20.38347],[-43.38632,-20.38179],[-43.38601,-20.38155],[-43.38561,-20.38143],[-43.38531,-20.38142],[-43.38499,-20.3815],[-43.38251,-20.38288],[-43.38208,-20.383],[-43.38149,-20.38305],[-43.3813,-20.38303],[-43.38052,-20.38273],[-43.38015,-20.38269],[-43.37994,-20.38274],[-43.37843,-20.3835],[-43.37798,-20.38384],[-43.37785,-20.38413],[-43.37802,-20.38525],[-43.37801,-20.38543],[-43.37794,-20.38566],[-43.37761,-20.38606],[-43.37726,-20.38618],[-43.37523,-20.38619],[-43.37486,-20.38623],[-43.37445,-20.38639],[-43.37218,-20.38761],[-43.37131,-20.38799],[-43.37069,-20.38816],[-43.36974,-20.38831],[-43.36688,-20.38814],[-43.36643,-20.3882],[-43.36605,-20.38836],[-43.36471,-20.38917],[-43.36425,-20.38931],[-43.36379,-20.38928],[-43.36342,-20.3891],[-43.36245,-20.38818],[-43.36177,-20.38762],[-43.36012,-20.38671],[-43.35892,-20.38626],[-43.35828,-20.38616],[-43.35735,-20.38616],[-43.35673,-20.38627],[-43.35493,-20.38702],[-43.35433,-20.38719],[-43.35376,-20.38717],[-43.35308,-20.38708],[-43.35254,-20.38691],[-43.35095,-20.38589],[-43.35069,-20.38566],[-43.35051,-20.38529],[-43.35044,-20.38421],[-43.35037,-20.38385],[-43.3502,-20.38353],[-43.34997,-20.38327],[-43.34901,-20.38252],[-43.34869,-20.38239],[-43.34826,-20.38241],[-43.34715,-20.38272],[-43.34666,-20.38272],[-43.34642,-20.38262],[-43.34584,-20.38217],[-43.34555,-20.38201],[-43.3451,-20.38196],[-43.34492,-20.38199],[-43.34385,-20.38244],[-43.34323,-20.38275],[-43.34283,-20.38304],[-43.34235,-20.38348],[-43.34211,-20.38365],[-43.34185,-20.38375],[-43.34016,-20.3839],[-43.3386,-20.38433],[-43.33638,-20.38413],[-43.33547,-20.38389],[-43.33509,-20.38364],[-43.33487,-20.38343],[-43.33464,-20.38313],[-43.33374,-20.38117],[-43.33342,-20.3809],[-43.3331,-20.38079],[-43.3315,-20.38073],[-43.33125,-20.38078],[-43.3309,-20.38097],[-43.33072,-20.38119],[-43.33063,-20.38141],[-43.33024,-20.38304],[-43.32996,-20.38359],[-43.32975,-20.38389],[-43.32925,-20.3844],[-43.3272,-20.38621],[-43.32691,-20.38643],[-43.32672,-20.38651],[-43.32647,-20.38656],[-43.32575,-20.38651],[-43.32556,-20.38645],[-43.32438,-20.38582],[-43.3236,-20.38554],[-43.31998,-20.38465],[-43.31945,-20.38471],[-43.31782,-20.38533],[-43.31714,-20.38536],[-43.31619,-20.38526],[-43.31548,-20.38497],[-43.31284,-20.38349],[-43.31247,-20.38318],[-43.31236,-20.38301],[-43.31229,-20.38278],[-43.31241,-20.38187],[-43.31242,-20.38161],[-43.31237,-20.38137],[-43.31226,-20.38116],[-43.31181,-20.38083],[-43.30966,-20.38046],[-43.30851,-20.38037],[-43.30815,-20.38027],[-43.30563,-20.37903],[-43.30414,-20.37818],[-43.3036,-20.37797],[-43.30295,-20.37792],[-43.3013,-20.37798],[-43.30067,-20.37787],[-43.30029,-20.3777],[-43.30004,-20.37775],[-43.2999,-20.37792],[-43.29995,-20.3793],[-43.3001,-20.37982],[-43.30009,-20.38],[-43.29964,-20.38084],[-43.29953,-20.38092],[-43.29935,-20.38089],[-43.29889,-20.38053],[-43.29848,-20.38012],[-43.29809,-20.37961],[-43.29729,-20.37895],[-43.29697,-20.37878],[-43.2968,-20.37874],[-43.29626,-20.37871],[-43.29596,-20.37876],[-43.29313,-20.37973],[-43.29227,-20.37987],[-43.29168,-20.37977],[-43.29105,-20.37991],[-43.29013,-20.38036],[-43.28924,-20.38115],[-43.28917,-20.38132],[-43.28919,-20.38141],[-43.28946,-20.38189],[-43.2898,-20.38217],[-43.29017,-20.38232],[-43.2903,-20.38246],[-43.29042,-20.38288],[-43.29037,-20.38326],[-43.29068,-20.38367],[-43.29071,-20.38378],[-43.29068,-20.38402],[-43.29052,-20.3843],[-43.29004,-20.38488],[-43.28999,-20.38547],[-43.29008,-20.38566],[-43.29069,-20.38643],[-43.29078,-20.3869],[-43.29095,-20.38722],[-43.29115,-20.38748],[-43.29161,-20.38787],[-43.29169,-20.38804],[-43.29161,-20.38822],[-43.29104,-20.38836],[-43.29093,-20.38843],[-43.29076,-20.38881],[-43.29072,-20.38924],[-43.29077,-20.38952],[-43.29108,-20.39034],[-43.291,-20.3906],[-43.29011,-20.39093],[-43.28974,-20.39119],[-43.28941,-20.39153],[-43.28922,-20.39161],[-43.28905,-20.39157],[-43.28875,-20.3912],[-43.28852,-20.39106],[-43.28785,-20.39107],[-43.28731,-20.39095],[-43.28712,-20.39096],[-43.28681,-20.39116],[-43.28671,-20.39127],[-43.28659,-20.39155],[-43.28644,-20.39167],[-43.28547,-20.39189],[-43.28488,-20.39181],[-43.28412,-20.39134],[-43.28398,-20.3913],[-43.28383,-20.39132],[-43.28301,-20.39165],[-43.28267,-20.39186],[-43.28215,-20.3925],[-43.28182,-20.39316],[-43.28161,-20.3933],[-43.28139,-20.39323],[-43.28109,-20.39279],[-43.28083,-20.39257],[-43.28002,-20.39208],[-43.27981,-20.39211],[-43.2788,-20.39355],[-43.27875,-20.39368],[-43.27875,-20.39407],[-43.27859,-20.39428],[-43.27823,-20.3945],[-43.27808,-20.39454],[-43.278,-20.39455],[-43.27775,-20.39445],[-43.27762,-20.39447],[-43.27661,-20.39519],[-43.27659,-20.39537],[-43.27682,-20.39602],[-43.27697,-20.39631],[-43.27696,-20.39645],[-43.27613,-20.39704],[-43.27533,-20.39733],[-43.27485,-20.39784],[-43.27474,-20.39785],[-43.27459,-20.39778],[-43.27441,-20.39749],[-43.27449,-20.39692],[-43.27411,-20.39683],[-43.27398,-20.39681],[-43.27376,-20.39686],[-43.27358,-20.3972],[-43.27335,-20.39731],[-43.2733,-20.39754],[-43.27307,-20.39758],[-43.2725,-20.39759],[-43.27214,-20.39737],[-43.27163,-20.39723],[-43.27121,-20.39704],[-43.27112,-20.39689],[-43.27116,-20.39622],[-43.27094,-20.39565],[-43.27099,-20.39535]]},"properties":{"tipo":"rota","id":"MRN-R07","rota":"ROTA 07","municipio":"Mariana","id_saida":"MRN-S1","origem":"PONTO DE PARTIDA MARIANA","ueop":"52º BPM","cia":"239ª Cia PM","unidade":"239cia","bpm":"52bpm","modalidade":"NAO_INFORMADA","paradas":["MRN-1643"],"destinos":["ESCOLA MUNICIPAL ANÍBAL DE FREITAS"],"qtd_paradas":1,"urnas":6,"distancia_km":23.03,"tempo_min":27.5,"trechos":[{"km":23.03,"min":27.5}],"calculada":true,"distancia_via_m":10}},{"type":"Feature","geometry":{"type":"LineString","coordinates":[[-43.41735,-20.36882],[-43.41729,-20.36929],[-43.41634,-20.36913],[-43.41654,-20.36727],[-43.41652,-20.36698],[-43.41628,-20.36648],[-43.41575,-20.36421],[-43.41602,-20.36389],[-43.41628,-20.36373],[-43.41665,-20.3634],[-43.41665,-20.36328],[-43.41645,-20.36278],[-43.41664,-20.36245],[-43.41646,-20.36189],[-43.41645,-20.36156],[-43.41615,-20.36152],[-43.41576,-20.36095],[-43.41546,-20.36071],[-43.41468,-20.36047],[-43.41431,-20.36051],[-43.41397,-20.36063],[-43.41314,-20.36122],[-43.41294,-20.36133],[-43.41259,-20.36142],[-43.41204,-20.36137],[-43.41056,-20.36093],[-43.40882,-20.36101],[-43.40859,-20.36101],[-43.4083,-20.36093],[-43.40792,-20.36066],[-43.40781,-20.36048],[-43.40756,-20.35962],[-43.40734,-20.35934],[-43.40706,-20.35916],[-43.40722,-20.35861],[-43.40798,-20.35796],[-43.40796,-20.35744],[-43.4082,-20.3571],[-43.40814,-20.35675],[-43.40794,-20.35686]]},"properties":{"tipo":"rota","id":"MRN-R08","rota":"ROTA 08","municipio":"Mariana","id_saida":"MRN-S1","origem":"PONTO DE PARTIDA MARIANA","ueop":"52º BPM","cia":"239ª Cia PM","unidade":"239cia","bpm":"52bpm","modalidade":"NAO_INFORMADA","paradas":["MRN-1198"],"destinos":["ESCOLA MUNICIPAL DE BARROCA"],"qtd_paradas":1,"urnas":2,"distancia_km":2.58,"tempo_min":5.5,"trechos":[{"km":2.58,"min":5.5}],"calculada":true,"distancia_via_m":26}},{"type":"Feature","geometry":{"type":"LineString","coordinates":[[-43.41735,-20.36882],[-43.41729,-20.36929],[-43.41634,-20.36913],[-43.41654,-20.36727],[-43.41652,-20.36698],[-43.41628,-20.36648],[-43.41575,-20.36421],[-43.41596,-20.36395],[-43.41628,-20.36373],[-43.41673,-20.36352],[-43.41675,-20.36342],[-43.41681,-20.3634],[-43.41687,-20.36345],[-43.4177,-20.36302],[-43.41884,-20.36232],[-43.419,-20.36196],[-43.41925,-20.36186],[-43.41932,-20.36178],[-43.41983,-20.36007],[-43.42001,-20.3597],[-43.42019,-20.35936],[-43.4208,-20.35858],[-43.42249,-20.35698],[-43.42632,-20.35374],[-43.42682,-20.35348],[-43.42745,-20.35332],[-43.42813,-20.35328],[-43.42932,-20.35338],[-43.43002,-20.35333],[-43.43025,-20.35324],[-43.43056,-20.35301],[-43.43079,-20.35263],[-43.4313,-20.35117],[-43.43193,-20.34911],[-43.43226,-20.34841],[-43.43274,-20.34799],[-43.43376,-20.34744],[-43.43689,-20.34601],[-43.43733,-20.34574],[-43.43752,-20.34554],[-43.43767,-20.34525],[-43.43777,-20.34482],[-43.43759,-20.34349],[-43.4376,-20.34323],[-43.43771,-20.34278],[-43.43805,-20.3421],[-43.44134,-20.33704],[-43.44176,-20.33668],[-43.44204,-20.33653],[-43.44485,-20.33519],[-43.44536,-20.33488],[-43.44604,-20.33438],[-43.44658,-20.33371],[-43.44707,-20.33288],[-43.44738,-20.33256],[-43.44834,-20.33102],[-43.4487,-20.33032],[-43.4488,-20.32986],[-43.44881,-20.32939],[-43.44866,-20.32882],[-43.44842,-20.3284],[-43.44793,-20.32792],[-43.44715,-20.32688],[-43.44696,-20.32648],[-43.44689,-20.32558],[-43.44704,-20.32428],[-43.44697,-20.32364],[-43.44702,-20.32332],[-43.447,-20.32307],[-43.44691,-20.3227],[-43.4467,-20.32233],[-43.44547,-20.32132],[-43.44525,-20.32103],[-43.4451,-20.32071],[-43.44507,-20.32036],[-43.44511,-20.32011],[-43.44526,-20.31981],[-43.44642,-20.31842],[-43.44675,-20.31784],[-43.447,-20.3176],[-43.44741,-20.3174],[-43.44778,-20.31715],[-43.44785,-20.31696],[-43.44784,-20.31667],[-43.44757,-20.31631],[-43.44756,-20.31614],[-43.44762,-20.31599],[-43.44788,-20.3157],[-43.44811,-20.31524],[-43.4484,-20.31513],[-43.4487,-20.31518],[-43.4492,-20.31557],[-43.44949,-20.31548],[-43.44972,-20.31527],[-43.44971,-20.31498],[-43.44956,-20.31475],[-43.44872,-20.31444],[-43.44856,-20.31432],[-43.44844,-20.31409],[-43.44849,-20.31383],[-43.4491,-20.31345],[-43.44966,-20.31341],[-43.45035,-20.31343],[-43.45066,-20.31326],[-43.45083,-20.31304],[-43.45113,-20.3118],[-43.45118,-20.31113],[-43.45083,-20.31044],[-43.4506,-20.30902],[-43.45033,-20.30864],[-43.45011,-20.30804],[-43.45005,-20.30768],[-43.44981,-20.30709],[-43.44984,-20.30687],[-43.45009,-20.30644],[-43.45014,-20.30611],[-43.45,-20.30578],[-43.44971,-20.30544],[-43.44982,-20.30472],[-43.44962,-20.30449],[-43.44883,-20.3039],[-43.44866,-20.30368],[-43.44867,-20.30343],[-43.44876,-20.30315],[-43.44871,-20.3029],[-43.44857,-20.30274],[-43.4484,-20.30266],[-43.44789,-20.30257],[-43.44765,-20.30244],[-43.44747,-20.30226],[-43.44721,-20.30174],[-43.44714,-20.3015],[-43.44713,-20.30123],[-43.44807,-20.30035],[-43.44825,-20.30002],[-43.44834,-20.2991],[-43.449,-20.29793],[-43.44913,-20.29759]]},"properties":{"tipo":"rota","id":"MRN-R09","rota":"ROTA 09","municipio":"Mariana","id_saida":"MRN-S1","origem":"PONTO DE PARTIDA MARIANA","ueop":"52º BPM","cia":"239ª Cia PM","unidade":"239cia","bpm":"52bpm","modalidade":"NAO_INFORMADA","paradas":["MRN-1201"],"destinos":["ESCOLA MUNICIPAL DE BENTO RODRIGUES"],"qtd_paradas":1,"urnas":2,"distancia_km":10.81,"tempo_min":16.0,"trechos":[{"km":10.81,"min":16.0}],"calculada":true,"distancia_via_m":10}},{"type":"Feature","geometry":{"type":"LineString","coordinates":[[-43.41735,-20.36882],[-43.41666,-20.373],[-43.41646,-20.37392],[-43.41644,-20.37442],[-43.41652,-20.37481],[-43.41672,-20.37516],[-43.41737,-20.37559],[-43.41755,-20.3758],[-43.4177,-20.37609],[-43.41786,-20.37621],[-43.41787,-20.37634],[-43.41678,-20.37672],[-43.41535,-20.37713],[-43.41512,-20.37641],[-43.41457,-20.37607],[-43.41444,-20.3765],[-43.41351,-20.37627],[-43.41344,-20.37647],[-43.41344,-20.37672],[-43.41275,-20.37696],[-43.41202,-20.37737],[-43.4113,-20.37751],[-43.41103,-20.37773],[-43.4099,-20.37835],[-43.40918,-20.37943],[-43.40908,-20.3797],[-43.4091,-20.38008],[-43.40926,-20.38041],[-43.41016,-20.3811],[-43.41047,-20.3814],[-43.41067,-20.38172],[-43.41078,-20.3821],[-43.4108,-20.38247],[-43.41075,-20.38276],[-43.41045,-20.38332],[-43.40908,-20.38452],[-43.40872,-20.38472],[-43.40852,-20.38475],[-43.40808,-20.38467],[-43.4075,-20.38426],[-43.40711,-20.38441],[-43.40671,-20.38417],[-43.40611,-20.38404],[-43.40518,-20.38408],[-43.4038,-20.38383],[-43.40329,-20.38386],[-43.4028,-20.38396],[-43.40228,-20.3842],[-43.4014,-20.38479],[-43.40107,-20.38491],[-43.39886,-20.38507],[-43.39832,-20.38533],[-43.39793,-20.38569],[-43.39769,-20.38613],[-43.39762,-20.3865],[-43.3976,-20.38714],[-43.39766,-20.38819],[-43.39755,-20.38863],[-43.39735,-20.38886],[-43.39702,-20.38902],[-43.39657,-20.38904],[-43.39624,-20.38892],[-43.39602,-20.38868],[-43.39583,-20.38832],[-43.39565,-20.38791],[-43.39563,-20.38749],[-43.3957,-20.38673],[-43.39554,-20.38592],[-43.39534,-20.38562],[-43.39503,-20.38545],[-43.39422,-20.38534],[-43.39265,-20.38554],[-43.39225,-20.3855],[-43.39204,-20.38543],[-43.39182,-20.38529],[-43.39159,-20.385],[-43.39099,-20.38389],[-43.39073,-20.38353],[-43.3905,-20.38334],[-43.39025,-20.38326],[-43.38987,-20.38327],[-43.38937,-20.38342],[-43.3889,-20.38366],[-43.38854,-20.38377],[-43.38833,-20.38377],[-43.38813,-20.3837],[-43.38782,-20.38347],[-43.38632,-20.38179],[-43.38601,-20.38155],[-43.38561,-20.38143],[-43.38531,-20.38142],[-43.38499,-20.3815],[-43.38251,-20.38288],[-43.38208,-20.383],[-43.38149,-20.38305],[-43.3813,-20.38303],[-43.38052,-20.38273],[-43.38015,-20.38269],[-43.37994,-20.38274],[-43.37843,-20.3835],[-43.37798,-20.38384],[-43.37785,-20.38413],[-43.37802,-20.38525],[-43.37801,-20.38543],[-43.37794,-20.38566],[-43.37761,-20.38606],[-43.37726,-20.38618],[-43.37523,-20.38619],[-43.37486,-20.38623],[-43.37445,-20.38639],[-43.37218,-20.38761],[-43.37131,-20.38799],[-43.37069,-20.38816],[-43.36974,-20.38831],[-43.36688,-20.38814],[-43.36643,-20.3882],[-43.36605,-20.38836],[-43.36471,-20.38917],[-43.36425,-20.38931],[-43.36379,-20.38928],[-43.36342,-20.3891],[-43.36245,-20.38818],[-43.36177,-20.38762],[-43.36012,-20.38671],[-43.35892,-20.38626],[-43.35828,-20.38616],[-43.35735,-20.38616],[-43.35673,-20.38627],[-43.35493,-20.38702],[-43.35433,-20.38719],[-43.35376,-20.38717],[-43.35308,-20.38708],[-43.35254,-20.38691],[-43.35095,-20.38589],[-43.35069,-20.38566],[-43.35051,-20.38529],[-43.35044,-20.38421],[-43.35037,-20.38385],[-43.3502,-20.38353],[-43.34997,-20.38327],[-43.34901,-20.38252],[-43.34869,-20.38239],[-43.34826,-20.38241],[-43.34715,-20.38272],[-43.34666,-20.38272],[-43.34642,-20.38262],[-43.34584,-20.38217],[-43.34555,-20.38201],[-43.3451,-20.38196],[-43.34492,-20.38199],[-43.34385,-20.38244],[-43.34323,-20.38275],[-43.34283,-20.38304],[-43.34235,-20.38348],[-43.34211,-20.38365],[-43.34185,-20.38375],[-43.34016,-20.3839],[-43.3386,-20.38433],[-43.33638,-20.38413],[-43.33547,-20.38389],[-43.33509,-20.38364],[-43.33487,-20.38343],[-43.33464,-20.38313],[-43.33374,-20.38117],[-43.33342,-20.3809],[-43.3331,-20.38079],[-43.3315,-20.38073],[-43.33125,-20.38078],[-43.3309,-20.38097],[-43.33072,-20.38119],[-43.33063,-20.38141],[-43.33024,-20.38304],[-43.32996,-20.38359],[-43.32975,-20.38389],[-43.32925,-20.3844],[-43.3272,-20.38621],[-43.32691,-20.38643],[-43.32672,-20.38651],[-43.32647,-20.38656],[-43.32575,-20.38651],[-43.32556,-20.38645],[-43.32438,-20.38582],[-43.3236,-20.38554],[-43.31998,-20.38465],[-43.31945,-20.38471],[-43.31782,-20.38533],[-43.31714,-20.38536],[-43.31619,-20.38526],[-43.31548,-20.38497],[-43.31284,-20.38349],[-43.31247,-20.38318],[-43.31236,-20.38301],[-43.31229,-20.38278],[-43.31241,-20.38187],[-43.31242,-20.38161],[-43.31237,-20.38137],[-43.31226,-20.38116],[-43.31181,-20.38083],[-43.30966,-20.38046],[-43.30851,-20.38037],[-43.30815,-20.38027],[-43.30535,-20.37887],[-43.30531,-20.37884],[-43.3055,-20.37863],[-43.30636,-20.37836],[-43.30702,-20.3779],[-43.30757,-20.37761],[-43.30801,-20.37728],[-43.30874,-20.377],[-43.30887,-20.37689],[-43.30901,-20.37657],[-43.30894,-20.37584],[-43.30902,-20.37552],[-43.309,-20.37516],[-43.3089,-20.37499],[-43.30839,-20.37446],[-43.30796,-20.37338],[-43.30785,-20.37322],[-43.30742,-20.37284],[-43.30692,-20.37258],[-43.30644,-20.37246],[-43.30629,-20.37237],[-43.30605,-20.3719],[-43.30604,-20.37165],[-43.30635,-20.37104],[-43.30642,-20.37069],[-43.30619,-20.36899],[-43.30642,-20.36875],[-43.3065,-20.36848],[-43.30639,-20.36788],[-43.30638,-20.36756],[-43.30689,-20.36663],[-43.30782,-20.36569],[-43.30862,-20.36534],[-43.30904,-20.36498],[-43.30954,-20.36466],[-43.30969,-20.36437],[-43.30967,-20.36401],[-43.30958,-20.36364],[-43.30944,-20.36332],[-43.30929,-20.36309],[-43.30874,-20.36257],[-43.30865,-20.36216],[-43.30864,-20.36173],[-43.30884,-20.36089],[-43.30906,-20.36036],[-43.30945,-20.35901],[-43.31002,-20.35743],[-43.31032,-20.35693],[-43.31038,-20.35674],[-43.31063,-20.35521],[-43.31068,-20.35445],[-43.31044,-20.35145],[-43.31049,-20.35123],[-43.31113,-20.34979],[-43.31117,-20.34945],[-43.3111,-20.34915],[-43.311,-20.34902],[-43.31086,-20.34896],[-43.31031,-20.34889],[-43.30942,-20.34862],[-43.30912,-20.3484],[-43.30852,-20.34783],[-43.30742,-20.34743],[-43.30674,-20.34746],[-43.30612,-20.3474],[-43.3053,-20.34718],[-43.30502,-20.34698],[-43.30454,-20.3465],[-43.30411,-20.34638],[-43.30357,-20.34632],[-43.30315,-20.34636],[-43.30254,-20.34692],[-43.30209,-20.3471],[-43.3017,-20.34714],[-43.30091,-20.34704],[-43.30007,-20.3473],[-43.29946,-20.34729],[-43.29928,-20.34722],[-43.29893,-20.34688],[-43.29833,-20.34642],[-43.29708,-20.34591],[-43.29659,-20.34549],[-43.29569,-20.3445],[-43.29459,-20.34438],[-43.29408,-20.3445],[-43.29389,-20.34448],[-43.2937,-20.34437],[-43.29325,-20.34465],[-43.29282,-20.34509],[-43.292,-20.34549],[-43.29157,-20.34558],[-43.29072,-20.3452],[-43.28987,-20.34468],[-43.28824,-20.34441],[-43.28708,-20.34396],[-43.287,-20.34386],[-43.28699,-20.34375],[-43.28732,-20.34289],[-43.28731,-20.34264],[-43.2872,-20.34233],[-43.28673,-20.34168],[-43.28653,-20.34158],[-43.28621,-20.34155],[-43.2859,-20.34156],[-43.28509,-20.34175],[-43.28489,-20.34172],[-43.2848,-20.34168],[-43.28395,-20.34087],[-43.28349,-20.34032],[-43.28332,-20.3402],[-43.2827,-20.34004],[-43.28151,-20.33994],[-43.28132,-20.33996],[-43.27964,-20.34059],[-43.27933,-20.34067],[-43.27869,-20.3407],[-43.2782,-20.34096],[-43.27789,-20.34107],[-43.27735,-20.34109],[-43.27656,-20.34127],[-43.27601,-20.34133],[-43.27551,-20.3413],[-43.27226,-20.34223],[-43.27142,-20.34213],[-43.2712,-20.34203],[-43.27083,-20.34164],[-43.27025,-20.34077],[-43.26974,-20.34022],[-43.26951,-20.33959],[-43.26906,-20.33865],[-43.26822,-20.33738],[-43.26652,-20.33505],[-43.26627,-20.33486],[-43.26588,-20.33475],[-43.26536,-20.33449],[-43.26454,-20.3342],[-43.26424,-20.33423],[-43.26339,-20.33467],[-43.26274,-20.3348],[-43.26184,-20.33484],[-43.26135,-20.33499],[-43.26073,-20.33528],[-43.25991,-20.33605],[-43.25872,-20.33648],[-43.25839,-20.33675],[-43.25788,-20.33732],[-43.25764,-20.33745],[-43.25746,-20.33742],[-43.25732,-20.3373],[-43.25722,-20.33689],[-43.25723,-20.3367],[-43.2576,-20.33501],[-43.25757,-20.33442],[-43.25727,-20.33315],[-43.25656,-20.3314],[-43.2561,-20.33005],[-43.25558,-20.32905],[-43.25558,-20.32879],[-43.25563,-20.32863],[-43.25594,-20.32801],[-43.25632,-20.32702],[-43.25634,-20.32681],[-43.25622,-20.32592],[-43.25605,-20.32511],[-43.25594,-20.32494],[-43.25579,-20.32485],[-43.25494,-20.32482],[-43.25454,-20.32469],[-43.25387,-20.32385],[-43.25346,-20.32359],[-43.25253,-20.32316],[-43.25202,-20.32192],[-43.25107,-20.32114],[-43.25095,-20.32098],[-43.25088,-20.32074],[-43.25081,-20.31965],[-43.25088,-20.31886],[-43.25117,-20.31754],[-43.25122,-20.31686],[-43.25158,-20.31543],[-43.2519,-20.31442],[-43.25208,-20.31417],[-43.25218,-20.31411],[-43.25319,-20.31389],[-43.25346,-20.31328],[-43.25411,-20.3126],[-43.25421,-20.31229],[-43.25383,-20.31129],[-43.2532,-20.31044],[-43.25324,-20.31014],[-43.2532,-20.30991],[-43.253,-20.30978],[-43.25254,-20.30966],[-43.25227,-20.30943],[-43.252,-20.30812],[-43.25181,-20.30771],[-43.2516,-20.30749],[-43.25074,-20.30704],[-43.25054,-20.30689],[-43.25037,-20.30651],[-43.25018,-20.30564],[-43.24978,-20.30483],[-43.24952,-20.30413],[-43.2495,-20.30371],[-43.24938,-20.30348],[-43.24944,-20.30299],[-43.24936,-20.30252],[-43.24953,-20.30198],[-43.24948,-20.30164],[-43.24905,-20.30072],[-43.24854,-20.30018],[-43.24841,-20.29997],[-43.24835,-20.29973],[-43.24827,-20.29897],[-43.2484,-20.29844],[-43.24936,-20.29709],[-43.2494,-20.29669],[-43.24933,-20.29588],[-43.24926,-20.29565],[-43.24883,-20.29525],[-43.24859,-20.29478],[-43.24858,-20.29435],[-43.24838,-20.29389],[-43.24789,-20.29336],[-43.24768,-20.29294],[-43.24759,-20.29214],[-43.24735,-20.29143],[-43.24731,-20.29111],[-43.24743,-20.2906],[-43.24736,-20.29021],[-43.24665,-20.28926],[-43.24617,-20.28879],[-43.24582,-20.28702],[-43.24587,-20.28661],[-43.24608,-20.28578],[-43.24633,-20.28523],[-43.24659,-20.2849],[-43.24667,-20.28472],[-43.24673,-20.28434],[-43.24681,-20.28296],[-43.24678,-20.28274],[-43.24661,-20.28238],[-43.24663,-20.28179],[-43.24704,-20.27973],[-43.24708,-20.27903],[-43.24692,-20.27795],[-43.24665,-20.27732],[-43.24601,-20.27648],[-43.24587,-20.27622],[-43.24564,-20.27549],[-43.24536,-20.27485],[-43.24516,-20.27467],[-43.24493,-20.27455],[-43.24426,-20.27443],[-43.24391,-20.27417],[-43.24368,-20.27395],[-43.24348,-20.27356],[-43.24323,-20.27325],[-43.24265,-20.27274],[-43.24076,-20.27188],[-43.24051,-20.27167],[-43.24017,-20.27117],[-43.23979,-20.2704],[-43.23937,-20.26881],[-43.23899,-20.26833],[-43.23854,-20.26783],[-43.23779,-20.26724],[-43.23642,-20.26642],[-43.23597,-20.26595],[-43.23476,-20.26485],[-43.23414,-20.26436],[-43.23394,-20.26405],[-43.23389,-20.2638],[-43.23392,-20.26352],[-43.23408,-20.26314],[-43.23427,-20.26287],[-43.23434,-20.26241],[-43.23426,-20.26202],[-43.23366,-20.26121],[-43.23347,-20.26074],[-43.23362,-20.25927],[-43.23363,-20.25896],[-43.23358,-20.25877],[-43.23104,-20.2559],[-43.23065,-20.25562],[-43.23043,-20.25531],[-43.23016,-20.25507],[-43.22988,-20.255],[-43.22835,-20.25482],[-43.22736,-20.25491],[-43.22678,-20.2546],[-43.2258,-20.25429],[-43.22518,-20.25397],[-43.22505,-20.25365],[-43.22485,-20.25337],[-43.22459,-20.25322],[-43.22455,-20.25297],[-43.2258,-20.25248],[-43.22612,-20.25229],[-43.22622,-20.25215],[-43.22625,-20.25178],[-43.22565,-20.25116],[-43.22558,-20.25106],[-43.22559,-20.25089],[-43.22615,-20.25026],[-43.22634,-20.2499],[-43.2269,-20.24912],[-43.22702,-20.24757],[-43.22688,-20.24669],[-43.22675,-20.24519],[-43.22675,-20.24423],[-43.22663,-20.24385],[-43.22533,-20.24181],[-43.22474,-20.24009],[-43.22451,-20.23969],[-43.22377,-20.23877],[-43.22369,-20.23856],[-43.22357,-20.23677],[-43.22346,-20.23649],[-43.22331,-20.23631],[-43.22312,-20.2362],[-43.22296,-20.23618],[-43.22281,-20.23618],[-43.22194,-20.23651],[-43.22153,-20.23646],[-43.22135,-20.23631],[-43.22125,-20.23615],[-43.22047,-20.2344],[-43.22006,-20.2339],[-43.21983,-20.23372],[-43.21966,-20.23369],[-43.21927,-20.23395],[-43.21897,-20.23405],[-43.21881,-20.23405],[-43.21842,-20.23383],[-43.21709,-20.23336],[-43.21692,-20.2332],[-43.21661,-20.23274],[-43.21648,-20.23265],[-43.21521,-20.23208],[-43.21506,-20.23186],[-43.21497,-20.23156],[-43.215,-20.23108],[-43.21519,-20.23023],[-43.21518,-20.23002],[-43.21507,-20.22987],[-43.21469,-20.22954],[-43.21465,-20.22944],[-43.21464,-20.22905],[-43.21469,-20.22882],[-43.21466,-20.22861],[-43.21453,-20.22849],[-43.21426,-20.22837],[-43.21414,-20.22823],[-43.21408,-20.22754],[-43.21369,-20.22687],[-43.21353,-20.2267],[-43.21336,-20.22662],[-43.21254,-20.22653],[-43.21137,-20.22617],[-43.21087,-20.22574],[-43.21079,-20.22547],[-43.21068,-20.22535],[-43.21007,-20.22487],[-43.20989,-20.22478],[-43.20882,-20.22463],[-43.20747,-20.22371],[-43.20728,-20.22365],[-43.20692,-20.22368],[-43.20647,-20.22385],[-43.20592,-20.22422],[-43.20579,-20.22423],[-43.20568,-20.22416],[-43.20561,-20.22404],[-43.20552,-20.22353],[-43.20538,-20.22328],[-43.20445,-20.22261],[-43.20375,-20.22184],[-43.20246,-20.22061],[-43.2023,-20.22039],[-43.20212,-20.21995],[-43.20225,-20.21902],[-43.20199,-20.21824],[-43.20152,-20.21752],[-43.20111,-20.21708],[-43.19949,-20.21613],[-43.19936,-20.21597],[-43.19927,-20.2158],[-43.19924,-20.21466],[-43.19913,-20.21428],[-43.19903,-20.21414],[-43.19884,-20.214],[-43.19868,-20.2139],[-43.19853,-20.21389]]},"properties":{"tipo":"rota","id":"MRN-R10","rota":"ROTA 10","municipio":"Mariana","id_saida":"MRN-S1","origem":"PONTO DE PARTIDA MARIANA","ueop":"52º BPM","cia":"239ª Cia PM","unidade":"239cia","bpm":"52bpm","modalidade":"NAO_INFORMADA","paradas":["MRN-1236"],"destinos":["ESCOLA MUNICIPAL ANTONIO GABRIEL DE CARVALHO CLÁUDIO MANOEL"],"qtd_paradas":1,"urnas":3,"distancia_km":45.04,"tempo_min":49.2,"trechos":[{"km":45.04,"min":49.2}],"calculada":true,"distancia_via_m":10}},{"type":"Feature","geometry":{"type":"LineString","coordinates":[[-43.41735,-20.36882],[-43.41666,-20.373],[-43.41646,-20.37392],[-43.41644,-20.37442],[-43.41652,-20.37481],[-43.41672,-20.37516],[-43.41737,-20.37559],[-43.41755,-20.3758],[-43.4177,-20.37609],[-43.41786,-20.37621],[-43.41787,-20.37634],[-43.41678,-20.37672],[-43.41535,-20.37713],[-43.41512,-20.37641],[-43.41457,-20.37607],[-43.41444,-20.3765],[-43.41351,-20.37627],[-43.41344,-20.37647],[-43.41344,-20.37672],[-43.41275,-20.37696],[-43.41202,-20.37737],[-43.4113,-20.37751],[-43.41103,-20.37773],[-43.4099,-20.37835],[-43.40918,-20.37943],[-43.40908,-20.3797],[-43.4091,-20.38008],[-43.40926,-20.38041],[-43.41016,-20.3811],[-43.41047,-20.3814],[-43.41067,-20.38172],[-43.41078,-20.3821],[-43.4108,-20.38247],[-43.41075,-20.38276],[-43.41045,-20.38332],[-43.40908,-20.38452],[-43.40872,-20.38472],[-43.40852,-20.38475],[-43.40808,-20.38467],[-43.4075,-20.38426],[-43.40711,-20.38441],[-43.40671,-20.38417],[-43.40611,-20.38404],[-43.40518,-20.38408],[-43.4038,-20.38383],[-43.40329,-20.38386],[-43.4028,-20.38396],[-43.40228,-20.3842],[-43.4014,-20.38479],[-43.40107,-20.38491],[-43.39886,-20.38507],[-43.39832,-20.38533],[-43.39793,-20.38569],[-43.39769,-20.38613],[-43.39762,-20.3865],[-43.3976,-20.38714],[-43.39766,-20.38819],[-43.39755,-20.38863],[-43.39735,-20.38886],[-43.39702,-20.38902],[-43.39657,-20.38904],[-43.39624,-20.38892],[-43.39602,-20.38868],[-43.39583,-20.38832],[-43.39565,-20.38791],[-43.39563,-20.38749],[-43.3957,-20.38673],[-43.39554,-20.38592],[-43.39534,-20.38562],[-43.39503,-20.38545],[-43.39422,-20.38534],[-43.39265,-20.38554],[-43.39225,-20.3855],[-43.39204,-20.38543],[-43.39182,-20.38529],[-43.39159,-20.385],[-43.39099,-20.38389],[-43.39073,-20.38353],[-43.3905,-20.38334],[-43.39025,-20.38326],[-43.38987,-20.38327],[-43.38937,-20.38342],[-43.3889,-20.38366],[-43.38854,-20.38377],[-43.38833,-20.38377],[-43.38813,-20.3837],[-43.38782,-20.38347],[-43.38632,-20.38179],[-43.38601,-20.38155],[-43.38561,-20.38143],[-43.38531,-20.38142],[-43.38499,-20.3815],[-43.38251,-20.38288],[-43.38208,-20.383],[-43.38149,-20.38305],[-43.3813,-20.38303],[-43.38052,-20.38273],[-43.38015,-20.38269],[-43.37994,-20.38274],[-43.37843,-20.3835],[-43.37798,-20.38384],[-43.37785,-20.38413],[-43.37802,-20.38525],[-43.37801,-20.38543],[-43.37794,-20.38566],[-43.37761,-20.38606],[-43.37726,-20.38618],[-43.37523,-20.38619],[-43.37486,-20.38623],[-43.37445,-20.38639],[-43.37218,-20.38761],[-43.37131,-20.38799],[-43.37069,-20.38816],[-43.36974,-20.38831],[-43.36688,-20.38814],[-43.36643,-20.3882],[-43.36605,-20.38836],[-43.36471,-20.38917],[-43.36425,-20.38931],[-43.36379,-20.38928],[-43.36342,-20.3891],[-43.36245,-20.38818],[-43.36177,-20.38762],[-43.36012,-20.38671],[-43.35892,-20.38626],[-43.35828,-20.38616],[-43.35735,-20.38616],[-43.35673,-20.38627],[-43.35493,-20.38702],[-43.35433,-20.38719],[-43.35376,-20.38717],[-43.35308,-20.38708],[-43.35254,-20.38691],[-43.35095,-20.38589],[-43.35069,-20.38566],[-43.35051,-20.38529],[-43.35044,-20.38421],[-43.35037,-20.38385],[-43.3502,-20.38353],[-43.34997,-20.38327],[-43.34901,-20.38252],[-43.34869,-20.38239],[-43.34826,-20.38241],[-43.34715,-20.38272],[-43.34666,-20.38272],[-43.34642,-20.38262],[-43.34584,-20.38217],[-43.34555,-20.38201],[-43.34528,-20.38196],[-43.34492,-20.38199],[-43.34323,-20.38275],[-43.34283,-20.38304],[-43.34235,-20.38348],[-43.34211,-20.38365],[-43.34185,-20.38375],[-43.34016,-20.3839],[-43.3386,-20.38433],[-43.33803,-20.38429],[-43.33638,-20.38413],[-43.33586,-20.38402],[-43.33547,-20.38389],[-43.33509,-20.38364],[-43.33464,-20.38313],[-43.33374,-20.38117],[-43.33342,-20.3809],[-43.3331,-20.38079],[-43.3315,-20.38073],[-43.33125,-20.38078],[-43.3309,-20.38097],[-43.33072,-20.38119],[-43.33063,-20.38141],[-43.33024,-20.38304],[-43.32996,-20.38359],[-43.32975,-20.38389],[-43.32925,-20.3844],[-43.3272,-20.38621],[-43.32691,-20.38643],[-43.32647,-20.38656],[-43.326,-20.38655],[-43.32556,-20.38645],[-43.32438,-20.38582],[-43.3236,-20.38554],[-43.31998,-20.38465],[-43.31945,-20.38471],[-43.31782,-20.38533],[-43.31714,-20.38536],[-43.31619,-20.38526],[-43.31548,-20.38497],[-43.31284,-20.38349],[-43.31264,-20.38335],[-43.31236,-20.38301],[-43.31229,-20.38278],[-43.3123,-20.38253],[-43.31242,-20.38161],[-43.31237,-20.38137],[-43.31226,-20.38116],[-43.31206,-20.38098],[-43.31181,-20.38083],[-43.3115,-20.38076],[-43.30966,-20.38046],[-43.30851,-20.38037],[-43.30815,-20.38027],[-43.30531,-20.37884],[-43.3055,-20.37863],[-43.30636,-20.37836],[-43.30702,-20.3779],[-43.30757,-20.37761],[-43.30801,-20.37728],[-43.30874,-20.377],[-43.30887,-20.37689],[-43.30901,-20.37657],[-43.30894,-20.37584],[-43.30902,-20.37552],[-43.309,-20.37516],[-43.3089,-20.37499],[-43.30839,-20.37446],[-43.30796,-20.37338],[-43.30785,-20.37322],[-43.30742,-20.37284],[-43.30692,-20.37258],[-43.30644,-20.37246],[-43.30629,-20.37237],[-43.30605,-20.3719],[-43.30604,-20.37165],[-43.30635,-20.37104],[-43.30642,-20.37069],[-43.30619,-20.36899],[-43.30642,-20.36875],[-43.3065,-20.36848],[-43.30639,-20.36788],[-43.30638,-20.36756],[-43.30689,-20.36663],[-43.30782,-20.36569],[-43.30862,-20.36534],[-43.30904,-20.36498],[-43.30954,-20.36466],[-43.30969,-20.36437],[-43.30967,-20.36401],[-43.30958,-20.36364],[-43.30944,-20.36332],[-43.30929,-20.36309],[-43.30874,-20.36257],[-43.30865,-20.36216],[-43.30864,-20.36173],[-43.30884,-20.36089],[-43.30906,-20.36036],[-43.30945,-20.35901],[-43.31002,-20.35743],[-43.31032,-20.35693],[-43.31038,-20.35674],[-43.31063,-20.35521],[-43.31068,-20.35445],[-43.31044,-20.35145],[-43.31049,-20.35123],[-43.31113,-20.34979],[-43.31116,-20.34931],[-43.311,-20.34902],[-43.31086,-20.34896],[-43.31031,-20.34889],[-43.30942,-20.34862],[-43.30912,-20.3484],[-43.30852,-20.34783],[-43.30742,-20.34743],[-43.30674,-20.34746],[-43.30612,-20.3474],[-43.3053,-20.34718],[-43.30502,-20.34698],[-43.30454,-20.3465],[-43.30411,-20.34638],[-43.30357,-20.34632],[-43.30315,-20.34636],[-43.30254,-20.34692],[-43.30209,-20.3471],[-43.3017,-20.34714],[-43.30091,-20.34704],[-43.30007,-20.3473],[-43.29946,-20.34729],[-43.29928,-20.34722],[-43.29893,-20.34688],[-43.29833,-20.34642],[-43.29708,-20.34591],[-43.29659,-20.34549],[-43.29569,-20.3445],[-43.29459,-20.34438],[-43.29408,-20.3445],[-43.29389,-20.34448],[-43.2937,-20.34437],[-43.29325,-20.34465],[-43.29282,-20.34509],[-43.292,-20.34549],[-43.29157,-20.34558],[-43.29072,-20.3452],[-43.28987,-20.34468],[-43.28824,-20.34441],[-43.28708,-20.34396],[-43.287,-20.34386],[-43.28699,-20.34375],[-43.28732,-20.34289],[-43.28731,-20.34264],[-43.2872,-20.34233],[-43.28673,-20.34168],[-43.28653,-20.34158],[-43.28621,-20.34155],[-43.2859,-20.34156],[-43.28509,-20.34175],[-43.28489,-20.34172],[-43.2848,-20.34168],[-43.28395,-20.34087],[-43.28349,-20.34032],[-43.28332,-20.3402],[-43.2827,-20.34004],[-43.28151,-20.33994],[-43.28132,-20.33996],[-43.27964,-20.34059],[-43.27933,-20.34067],[-43.27869,-20.3407],[-43.2782,-20.34096],[-43.27789,-20.34107],[-43.27735,-20.34109],[-43.27656,-20.34127],[-43.27601,-20.34133],[-43.27551,-20.3413],[-43.27226,-20.34223],[-43.27142,-20.34213],[-43.2712,-20.34203],[-43.27083,-20.34164],[-43.27025,-20.34077],[-43.26974,-20.34022],[-43.26951,-20.33959],[-43.26906,-20.33865],[-43.26822,-20.33738],[-43.26652,-20.33505],[-43.26627,-20.33486],[-43.26588,-20.33475],[-43.26536,-20.33449],[-43.26454,-20.3342],[-43.26424,-20.33423],[-43.26339,-20.33467],[-43.26274,-20.3348],[-43.26184,-20.33484],[-43.26135,-20.33499],[-43.26073,-20.33528],[-43.25991,-20.33605],[-43.25872,-20.33648],[-43.25839,-20.33675],[-43.25788,-20.33732],[-43.25764,-20.33745],[-43.25746,-20.33742],[-43.25732,-20.3373],[-43.25722,-20.33689],[-43.25723,-20.3367],[-43.2576,-20.33501],[-43.25757,-20.33442],[-43.25727,-20.33315],[-43.25656,-20.3314],[-43.2561,-20.33005],[-43.25558,-20.32905],[-43.25558,-20.32879],[-43.25563,-20.32863],[-43.25594,-20.32801],[-43.25632,-20.32702],[-43.25634,-20.32681],[-43.25622,-20.32592],[-43.25605,-20.32511],[-43.25594,-20.32494],[-43.25579,-20.32485],[-43.25494,-20.32482],[-43.25454,-20.32469],[-43.25387,-20.32385],[-43.25346,-20.32359],[-43.25253,-20.32316],[-43.25202,-20.32192],[-43.25107,-20.32114],[-43.25095,-20.32098],[-43.25088,-20.32074],[-43.25081,-20.31965],[-43.25088,-20.31886],[-43.25117,-20.31754],[-43.25122,-20.31686],[-43.25158,-20.31543],[-43.2519,-20.31442],[-43.25208,-20.31417],[-43.25218,-20.31411],[-43.25319,-20.31389],[-43.25346,-20.31328],[-43.25411,-20.3126],[-43.25421,-20.31229],[-43.25383,-20.31129],[-43.2532,-20.31044],[-43.25324,-20.31014],[-43.2532,-20.30991],[-43.253,-20.30978],[-43.25254,-20.30966],[-43.25227,-20.30943],[-43.252,-20.30812],[-43.25181,-20.30771],[-43.2516,-20.30749],[-43.25074,-20.30704],[-43.25054,-20.30689],[-43.25037,-20.30651],[-43.25018,-20.30564],[-43.24978,-20.30483],[-43.24952,-20.30413],[-43.2495,-20.30371],[-43.24938,-20.30348],[-43.24944,-20.30299],[-43.24936,-20.30252],[-43.24953,-20.30198],[-43.24948,-20.30164],[-43.24905,-20.30072],[-43.24854,-20.30018],[-43.24841,-20.29997],[-43.24835,-20.29973],[-43.24827,-20.29897],[-43.2484,-20.29844],[-43.24936,-20.29709],[-43.2494,-20.29669],[-43.24933,-20.29588],[-43.24926,-20.29565],[-43.24883,-20.29525],[-43.24859,-20.29478],[-43.24858,-20.29435],[-43.24838,-20.29389],[-43.24789,-20.29336],[-43.24768,-20.29294],[-43.24759,-20.29214],[-43.24735,-20.29143],[-43.24731,-20.29111],[-43.24743,-20.2906],[-43.24736,-20.29021],[-43.24665,-20.28926],[-43.24617,-20.28879],[-43.24582,-20.28702],[-43.24587,-20.28661],[-43.24608,-20.28578],[-43.24633,-20.28523],[-43.24659,-20.2849],[-43.24667,-20.28472],[-43.24673,-20.28434],[-43.24681,-20.28296],[-43.24678,-20.28274],[-43.24661,-20.28238],[-43.24663,-20.28179],[-43.24704,-20.27973],[-43.24708,-20.27903],[-43.24692,-20.27795],[-43.24665,-20.27732],[-43.24601,-20.27648],[-43.24587,-20.27622],[-43.24564,-20.27549],[-43.24536,-20.27485],[-43.24516,-20.27467],[-43.24493,-20.27455],[-43.24426,-20.27443],[-43.24391,-20.27417],[-43.24368,-20.27395],[-43.24348,-20.27356],[-43.24323,-20.27325],[-43.24265,-20.27274],[-43.24076,-20.27188],[-43.24051,-20.27167],[-43.24017,-20.27117],[-43.23979,-20.2704],[-43.23937,-20.26881],[-43.23899,-20.26833],[-43.23854,-20.26783],[-43.23779,-20.26724],[-43.23642,-20.26642],[-43.23597,-20.26595],[-43.23476,-20.26485],[-43.23414,-20.26436],[-43.23394,-20.26405],[-43.23389,-20.2638],[-43.23392,-20.26352],[-43.23408,-20.26314],[-43.23427,-20.26287],[-43.23434,-20.26241],[-43.23426,-20.26202],[-43.23366,-20.26121],[-43.23347,-20.26074],[-43.23362,-20.25927],[-43.23363,-20.25896],[-43.23358,-20.25877],[-43.23104,-20.2559],[-43.23065,-20.25562],[-43.23043,-20.25531],[-43.23016,-20.25507],[-43.22988,-20.255],[-43.22835,-20.25482],[-43.22736,-20.25491],[-43.22678,-20.2546],[-43.2258,-20.25429],[-43.22518,-20.25397],[-43.22505,-20.25365],[-43.22485,-20.25337],[-43.22436,-20.25314],[-43.22361,-20.25314],[-43.22333,-20.25332],[-43.22337,-20.25384],[-43.22297,-20.25403],[-43.22285,-20.25404],[-43.22232,-20.25336],[-43.22215,-20.25322],[-43.22154,-20.25314]]},"properties":{"tipo":"rota","id":"MRN-R11","rota":"ROTA 11","municipio":"Mariana","id_saida":"MRN-S1","origem":"PONTO DE PARTIDA MARIANA","ueop":"52º BPM","cia":"239ª Cia PM","unidade":"239cia","bpm":"52bpm","modalidade":"NAO_INFORMADA","paradas":["MRN-1244"],"destinos":["E. M.  PROFESSORA CELINA CÉLIA GOMES"],"qtd_paradas":1,"urnas":2,"distancia_km":39.13,"tempo_min":43.0,"trechos":[{"km":39.13,"min":43.0}],"calculada":true,"distancia_via_m":36}},{"type":"Feature","geometry":{"type":"LineString","coordinates":[[-43.41735,-20.36882],[-43.41666,-20.373],[-43.41646,-20.37392],[-43.41644,-20.37442],[-43.41652,-20.37481],[-43.41672,-20.37516],[-43.41737,-20.37559],[-43.41755,-20.3758],[-43.4177,-20.37609],[-43.41786,-20.37621],[-43.41787,-20.37634],[-43.41678,-20.37672],[-43.41535,-20.37713],[-43.41512,-20.37641],[-43.41457,-20.37607],[-43.41444,-20.3765],[-43.41351,-20.37627],[-43.41344,-20.37647],[-43.41344,-20.37672],[-43.41275,-20.37696],[-43.41202,-20.37737],[-43.4113,-20.37751],[-43.41103,-20.37773],[-43.4099,-20.37835],[-43.40918,-20.37943],[-43.40908,-20.3797],[-43.4091,-20.38008],[-43.40926,-20.38041],[-43.41016,-20.3811],[-43.41047,-20.3814],[-43.41067,-20.38172],[-43.41078,-20.3821],[-43.4108,-20.38247],[-43.41075,-20.38276],[-43.41045,-20.38332],[-43.40908,-20.38452],[-43.40872,-20.38472],[-43.40852,-20.38475],[-43.40808,-20.38467],[-43.4075,-20.38426],[-43.40711,-20.38441],[-43.40671,-20.38417],[-43.40611,-20.38404],[-43.40518,-20.38408],[-43.4038,-20.38383],[-43.40329,-20.38386],[-43.4028,-20.38396],[-43.40228,-20.3842],[-43.4014,-20.38479],[-43.40107,-20.38491],[-43.39886,-20.38507],[-43.39832,-20.38533],[-43.39793,-20.38569],[-43.39769,-20.38613],[-43.39762,-20.3865],[-43.3976,-20.38714],[-43.39766,-20.38819],[-43.39755,-20.38863],[-43.39735,-20.38886],[-43.39702,-20.38902],[-43.39657,-20.38904],[-43.39624,-20.38892],[-43.39602,-20.38868],[-43.39583,-20.38832],[-43.39565,-20.38791],[-43.39563,-20.38749],[-43.3957,-20.38673],[-43.39554,-20.38592],[-43.39534,-20.38562],[-43.39503,-20.38545],[-43.39422,-20.38534],[-43.39265,-20.38554],[-43.39225,-20.3855],[-43.39204,-20.38543],[-43.39182,-20.38529],[-43.39159,-20.385],[-43.39099,-20.38389],[-43.39073,-20.38353],[-43.3905,-20.38334],[-43.39025,-20.38326],[-43.38987,-20.38327],[-43.38937,-20.38342],[-43.3889,-20.38366],[-43.38854,-20.38377],[-43.38833,-20.38377],[-43.38813,-20.3837],[-43.38782,-20.38347],[-43.38632,-20.38179],[-43.38601,-20.38155],[-43.38561,-20.38143],[-43.38531,-20.38142],[-43.38499,-20.3815],[-43.38251,-20.38288],[-43.38208,-20.383],[-43.38149,-20.38305],[-43.3813,-20.38303],[-43.38052,-20.38273],[-43.38015,-20.38269],[-43.37994,-20.38274],[-43.37843,-20.3835],[-43.37798,-20.38384],[-43.37785,-20.38413],[-43.37802,-20.38525],[-43.37801,-20.38543],[-43.37794,-20.38566],[-43.37761,-20.38606],[-43.37726,-20.38618],[-43.37523,-20.38619],[-43.37486,-20.38623],[-43.37445,-20.38639],[-43.37218,-20.38761],[-43.37131,-20.38799],[-43.37069,-20.38816],[-43.36974,-20.38831],[-43.36688,-20.38814],[-43.36643,-20.3882],[-43.36605,-20.38836],[-43.36471,-20.38917],[-43.36425,-20.38931],[-43.36379,-20.38928],[-43.36342,-20.3891],[-43.36245,-20.38818],[-43.36177,-20.38762],[-43.36012,-20.38671],[-43.35892,-20.38626],[-43.35828,-20.38616],[-43.35735,-20.38616],[-43.35673,-20.38627],[-43.35493,-20.38702],[-43.35433,-20.38719],[-43.35376,-20.38717],[-43.35308,-20.38708],[-43.35254,-20.38691],[-43.35095,-20.38589],[-43.35069,-20.38566],[-43.35051,-20.38529],[-43.35044,-20.38421],[-43.35037,-20.38385],[-43.3502,-20.38353],[-43.34997,-20.38327],[-43.34901,-20.38252],[-43.34869,-20.38239],[-43.34826,-20.38241],[-43.34715,-20.38272],[-43.34666,-20.38272],[-43.34642,-20.38262],[-43.34584,-20.38217],[-43.34555,-20.38201],[-43.3451,-20.38196],[-43.34492,-20.38199],[-43.34385,-20.38244],[-43.34323,-20.38275],[-43.34283,-20.38304],[-43.34235,-20.38348],[-43.34211,-20.38365],[-43.34185,-20.38375],[-43.34016,-20.3839],[-43.3386,-20.38433],[-43.33638,-20.38413],[-43.33547,-20.38389],[-43.33509,-20.38364],[-43.33487,-20.38343],[-43.33464,-20.38313],[-43.33374,-20.38117],[-43.33342,-20.3809],[-43.3331,-20.38079],[-43.3315,-20.38073],[-43.33125,-20.38078],[-43.3309,-20.38097],[-43.33072,-20.38119],[-43.33063,-20.38141],[-43.33024,-20.38304],[-43.32996,-20.38359],[-43.32975,-20.38389],[-43.32925,-20.3844],[-43.3272,-20.38621],[-43.32691,-20.38643],[-43.32672,-20.38651],[-43.32647,-20.38656],[-43.32575,-20.38651],[-43.32556,-20.38645],[-43.32438,-20.38582],[-43.3236,-20.38554],[-43.31998,-20.38465],[-43.31945,-20.38471],[-43.31782,-20.38533],[-43.31679,-20.38534],[-43.31601,-20.38521],[-43.31548,-20.38497],[-43.31284,-20.38349],[-43.31247,-20.38318],[-43.31236,-20.38301],[-43.31229,-20.38278],[-43.31241,-20.38187],[-43.31242,-20.38161],[-43.31237,-20.38137],[-43.31226,-20.38116],[-43.31181,-20.38083],[-43.30966,-20.38046],[-43.30851,-20.38037],[-43.30815,-20.38027],[-43.30531,-20.37884],[-43.3055,-20.37863],[-43.30636,-20.37836],[-43.30702,-20.3779],[-43.30757,-20.37761],[-43.30801,-20.37728],[-43.30874,-20.377],[-43.30887,-20.37689],[-43.30901,-20.37657],[-43.30894,-20.37584],[-43.30902,-20.37552],[-43.309,-20.37516],[-43.3089,-20.37499],[-43.30839,-20.37446],[-43.30796,-20.37338],[-43.30785,-20.37322],[-43.30742,-20.37284],[-43.30692,-20.37258],[-43.30644,-20.37246],[-43.30629,-20.37237],[-43.30605,-20.3719],[-43.30604,-20.37165],[-43.30635,-20.37104],[-43.30642,-20.37069],[-43.30619,-20.36899],[-43.30642,-20.36875],[-43.3065,-20.36848],[-43.30639,-20.36788],[-43.30638,-20.36756],[-43.30689,-20.36663],[-43.30782,-20.36569],[-43.30862,-20.36534],[-43.30904,-20.36498],[-43.30954,-20.36466],[-43.30969,-20.36437],[-43.30967,-20.36401],[-43.30958,-20.36364],[-43.30944,-20.36332],[-43.30929,-20.36309],[-43.30874,-20.36257],[-43.30865,-20.36216],[-43.30864,-20.36173],[-43.30884,-20.36089],[-43.30906,-20.36036],[-43.30945,-20.35901],[-43.31002,-20.35743],[-43.31032,-20.35693],[-43.31038,-20.35674],[-43.31063,-20.35521],[-43.31068,-20.35445],[-43.31044,-20.35145],[-43.31049,-20.35123],[-43.31113,-20.34979],[-43.31116,-20.34931],[-43.311,-20.34902],[-43.31086,-20.34896],[-43.31031,-20.34889],[-43.30942,-20.34862],[-43.30912,-20.3484],[-43.30852,-20.34783],[-43.30742,-20.34743],[-43.30674,-20.34746],[-43.30612,-20.3474],[-43.3053,-20.34718],[-43.30502,-20.34698],[-43.30454,-20.3465],[-43.30411,-20.34638],[-43.30357,-20.34632],[-43.30315,-20.34636],[-43.30254,-20.34692],[-43.30209,-20.3471],[-43.3017,-20.34714],[-43.30091,-20.34704],[-43.30007,-20.3473],[-43.29946,-20.34729],[-43.29928,-20.34722],[-43.29893,-20.34688],[-43.29833,-20.34642],[-43.29708,-20.34591],[-43.29659,-20.34549],[-43.29569,-20.3445],[-43.29459,-20.34438],[-43.29408,-20.3445],[-43.29389,-20.34448],[-43.2937,-20.34437],[-43.29325,-20.34465],[-43.29282,-20.34509],[-43.292,-20.34549],[-43.29157,-20.34558],[-43.29072,-20.3452],[-43.28987,-20.34468],[-43.28824,-20.34441],[-43.28708,-20.34396],[-43.287,-20.34386],[-43.28699,-20.34375],[-43.28732,-20.34289],[-43.28731,-20.34264],[-43.2872,-20.34233],[-43.28673,-20.34168],[-43.28653,-20.34158],[-43.28621,-20.34155],[-43.2859,-20.34156],[-43.28509,-20.34175],[-43.28489,-20.34172],[-43.2848,-20.34168],[-43.28395,-20.34087],[-43.28349,-20.34032],[-43.28332,-20.3402],[-43.2827,-20.34004],[-43.28151,-20.33994],[-43.28132,-20.33996],[-43.27964,-20.34059],[-43.27933,-20.34067],[-43.27869,-20.3407],[-43.2782,-20.34096],[-43.27789,-20.34107],[-43.27735,-20.34109],[-43.27656,-20.34127],[-43.27601,-20.34133],[-43.27551,-20.3413],[-43.27226,-20.34223],[-43.27142,-20.34213],[-43.2712,-20.34203],[-43.27083,-20.34164],[-43.27025,-20.34077],[-43.26974,-20.34022],[-43.26951,-20.33959],[-43.26906,-20.33865],[-43.26822,-20.33738],[-43.26652,-20.33505],[-43.26627,-20.33486],[-43.26588,-20.33475],[-43.26536,-20.33449],[-43.26454,-20.3342],[-43.26424,-20.33423],[-43.26339,-20.33467],[-43.26274,-20.3348],[-43.26184,-20.33484],[-43.26135,-20.33499],[-43.26073,-20.33528],[-43.25991,-20.33605],[-43.25872,-20.33648],[-43.25839,-20.33675],[-43.25788,-20.33732],[-43.25764,-20.33745],[-43.25746,-20.33742],[-43.25732,-20.3373],[-43.25722,-20.33689],[-43.25723,-20.3367],[-43.2576,-20.33501],[-43.25757,-20.33442],[-43.25727,-20.33315],[-43.25656,-20.3314],[-43.2561,-20.33005],[-43.25558,-20.32905],[-43.25558,-20.32879],[-43.25563,-20.32863],[-43.25594,-20.32801],[-43.25632,-20.32702],[-43.25634,-20.32681],[-43.25622,-20.32592],[-43.25605,-20.32511],[-43.25594,-20.32494],[-43.25579,-20.32485],[-43.25494,-20.32482],[-43.25454,-20.32469],[-43.25387,-20.32385],[-43.25346,-20.32359],[-43.25253,-20.32316],[-43.25202,-20.32192],[-43.25107,-20.32114],[-43.25095,-20.32098],[-43.25088,-20.32074],[-43.25081,-20.31965],[-43.25088,-20.31886],[-43.25117,-20.31754],[-43.25122,-20.31686],[-43.25158,-20.31543],[-43.2519,-20.31442],[-43.25208,-20.31417],[-43.25218,-20.31411],[-43.25319,-20.31389],[-43.25346,-20.31328],[-43.25411,-20.3126],[-43.25421,-20.31229],[-43.25383,-20.31129],[-43.2532,-20.31044],[-43.25324,-20.31014],[-43.2532,-20.30991],[-43.253,-20.30978],[-43.25254,-20.30966],[-43.25227,-20.30943],[-43.252,-20.30812],[-43.25181,-20.30771],[-43.2516,-20.30749],[-43.25074,-20.30704],[-43.25054,-20.30689],[-43.25037,-20.30651],[-43.25018,-20.30564],[-43.24978,-20.30483],[-43.24952,-20.30413],[-43.2495,-20.30371],[-43.24938,-20.30348],[-43.24944,-20.30299],[-43.24936,-20.30252],[-43.24953,-20.30198],[-43.24948,-20.30164],[-43.24905,-20.30072],[-43.24854,-20.30018],[-43.24841,-20.29997],[-43.24835,-20.29973],[-43.24827,-20.29897],[-43.2484,-20.29844],[-43.24936,-20.29709],[-43.2494,-20.29669],[-43.24933,-20.29588],[-43.24926,-20.29565],[-43.24883,-20.29525],[-43.24859,-20.29478],[-43.24858,-20.29435],[-43.24838,-20.29389],[-43.24789,-20.29336],[-43.24768,-20.29294],[-43.24759,-20.29214],[-43.24735,-20.29143],[-43.24731,-20.29111],[-43.24743,-20.2906],[-43.24736,-20.29021],[-43.24665,-20.28926],[-43.24617,-20.28879],[-43.24582,-20.28702],[-43.24587,-20.28661],[-43.24608,-20.28578],[-43.24633,-20.28523],[-43.24659,-20.2849],[-43.24667,-20.28472],[-43.24673,-20.28434],[-43.24681,-20.28296],[-43.24678,-20.28274],[-43.24661,-20.28238],[-43.24663,-20.28179],[-43.24704,-20.27973],[-43.24708,-20.27903],[-43.24692,-20.27795],[-43.24665,-20.27732],[-43.24601,-20.27648],[-43.24587,-20.27622],[-43.24564,-20.27549],[-43.24536,-20.27485],[-43.24516,-20.27467],[-43.24493,-20.27455],[-43.24426,-20.27443],[-43.24391,-20.27417],[-43.24368,-20.27395],[-43.24348,-20.27356],[-43.24323,-20.27325],[-43.24265,-20.27274],[-43.24076,-20.27188],[-43.24051,-20.27167],[-43.24017,-20.27117],[-43.23979,-20.2704],[-43.23937,-20.26881],[-43.23899,-20.26833],[-43.23854,-20.26783],[-43.23779,-20.26724],[-43.23642,-20.26642],[-43.23597,-20.26595],[-43.23476,-20.26485],[-43.23414,-20.26436],[-43.23394,-20.26405],[-43.23389,-20.2638],[-43.23392,-20.26352],[-43.23408,-20.26314],[-43.23427,-20.26287],[-43.23434,-20.26241],[-43.23426,-20.26202],[-43.23366,-20.26121],[-43.23347,-20.26074],[-43.23362,-20.25927],[-43.23363,-20.25896],[-43.23358,-20.25877],[-43.23104,-20.2559],[-43.23065,-20.25562],[-43.23043,-20.25531],[-43.23016,-20.25507],[-43.22988,-20.255],[-43.22835,-20.25482],[-43.22736,-20.25491],[-43.22678,-20.2546],[-43.2258,-20.25429],[-43.22518,-20.25397],[-43.22505,-20.25365],[-43.22485,-20.25337],[-43.22459,-20.25322],[-43.22436,-20.25314],[-43.22361,-20.25314],[-43.22333,-20.25332],[-43.22337,-20.25384],[-43.22297,-20.25403],[-43.22285,-20.25404],[-43.22264,-20.25435],[-43.22274,-20.25483],[-43.2227,-20.25512],[-43.22227,-20.25558],[-43.22126,-20.25707],[-43.22154,-20.25847],[-43.22139,-20.25875],[-43.21969,-20.25939],[-43.21928,-20.2599],[-43.2191,-20.26],[-43.21892,-20.26001],[-43.21873,-20.25981],[-43.21838,-20.25926],[-43.21824,-20.25919],[-43.21808,-20.25918],[-43.21775,-20.25937],[-43.21737,-20.25943],[-43.21688,-20.25992],[-43.21643,-20.26013],[-43.21548,-20.26046],[-43.21462,-20.26091],[-43.21324,-20.26201],[-43.21311,-20.2622],[-43.21307,-20.26294],[-43.21259,-20.26485],[-43.21256,-20.26535],[-43.21227,-20.26534],[-43.21203,-20.26528],[-43.2119,-20.26427],[-43.21206,-20.2638],[-43.21172,-20.2626],[-43.21118,-20.26198],[-43.21009,-20.26182],[-43.20907,-20.26175],[-43.2081,-20.26106],[-43.20797,-20.26059],[-43.2075,-20.26024],[-43.20727,-20.25957],[-43.20719,-20.25895],[-43.20688,-20.25892],[-43.20637,-20.25916],[-43.20555,-20.25927],[-43.20503,-20.25912],[-43.20444,-20.25912],[-43.20399,-20.25899],[-43.20355,-20.25872],[-43.20334,-20.25875],[-43.20276,-20.25936],[-43.2026,-20.25938],[-43.20245,-20.25921],[-43.20208,-20.25831],[-43.20162,-20.258],[-43.19857,-20.25707],[-43.19747,-20.25652],[-43.19741,-20.25581],[-43.19713,-20.25482],[-43.19633,-20.25472],[-43.19591,-20.25481],[-43.19541,-20.25473],[-43.19524,-20.25456],[-43.19516,-20.25419],[-43.19493,-20.25388],[-43.19485,-20.2535],[-43.19473,-20.25347],[-43.19419,-20.25363],[-43.19401,-20.25363],[-43.1935,-20.25349],[-43.19264,-20.25377],[-43.19218,-20.25403],[-43.19205,-20.25397],[-43.19193,-20.2537],[-43.19171,-20.25355],[-43.19137,-20.25356],[-43.19111,-20.2537],[-43.19054,-20.25436],[-43.18998,-20.25425],[-43.18971,-20.25438],[-43.18942,-20.2543],[-43.18919,-20.25411],[-43.18888,-20.25358],[-43.18922,-20.25214],[-43.18911,-20.25192],[-43.18846,-20.25192],[-43.18768,-20.25178],[-43.1864,-20.25128],[-43.1855,-20.25102],[-43.1851,-20.25051],[-43.18492,-20.2499],[-43.18477,-20.24974],[-43.1846,-20.24971],[-43.18427,-20.24983],[-43.18375,-20.24967],[-43.183,-20.24988],[-43.18207,-20.25],[-43.18203,-20.25017],[-43.18185,-20.25038],[-43.18142,-20.25065],[-43.181,-20.2511],[-43.1801,-20.25183],[-43.17979,-20.25198],[-43.17946,-20.25222],[-43.1793,-20.2524],[-43.17916,-20.25273],[-43.17889,-20.25314],[-43.17838,-20.25363],[-43.17826,-20.25397],[-43.17802,-20.25437],[-43.17786,-20.25452],[-43.17753,-20.25463],[-43.17698,-20.25456],[-43.17648,-20.25457],[-43.17561,-20.25471],[-43.17547,-20.25482],[-43.1753,-20.25507],[-43.17475,-20.2554],[-43.17459,-20.25546],[-43.17407,-20.25542],[-43.1738,-20.25546],[-43.17339,-20.25568],[-43.17297,-20.25624],[-43.1729,-20.25648],[-43.17291,-20.25699],[-43.17272,-20.2573],[-43.1727,-20.25752],[-43.17275,-20.25761],[-43.17294,-20.2577],[-43.17341,-20.25772],[-43.17359,-20.25779],[-43.17409,-20.25822],[-43.17424,-20.25843],[-43.17427,-20.25856],[-43.17412,-20.25905],[-43.17416,-20.25926],[-43.17439,-20.2595],[-43.17481,-20.25977],[-43.17501,-20.25996],[-43.17504,-20.26006],[-43.17503,-20.26014],[-43.17456,-20.26062],[-43.17414,-20.26119],[-43.17364,-20.26156],[-43.17358,-20.2617],[-43.17373,-20.26218]]},"properties":{"tipo":"rota","id":"MRN-R12","rota":"ROTA 12","municipio":"Mariana","id_saida":"MRN-S1","origem":"PONTO DE PARTIDA MARIANA","ueop":"52º BPM","cia":"239ª Cia PM","unidade":"239cia","bpm":"52bpm","modalidade":"NAO_INFORMADA","paradas":["MRN-1252"],"destinos":["ESCOLA MUNICIPAL DE CAMPINAS"],"qtd_paradas":1,"urnas":1,"distancia_km":47.67,"tempo_min":55.8,"trechos":[{"km":47.67,"min":55.8}],"calculada":true,"distancia_via_m":14}},{"type":"Feature","geometry":{"type":"LineString","coordinates":[[-43.41735,-20.36882],[-43.41666,-20.373],[-43.41646,-20.37392],[-43.41644,-20.37442],[-43.41652,-20.37481],[-43.41672,-20.37516],[-43.41737,-20.37559],[-43.41755,-20.3758],[-43.4177,-20.37609],[-43.41786,-20.37621],[-43.41789,-20.37632],[-43.41678,-20.37672],[-43.41535,-20.37713],[-43.41512,-20.37641],[-43.41457,-20.37607],[-43.41444,-20.3765],[-43.41351,-20.37627],[-43.41344,-20.37647],[-43.41344,-20.37672],[-43.41275,-20.37696],[-43.41202,-20.37737],[-43.4113,-20.37751],[-43.41103,-20.37773],[-43.4099,-20.37835],[-43.40918,-20.37943],[-43.40908,-20.3797],[-43.4091,-20.38008],[-43.40926,-20.38041],[-43.41016,-20.3811],[-43.41047,-20.3814],[-43.41067,-20.38172],[-43.41078,-20.3821],[-43.4108,-20.38247],[-43.41075,-20.38276],[-43.41045,-20.38332],[-43.40908,-20.38452],[-43.40872,-20.38472],[-43.40852,-20.38475],[-43.40808,-20.38467],[-43.4075,-20.38426],[-43.40711,-20.38441],[-43.40671,-20.38417],[-43.40611,-20.38404],[-43.40518,-20.38408],[-43.4038,-20.38383],[-43.40329,-20.38386],[-43.4028,-20.38396],[-43.40228,-20.3842],[-43.4014,-20.38479],[-43.40107,-20.38491],[-43.39886,-20.38507],[-43.39857,-20.38518],[-43.39812,-20.38549],[-43.39781,-20.38586],[-43.39769,-20.38613],[-43.39762,-20.3865],[-43.3976,-20.38714],[-43.39766,-20.38819],[-43.39755,-20.38863],[-43.39735,-20.38886],[-43.39702,-20.38902],[-43.39657,-20.38904],[-43.39624,-20.38892],[-43.39602,-20.38868],[-43.39565,-20.38791],[-43.39563,-20.38749],[-43.3957,-20.38673],[-43.39554,-20.38592],[-43.39534,-20.38562],[-43.39503,-20.38545],[-43.39422,-20.38534],[-43.39265,-20.38554],[-43.39225,-20.3855],[-43.39204,-20.38543],[-43.39182,-20.38529],[-43.39159,-20.385],[-43.39099,-20.38389],[-43.39073,-20.38353],[-43.3905,-20.38334],[-43.39025,-20.38326],[-43.38987,-20.38327],[-43.38937,-20.38342],[-43.3889,-20.38366],[-43.38854,-20.38377],[-43.38833,-20.38377],[-43.38813,-20.3837],[-43.38782,-20.38347],[-43.38632,-20.38179],[-43.38601,-20.38155],[-43.38577,-20.38146],[-43.38531,-20.38142],[-43.38499,-20.3815],[-43.38251,-20.38288],[-43.38208,-20.383],[-43.38149,-20.38305],[-43.3813,-20.38303],[-43.38052,-20.38273],[-43.38015,-20.38269],[-43.37994,-20.38274],[-43.37843,-20.3835],[-43.37798,-20.38384],[-43.37785,-20.38413],[-43.37802,-20.38525],[-43.37801,-20.38543],[-43.37794,-20.38566],[-43.37761,-20.38606],[-43.37726,-20.38618],[-43.37523,-20.38619],[-43.37486,-20.38623],[-43.37445,-20.38639],[-43.37218,-20.38761],[-43.37131,-20.38799],[-43.37069,-20.38816],[-43.36974,-20.38831],[-43.36688,-20.38814],[-43.36643,-20.3882],[-43.36605,-20.38836],[-43.36471,-20.38917],[-43.36425,-20.38931],[-43.36379,-20.38928],[-43.36342,-20.3891],[-43.36245,-20.38818],[-43.36177,-20.38762],[-43.36012,-20.38671],[-43.35892,-20.38626],[-43.35828,-20.38616],[-43.35735,-20.38616],[-43.35673,-20.38627],[-43.35493,-20.38702],[-43.35433,-20.38719],[-43.35376,-20.38717],[-43.35308,-20.38708],[-43.35254,-20.38691],[-43.35095,-20.38589],[-43.35069,-20.38566],[-43.35051,-20.38529],[-43.35044,-20.38421],[-43.35037,-20.38385],[-43.3502,-20.38353],[-43.34997,-20.38327],[-43.34901,-20.38252],[-43.34869,-20.38239],[-43.34826,-20.38241],[-43.34715,-20.38272],[-43.34666,-20.38272],[-43.34642,-20.38262],[-43.34584,-20.38217],[-43.34555,-20.38201],[-43.3451,-20.38196],[-43.34492,-20.38199],[-43.34385,-20.38244],[-43.34323,-20.38275],[-43.34283,-20.38304],[-43.34235,-20.38348],[-43.34211,-20.38365],[-43.34185,-20.38375],[-43.34016,-20.3839],[-43.3386,-20.38433],[-43.33638,-20.38413],[-43.33547,-20.38389],[-43.33509,-20.38364],[-43.33487,-20.38343],[-43.33464,-20.38313],[-43.33374,-20.38117],[-43.33342,-20.3809],[-43.3331,-20.38079],[-43.3315,-20.38073],[-43.33125,-20.38078],[-43.3309,-20.38097],[-43.33072,-20.38119],[-43.33063,-20.38141],[-43.33024,-20.38304],[-43.32996,-20.38359],[-43.32975,-20.38389],[-43.32925,-20.3844],[-43.3272,-20.38621],[-43.32691,-20.38643],[-43.32672,-20.38651],[-43.32647,-20.38656],[-43.32575,-20.38651],[-43.32556,-20.38645],[-43.32438,-20.38582],[-43.3236,-20.38554],[-43.31998,-20.38465],[-43.31945,-20.38471],[-43.31782,-20.38533],[-43.31714,-20.38536],[-43.31619,-20.38526],[-43.31548,-20.38497],[-43.31284,-20.38349],[-43.31247,-20.38318],[-43.31236,-20.38301],[-43.31229,-20.38278],[-43.31241,-20.38187],[-43.31242,-20.38161],[-43.31237,-20.38137],[-43.31226,-20.38116],[-43.31181,-20.38083],[-43.30966,-20.38046],[-43.30851,-20.38037],[-43.30815,-20.38027],[-43.30563,-20.37903],[-43.30414,-20.37818],[-43.3036,-20.37797],[-43.30329,-20.37792],[-43.30169,-20.37798],[-43.30096,-20.37795],[-43.30029,-20.3777],[-43.29831,-20.37664],[-43.29794,-20.3765],[-43.29744,-20.37648],[-43.29599,-20.37698],[-43.29526,-20.37708],[-43.29383,-20.37695],[-43.28925,-20.37637],[-43.28843,-20.37613],[-43.28796,-20.37594],[-43.28747,-20.37559],[-43.28666,-20.37448],[-43.28634,-20.37421],[-43.28393,-20.37379],[-43.28314,-20.37358],[-43.27985,-20.37217],[-43.27909,-20.37191],[-43.27852,-20.3718],[-43.27694,-20.37162],[-43.27599,-20.37144],[-43.27437,-20.37091],[-43.2734,-20.37067],[-43.27228,-20.37068],[-43.27013,-20.3709],[-43.2694,-20.37106],[-43.26886,-20.37134],[-43.26784,-20.37218],[-43.26757,-20.37225],[-43.26722,-20.37225],[-43.26695,-20.37214],[-43.26662,-20.37177],[-43.26596,-20.37063],[-43.26572,-20.37045],[-43.26511,-20.37028],[-43.26345,-20.37006],[-43.26305,-20.37011],[-43.26248,-20.37052],[-43.26166,-20.37122],[-43.26114,-20.37184],[-43.26078,-20.37254],[-43.26013,-20.37417],[-43.25986,-20.37472],[-43.25953,-20.37508],[-43.25901,-20.37524],[-43.25857,-20.37525],[-43.25572,-20.3747],[-43.25486,-20.37456],[-43.25417,-20.37451],[-43.25207,-20.37411],[-43.25176,-20.37391],[-43.25154,-20.37364],[-43.25132,-20.37169],[-43.2512,-20.37142],[-43.25104,-20.37126],[-43.25068,-20.37114],[-43.25021,-20.37116],[-43.24949,-20.37137],[-43.24909,-20.37162],[-43.24825,-20.37258],[-43.24768,-20.37286],[-43.24419,-20.37399],[-43.24393,-20.37405],[-43.24348,-20.37406],[-43.24262,-20.37375],[-43.24186,-20.37325],[-43.24141,-20.37308],[-43.24013,-20.37282],[-43.23981,-20.37284],[-43.23954,-20.37296],[-43.2394,-20.37309],[-43.23903,-20.37358],[-43.23849,-20.37446],[-43.23822,-20.37477],[-43.23782,-20.37508],[-43.23744,-20.3753],[-43.23704,-20.37545],[-43.23376,-20.37613],[-43.23251,-20.37621],[-43.2309,-20.37617],[-43.2301,-20.3762],[-43.22975,-20.37634],[-43.22869,-20.37706],[-43.22817,-20.37729],[-43.22741,-20.37741],[-43.2268,-20.37736],[-43.22637,-20.37716],[-43.22619,-20.37699],[-43.2257,-20.3761],[-43.22534,-20.3758],[-43.2251,-20.3757],[-43.22463,-20.37563],[-43.22257,-20.37567],[-43.22057,-20.37551],[-43.21979,-20.37535],[-43.21913,-20.37506],[-43.21797,-20.37445],[-43.21747,-20.3743],[-43.21678,-20.37427],[-43.21545,-20.37439],[-43.21502,-20.37432],[-43.21486,-20.37422],[-43.21463,-20.37391],[-43.21455,-20.3735],[-43.21459,-20.37296],[-43.21451,-20.37264],[-43.21435,-20.37237],[-43.21319,-20.37096],[-43.2128,-20.3706],[-43.21112,-20.36995],[-43.2106,-20.36964],[-43.20877,-20.36779],[-43.21044,-20.36774],[-43.21197,-20.36729],[-43.2123,-20.36706],[-43.21263,-20.36655],[-43.21273,-20.36648],[-43.21362,-20.36606],[-43.21459,-20.36593],[-43.2147,-20.36587],[-43.21493,-20.36561],[-43.21492,-20.36545],[-43.21474,-20.36514],[-43.21473,-20.36498],[-43.21507,-20.36445],[-43.21509,-20.36425],[-43.21504,-20.36381],[-43.2149,-20.36347],[-43.21451,-20.36298],[-43.21407,-20.36268],[-43.2139,-20.3625],[-43.21381,-20.36205],[-43.21364,-20.36171],[-43.21374,-20.36129],[-43.2136,-20.36089],[-43.21371,-20.36037],[-43.21364,-20.36011],[-43.21355,-20.36],[-43.21301,-20.35965],[-43.21252,-20.35976],[-43.21235,-20.35961],[-43.21215,-20.35927],[-43.21202,-20.3592],[-43.21121,-20.35914],[-43.21084,-20.35902],[-43.21045,-20.35857],[-43.21021,-20.35865],[-43.21003,-20.35863],[-43.20999,-20.35852],[-43.2101,-20.35805],[-43.20922,-20.35779],[-43.20891,-20.35794],[-43.20857,-20.35791]]},"properties":{"tipo":"rota","id":"MRN-R13","rota":"ROTA 13","municipio":"Mariana","id_saida":"MRN-S1","origem":"PONTO DE PARTIDA MARIANA","ueop":"52º BPM","cia":"239ª Cia PM","unidade":"239cia","bpm":"52bpm","modalidade":"NAO_INFORMADA","paradas":["MRN-1260"],"destinos":["ESCOLA ESTADUAL MONSENHOR MORAES FURQUIM"],"qtd_paradas":1,"urnas":4,"distancia_km":30.38,"tempo_min":33.0,"trechos":[{"km":30.38,"min":33.0}],"calculada":true,"distancia_via_m":27}},{"type":"Feature","geometry":{"type":"LineString","coordinates":[[-43.41735,-20.36882],[-43.41666,-20.373],[-43.41646,-20.37392],[-43.41644,-20.37442],[-43.41652,-20.37481],[-43.41672,-20.37516],[-43.41737,-20.37559],[-43.41755,-20.3758],[-43.4177,-20.37609],[-43.41786,-20.37621],[-43.41789,-20.37632],[-43.41678,-20.37672],[-43.41535,-20.37713],[-43.41512,-20.37641],[-43.41457,-20.37607],[-43.41444,-20.3765],[-43.41351,-20.37627],[-43.41344,-20.37647],[-43.41344,-20.37672],[-43.41275,-20.37696],[-43.41202,-20.37737],[-43.4113,-20.37751],[-43.41103,-20.37773],[-43.4099,-20.37835],[-43.40918,-20.37943],[-43.40908,-20.3797],[-43.4091,-20.38008],[-43.40926,-20.38041],[-43.41016,-20.3811],[-43.41047,-20.3814],[-43.41067,-20.38172],[-43.41078,-20.3821],[-43.4108,-20.38247],[-43.41075,-20.38276],[-43.41045,-20.38332],[-43.40908,-20.38452],[-43.40872,-20.38472],[-43.40852,-20.38475],[-43.40808,-20.38467],[-43.4075,-20.38426],[-43.40711,-20.38441],[-43.40671,-20.38417],[-43.40611,-20.38404],[-43.40518,-20.38408],[-43.4038,-20.38383],[-43.40329,-20.38386],[-43.4028,-20.38396],[-43.40228,-20.3842],[-43.4014,-20.38479],[-43.40107,-20.38491],[-43.39886,-20.38507],[-43.39857,-20.38518],[-43.39812,-20.38549],[-43.39781,-20.38586],[-43.39769,-20.38613],[-43.39762,-20.3865],[-43.3976,-20.38714],[-43.39766,-20.38819],[-43.39755,-20.38863],[-43.39735,-20.38886],[-43.39702,-20.38902],[-43.39657,-20.38904],[-43.39624,-20.38892],[-43.39602,-20.38868],[-43.39565,-20.38791],[-43.39563,-20.38749],[-43.3957,-20.38673],[-43.39554,-20.38592],[-43.39534,-20.38562],[-43.39503,-20.38545],[-43.39422,-20.38534],[-43.39265,-20.38554],[-43.39225,-20.3855],[-43.39204,-20.38543],[-43.39182,-20.38529],[-43.39159,-20.385],[-43.39099,-20.38389],[-43.39073,-20.38353],[-43.3905,-20.38334],[-43.39025,-20.38326],[-43.38987,-20.38327],[-43.38937,-20.38342],[-43.3889,-20.38366],[-43.38854,-20.38377],[-43.38833,-20.38377],[-43.38813,-20.3837],[-43.38782,-20.38347],[-43.38632,-20.38179],[-43.38601,-20.38155],[-43.38577,-20.38146],[-43.38531,-20.38142],[-43.38499,-20.3815],[-43.38251,-20.38288],[-43.38208,-20.383],[-43.38149,-20.38305],[-43.3813,-20.38303],[-43.38052,-20.38273],[-43.38015,-20.38269],[-43.37994,-20.38274],[-43.37843,-20.3835],[-43.37798,-20.38384],[-43.37785,-20.38413],[-43.37802,-20.38525],[-43.37801,-20.38543],[-43.37794,-20.38566],[-43.37761,-20.38606],[-43.37726,-20.38618],[-43.37523,-20.38619],[-43.37486,-20.38623],[-43.37445,-20.38639],[-43.37218,-20.38761],[-43.37131,-20.38799],[-43.37069,-20.38816],[-43.36974,-20.38831],[-43.36688,-20.38814],[-43.36643,-20.3882],[-43.36605,-20.38836],[-43.36471,-20.38917],[-43.36425,-20.38931],[-43.36379,-20.38928],[-43.36342,-20.3891],[-43.36245,-20.38818],[-43.36177,-20.38762],[-43.36012,-20.38671],[-43.35892,-20.38626],[-43.35828,-20.38616],[-43.35735,-20.38616],[-43.35673,-20.38627],[-43.35493,-20.38702],[-43.35433,-20.38719],[-43.35376,-20.38717],[-43.35308,-20.38708],[-43.35254,-20.38691],[-43.35095,-20.38589],[-43.35069,-20.38566],[-43.35051,-20.38529],[-43.35044,-20.38421],[-43.35037,-20.38385],[-43.3502,-20.38353],[-43.34997,-20.38327],[-43.34901,-20.38252],[-43.34869,-20.38239],[-43.34826,-20.38241],[-43.34715,-20.38272],[-43.34666,-20.38272],[-43.34642,-20.38262],[-43.34584,-20.38217],[-43.34555,-20.38201],[-43.3451,-20.38196],[-43.34492,-20.38199],[-43.34385,-20.38244],[-43.34323,-20.38275],[-43.34283,-20.38304],[-43.34235,-20.38348],[-43.34211,-20.38365],[-43.34185,-20.38375],[-43.34016,-20.3839],[-43.3386,-20.38433],[-43.33638,-20.38413],[-43.33547,-20.38389],[-43.33509,-20.38364],[-43.33487,-20.38343],[-43.33464,-20.38313],[-43.33374,-20.38117],[-43.33342,-20.3809],[-43.3331,-20.38079],[-43.3315,-20.38073],[-43.33125,-20.38078],[-43.3309,-20.38097],[-43.33072,-20.38119],[-43.33063,-20.38141],[-43.33024,-20.38304],[-43.32996,-20.38359],[-43.32975,-20.38389],[-43.32925,-20.3844],[-43.3272,-20.38621],[-43.32691,-20.38643],[-43.32672,-20.38651],[-43.32647,-20.38656],[-43.32575,-20.38651],[-43.32556,-20.38645],[-43.32438,-20.38582],[-43.3236,-20.38554],[-43.31998,-20.38465],[-43.31945,-20.38471],[-43.31782,-20.38533],[-43.31714,-20.38536],[-43.31619,-20.38526],[-43.31548,-20.38497],[-43.31284,-20.38349],[-43.31247,-20.38318],[-43.31236,-20.38301],[-43.31229,-20.38278],[-43.31241,-20.38187],[-43.31242,-20.38161],[-43.31237,-20.38137],[-43.31226,-20.38116],[-43.31181,-20.38083],[-43.30966,-20.38046],[-43.30851,-20.38037],[-43.30815,-20.38027],[-43.30563,-20.37903],[-43.30414,-20.37818],[-43.3036,-20.37797],[-43.30329,-20.37792],[-43.30169,-20.37798],[-43.30096,-20.37795],[-43.30029,-20.3777],[-43.29831,-20.37664],[-43.29794,-20.3765],[-43.29744,-20.37648],[-43.29599,-20.37698],[-43.29526,-20.37708],[-43.29383,-20.37695],[-43.28925,-20.37637],[-43.28843,-20.37613],[-43.28796,-20.37594],[-43.28747,-20.37559],[-43.28666,-20.37448],[-43.28634,-20.37421],[-43.28393,-20.37379],[-43.28314,-20.37358],[-43.27985,-20.37217],[-43.27909,-20.37191],[-43.27852,-20.3718],[-43.27694,-20.37162],[-43.27599,-20.37144],[-43.27437,-20.37091],[-43.2734,-20.37067],[-43.27228,-20.37068],[-43.27013,-20.3709],[-43.2694,-20.37106],[-43.26886,-20.37134],[-43.26784,-20.37218],[-43.26757,-20.37225],[-43.26722,-20.37225],[-43.26695,-20.37214],[-43.26662,-20.37177],[-43.26596,-20.37063],[-43.26572,-20.37045],[-43.26511,-20.37028],[-43.26345,-20.37006],[-43.26305,-20.37011],[-43.26248,-20.37052],[-43.26166,-20.37122],[-43.26114,-20.37184],[-43.26078,-20.37254],[-43.26013,-20.37417],[-43.25986,-20.37472],[-43.25953,-20.37508],[-43.25901,-20.37524],[-43.25857,-20.37525],[-43.25572,-20.3747],[-43.25486,-20.37456],[-43.25417,-20.37451],[-43.25207,-20.37411],[-43.25176,-20.37391],[-43.25154,-20.37364],[-43.25132,-20.37169],[-43.2512,-20.37142],[-43.25104,-20.37126],[-43.25068,-20.37114],[-43.25021,-20.37116],[-43.24949,-20.37137],[-43.24909,-20.37162],[-43.24825,-20.37258],[-43.24768,-20.37286],[-43.24419,-20.37399],[-43.24393,-20.37405],[-43.24348,-20.37406],[-43.24262,-20.37375],[-43.24186,-20.37325],[-43.24141,-20.37308],[-43.24013,-20.37282],[-43.23981,-20.37284],[-43.23954,-20.37296],[-43.2394,-20.37309],[-43.23903,-20.37358],[-43.23849,-20.37446],[-43.23822,-20.37477],[-43.23782,-20.37508],[-43.23744,-20.3753],[-43.23704,-20.37545],[-43.23376,-20.37613],[-43.23251,-20.37621],[-43.2309,-20.37617],[-43.2301,-20.3762],[-43.22975,-20.37634],[-43.22881,-20.37699],[-43.22842,-20.3772],[-43.22789,-20.37736],[-43.22703,-20.3774],[-43.22657,-20.37728],[-43.22637,-20.37716],[-43.22606,-20.37679],[-43.2257,-20.3761],[-43.22534,-20.3758],[-43.2251,-20.3757],[-43.22463,-20.37563],[-43.22257,-20.37567],[-43.22057,-20.37551],[-43.21979,-20.37535],[-43.21913,-20.37506],[-43.21797,-20.37445],[-43.21747,-20.3743],[-43.21678,-20.37427],[-43.21545,-20.37439],[-43.21502,-20.37432],[-43.21486,-20.37422],[-43.21463,-20.37391],[-43.21455,-20.3735],[-43.21459,-20.37296],[-43.21451,-20.37264],[-43.21435,-20.37237],[-43.21294,-20.3707],[-43.21266,-20.37053],[-43.21112,-20.36995],[-43.2106,-20.36964],[-43.20877,-20.36779],[-43.20846,-20.36757],[-43.20654,-20.36689],[-43.20634,-20.36685],[-43.20592,-20.36686],[-43.20564,-20.36694],[-43.20515,-20.36724],[-43.20444,-20.36795],[-43.20423,-20.36807],[-43.20396,-20.36815],[-43.20136,-20.36852],[-43.20086,-20.36865],[-43.20003,-20.36946],[-43.19879,-20.37029],[-43.19864,-20.37045],[-43.19849,-20.37078],[-43.19846,-20.37096],[-43.1985,-20.37117],[-43.19865,-20.37145],[-43.19938,-20.37234],[-43.1995,-20.3727],[-43.19949,-20.37291],[-43.19931,-20.37334],[-43.19911,-20.37356],[-43.19853,-20.37404],[-43.19828,-20.37443],[-43.19784,-20.37625],[-43.19771,-20.37648],[-43.1973,-20.377],[-43.19676,-20.37736],[-43.19641,-20.37751],[-43.19579,-20.37764],[-43.19312,-20.37771],[-43.19269,-20.37767],[-43.19237,-20.37745],[-43.19096,-20.37597],[-43.19062,-20.37584],[-43.19017,-20.37586],[-43.18994,-20.37597],[-43.18976,-20.37612],[-43.18958,-20.37633],[-43.18909,-20.37711],[-43.18892,-20.37729],[-43.18832,-20.37765],[-43.18719,-20.37789],[-43.18685,-20.37817],[-43.18647,-20.37876],[-43.18612,-20.37904],[-43.18584,-20.37914],[-43.18488,-20.37921],[-43.18338,-20.37947],[-43.1822,-20.37961],[-43.18177,-20.37971],[-43.18108,-20.38002],[-43.1803,-20.38054],[-43.17723,-20.38276],[-43.17624,-20.38359],[-43.17591,-20.38397],[-43.17478,-20.38547],[-43.17432,-20.38601],[-43.17415,-20.38659],[-43.17408,-20.38773],[-43.17393,-20.3882],[-43.17303,-20.38931],[-43.17236,-20.3898],[-43.16725,-20.39272],[-43.1665,-20.393],[-43.1651,-20.39338],[-43.1635,-20.39391],[-43.16325,-20.39407],[-43.16312,-20.39428],[-43.16238,-20.39627],[-43.16209,-20.39691],[-43.16067,-20.3976],[-43.16014,-20.39797],[-43.15974,-20.39834],[-43.15927,-20.39893],[-43.15909,-20.39931],[-43.15863,-20.39995],[-43.15737,-20.40147],[-43.15705,-20.40168],[-43.15479,-20.40222],[-43.15399,-20.40236],[-43.15341,-20.40231],[-43.15124,-20.40164],[-43.15058,-20.40125],[-43.15015,-20.4008],[-43.14897,-20.39919],[-43.14687,-20.39767],[-43.14574,-20.39658],[-43.14522,-20.39584],[-43.145,-20.39575],[-43.14469,-20.39589],[-43.14454,-20.39614],[-43.14408,-20.3978],[-43.14327,-20.3989],[-43.14318,-20.39914],[-43.1431,-20.39983],[-43.1417,-20.40263],[-43.14158,-20.40301],[-43.14164,-20.40342],[-43.14195,-20.40454],[-43.14268,-20.40609],[-43.14287,-20.40624],[-43.14309,-20.4063],[-43.14341,-20.4063],[-43.14401,-20.40609],[-43.14421,-20.40607],[-43.14467,-20.40611],[-43.14498,-20.40625],[-43.1451,-20.40639],[-43.146,-20.40863],[-43.146,-20.40889],[-43.14592,-20.40913],[-43.14548,-20.40987],[-43.14538,-20.4103],[-43.14532,-20.41089],[-43.14522,-20.41116],[-43.14428,-20.41238],[-43.14408,-20.41276],[-43.14394,-20.41362],[-43.14396,-20.41407],[-43.1445,-20.41549],[-43.14478,-20.41571],[-43.14512,-20.41589],[-43.14622,-20.41633],[-43.14681,-20.41638],[-43.14804,-20.41618],[-43.14828,-20.41624],[-43.14867,-20.41649],[-43.1489,-20.41691],[-43.14951,-20.41843],[-43.14993,-20.4191],[-43.15001,-20.41934],[-43.14993,-20.41972],[-43.14894,-20.42266],[-43.14846,-20.42375],[-43.14774,-20.42499],[-43.146,-20.42683],[-43.14589,-20.42714],[-43.14586,-20.42792],[-43.1457,-20.42822],[-43.14549,-20.42835],[-43.14487,-20.42856],[-43.14461,-20.42877],[-43.14456,-20.42888],[-43.14456,-20.4291],[-43.14473,-20.42954],[-43.14497,-20.4298],[-43.14586,-20.43035],[-43.14608,-20.43056],[-43.1462,-20.43092],[-43.14614,-20.43132],[-43.14587,-20.43139],[-43.1458,-20.43152],[-43.14582,-20.43178],[-43.14593,-20.43207],[-43.14597,-20.43253],[-43.14569,-20.43357],[-43.14536,-20.43393],[-43.14429,-20.43471]]},"properties":{"tipo":"rota","id":"MRN-R14","rota":"ROTA 14","municipio":"Mariana","id_saida":"MRN-S1","origem":"PONTO DE PARTIDA MARIANA","ueop":"52º BPM","cia":"239ª Cia PM","unidade":"239cia","bpm":"52bpm","modalidade":"NAO_INFORMADA","paradas":["MRN-1279"],"destinos":["POSTO DE SAÚDE DE CONSTANTINO"],"qtd_paradas":1,"urnas":1,"distancia_km":42.99,"tempo_min":43.8,"trechos":[{"km":42.99,"min":43.8}],"calculada":true,"distancia_via_m":121}},{"type":"Feature","geometry":{"type":"LineString","coordinates":[[-43.41735,-20.36882],[-43.41666,-20.373],[-43.41646,-20.37392],[-43.41644,-20.37442],[-43.41652,-20.37481],[-43.41672,-20.37516],[-43.41737,-20.37559],[-43.41755,-20.3758],[-43.4177,-20.37609],[-43.41786,-20.37621],[-43.41787,-20.37634],[-43.41678,-20.37672],[-43.41535,-20.37713],[-43.41512,-20.37641],[-43.41457,-20.37607],[-43.41444,-20.3765],[-43.41351,-20.37627],[-43.41344,-20.37647],[-43.41344,-20.37672],[-43.41275,-20.37696],[-43.41202,-20.37737],[-43.4113,-20.37751],[-43.41103,-20.37773],[-43.4099,-20.37835],[-43.40918,-20.37943],[-43.40908,-20.3797],[-43.4091,-20.38008],[-43.40926,-20.38041],[-43.41016,-20.3811],[-43.41047,-20.3814],[-43.41067,-20.38172],[-43.41078,-20.3821],[-43.4108,-20.38247],[-43.41075,-20.38276],[-43.41045,-20.38332],[-43.40908,-20.38452],[-43.40872,-20.38472],[-43.40852,-20.38475],[-43.40808,-20.38467],[-43.4075,-20.38426],[-43.40711,-20.38441],[-43.40671,-20.38417],[-43.40611,-20.38404],[-43.40518,-20.38408],[-43.4038,-20.38383],[-43.40329,-20.38386],[-43.4028,-20.38396],[-43.40228,-20.3842],[-43.4014,-20.38479],[-43.40107,-20.38491],[-43.39886,-20.38507],[-43.39832,-20.38533],[-43.39793,-20.38569],[-43.39769,-20.38613],[-43.39762,-20.3865],[-43.3976,-20.38714],[-43.39766,-20.38819],[-43.39755,-20.38863],[-43.39735,-20.38886],[-43.39702,-20.38902],[-43.39657,-20.38904],[-43.39624,-20.38892],[-43.39602,-20.38868],[-43.39583,-20.38832],[-43.39565,-20.38791],[-43.39563,-20.38749],[-43.3957,-20.38673],[-43.39554,-20.38592],[-43.39534,-20.38562],[-43.39503,-20.38545],[-43.39422,-20.38534],[-43.39265,-20.38554],[-43.39225,-20.3855],[-43.39204,-20.38543],[-43.39182,-20.38529],[-43.39159,-20.385],[-43.39099,-20.38389],[-43.39073,-20.38353],[-43.3905,-20.38334],[-43.39025,-20.38326],[-43.38987,-20.38327],[-43.38937,-20.38342],[-43.3889,-20.38366],[-43.38854,-20.38377],[-43.38833,-20.38377],[-43.38813,-20.3837],[-43.38782,-20.38347],[-43.38632,-20.38179],[-43.38601,-20.38155],[-43.38561,-20.38143],[-43.38531,-20.38142],[-43.38499,-20.3815],[-43.38251,-20.38288],[-43.38208,-20.383],[-43.38149,-20.38305],[-43.3813,-20.38303],[-43.38052,-20.38273],[-43.38015,-20.38269],[-43.37994,-20.38274],[-43.37843,-20.3835],[-43.37798,-20.38384],[-43.37785,-20.38413],[-43.37802,-20.38525],[-43.37801,-20.38543],[-43.37794,-20.38566],[-43.37761,-20.38606],[-43.37726,-20.38618],[-43.37523,-20.38619],[-43.37486,-20.38623],[-43.37445,-20.38639],[-43.37218,-20.38761],[-43.37131,-20.38799],[-43.37069,-20.38816],[-43.36974,-20.38831],[-43.36688,-20.38814],[-43.36643,-20.3882],[-43.36605,-20.38836],[-43.36471,-20.38917],[-43.36425,-20.38931],[-43.36379,-20.38928],[-43.36342,-20.3891],[-43.36245,-20.38818],[-43.36177,-20.38762],[-43.36012,-20.38671],[-43.35892,-20.38626],[-43.35828,-20.38616],[-43.35735,-20.38616],[-43.35673,-20.38627],[-43.35493,-20.38702],[-43.35433,-20.38719],[-43.35376,-20.38717],[-43.35308,-20.38708],[-43.35254,-20.38691],[-43.35095,-20.38589],[-43.35069,-20.38566],[-43.35051,-20.38529],[-43.35044,-20.38421],[-43.35037,-20.38385],[-43.3502,-20.38353],[-43.34997,-20.38327],[-43.34901,-20.38252],[-43.34869,-20.38239],[-43.34826,-20.38241],[-43.34715,-20.38272],[-43.34666,-20.38272],[-43.34642,-20.38262],[-43.34584,-20.38217],[-43.34555,-20.38201],[-43.3451,-20.38196],[-43.34492,-20.38199],[-43.34385,-20.38244],[-43.34323,-20.38275],[-43.34283,-20.38304],[-43.34235,-20.38348],[-43.34211,-20.38365],[-43.34185,-20.38375],[-43.34016,-20.3839],[-43.3386,-20.38433],[-43.33638,-20.38413],[-43.33547,-20.38389],[-43.33509,-20.38364],[-43.33487,-20.38343],[-43.33464,-20.38313],[-43.33374,-20.38117],[-43.33342,-20.3809],[-43.3331,-20.38079],[-43.3315,-20.38073],[-43.33125,-20.38078],[-43.3309,-20.38097],[-43.33072,-20.38119],[-43.33063,-20.38141],[-43.33024,-20.38304],[-43.32996,-20.38359],[-43.32975,-20.38389],[-43.32925,-20.3844],[-43.3272,-20.38621],[-43.32691,-20.38643],[-43.32672,-20.38651],[-43.32647,-20.38656],[-43.32575,-20.38651],[-43.32556,-20.38645],[-43.32438,-20.38582],[-43.3236,-20.38554],[-43.31998,-20.38465],[-43.31945,-20.38471],[-43.31782,-20.38533],[-43.31714,-20.38536],[-43.31619,-20.38526],[-43.31548,-20.38497],[-43.31284,-20.38349],[-43.31247,-20.38318],[-43.31236,-20.38301],[-43.31229,-20.38278],[-43.31241,-20.38187],[-43.31242,-20.38161],[-43.31237,-20.38137],[-43.31226,-20.38116],[-43.31181,-20.38083],[-43.30966,-20.38046],[-43.30851,-20.38037],[-43.30815,-20.38027],[-43.30563,-20.37903],[-43.30414,-20.37818],[-43.3036,-20.37797],[-43.30329,-20.37792],[-43.30169,-20.37798],[-43.30096,-20.37795],[-43.30029,-20.3777],[-43.29831,-20.37664],[-43.29794,-20.3765],[-43.29744,-20.37648],[-43.29599,-20.37698],[-43.29526,-20.37708],[-43.29383,-20.37695],[-43.28925,-20.37637],[-43.28843,-20.37613],[-43.28796,-20.37594],[-43.28747,-20.37559],[-43.28666,-20.37448],[-43.28634,-20.37421],[-43.28393,-20.37379],[-43.28314,-20.37358],[-43.27985,-20.37217],[-43.27909,-20.37191],[-43.27852,-20.3718],[-43.27694,-20.37162],[-43.27599,-20.37144],[-43.27437,-20.37091],[-43.2734,-20.37067],[-43.27228,-20.37068],[-43.27013,-20.3709],[-43.2694,-20.37106],[-43.26886,-20.37134],[-43.26784,-20.37218],[-43.26757,-20.37225],[-43.26722,-20.37225],[-43.26695,-20.37214],[-43.26662,-20.37177],[-43.26596,-20.37063],[-43.26572,-20.37045],[-43.26511,-20.37028],[-43.26345,-20.37006],[-43.26305,-20.37011],[-43.26248,-20.37052],[-43.26166,-20.37122],[-43.26114,-20.37184],[-43.26078,-20.37254],[-43.26013,-20.37417],[-43.25986,-20.37472],[-43.25953,-20.37508],[-43.25901,-20.37524],[-43.25857,-20.37525],[-43.25572,-20.3747],[-43.25486,-20.37456],[-43.25417,-20.37451],[-43.25207,-20.37411],[-43.25176,-20.37391],[-43.25154,-20.37364],[-43.25132,-20.37169],[-43.2512,-20.37142],[-43.25104,-20.37126],[-43.25068,-20.37114],[-43.25021,-20.37116],[-43.24949,-20.37137],[-43.24909,-20.37162],[-43.24825,-20.37258],[-43.24768,-20.37286],[-43.24419,-20.37399],[-43.24393,-20.37405],[-43.24348,-20.37406],[-43.24262,-20.37375],[-43.24186,-20.37325],[-43.24141,-20.37308],[-43.24013,-20.37282],[-43.23981,-20.37284],[-43.23954,-20.37296],[-43.2394,-20.37309],[-43.23903,-20.37358],[-43.23849,-20.37446],[-43.23822,-20.37477],[-43.23782,-20.37508],[-43.23744,-20.3753],[-43.23704,-20.37545],[-43.23376,-20.37613],[-43.23251,-20.37621],[-43.2309,-20.37617],[-43.2301,-20.3762],[-43.22975,-20.37634],[-43.22881,-20.37699],[-43.22842,-20.3772],[-43.22789,-20.37736],[-43.22703,-20.3774],[-43.22657,-20.37728],[-43.22637,-20.37716],[-43.22606,-20.37679],[-43.2257,-20.3761],[-43.22534,-20.3758],[-43.2251,-20.3757],[-43.22463,-20.37563],[-43.22257,-20.37567],[-43.22057,-20.37551],[-43.21979,-20.37535],[-43.21913,-20.37506],[-43.21797,-20.37445],[-43.21747,-20.3743],[-43.21678,-20.37427],[-43.21545,-20.37439],[-43.21502,-20.37432],[-43.21486,-20.37422],[-43.21463,-20.37391],[-43.21455,-20.3735],[-43.21459,-20.37296],[-43.21451,-20.37264],[-43.21435,-20.37237],[-43.21319,-20.37096],[-43.2128,-20.3706],[-43.21112,-20.36995],[-43.2106,-20.36964],[-43.20877,-20.36779],[-43.21044,-20.36774],[-43.21197,-20.36729],[-43.2123,-20.36706],[-43.21263,-20.36655],[-43.21273,-20.36648],[-43.21362,-20.36606],[-43.21459,-20.36593],[-43.21488,-20.36569],[-43.21493,-20.36561],[-43.21492,-20.36545],[-43.21472,-20.36505],[-43.21475,-20.36492],[-43.21507,-20.36445],[-43.21504,-20.36381],[-43.2149,-20.36347],[-43.21459,-20.36307],[-43.21407,-20.36268],[-43.2139,-20.3625],[-43.21377,-20.36159],[-43.21391,-20.36089],[-43.21392,-20.36029],[-43.21336,-20.35926],[-43.21323,-20.35911],[-43.21289,-20.35887],[-43.21283,-20.35877],[-43.21281,-20.35838],[-43.21273,-20.35823],[-43.2126,-20.35812],[-43.21238,-20.35815],[-43.2123,-20.35812],[-43.21216,-20.35797],[-43.21208,-20.35778],[-43.21212,-20.3574],[-43.21201,-20.35703],[-43.21161,-20.35678],[-43.21121,-20.35642],[-43.21075,-20.3562],[-43.21058,-20.35597],[-43.21001,-20.35588],[-43.2095,-20.3556],[-43.20927,-20.3554],[-43.20901,-20.355],[-43.20853,-20.35393],[-43.20834,-20.35361],[-43.2082,-20.3532],[-43.20824,-20.35273],[-43.20813,-20.35261],[-43.20757,-20.35214],[-43.20696,-20.35151],[-43.20651,-20.35128],[-43.20603,-20.35069],[-43.20589,-20.35065],[-43.2058,-20.35071],[-43.20573,-20.35109],[-43.2056,-20.35114],[-43.20545,-20.35108],[-43.2052,-20.35079],[-43.20486,-20.35023],[-43.20465,-20.35006],[-43.2042,-20.3494],[-43.20397,-20.34927],[-43.20324,-20.34916],[-43.20281,-20.34895],[-43.2027,-20.34885],[-43.20257,-20.34868],[-43.2021,-20.34776],[-43.20191,-20.34776],[-43.20165,-20.3479],[-43.20044,-20.34923],[-43.19965,-20.34943],[-43.19943,-20.34936],[-43.19876,-20.34891],[-43.1985,-20.34864],[-43.19844,-20.34831],[-43.19837,-20.34821],[-43.19804,-20.34814],[-43.19793,-20.34805],[-43.19767,-20.34744],[-43.19736,-20.34747],[-43.19715,-20.34778],[-43.19693,-20.34793],[-43.19665,-20.34786],[-43.19631,-20.34758],[-43.19508,-20.34709],[-43.19465,-20.34715],[-43.19383,-20.34747],[-43.19328,-20.34816],[-43.19302,-20.3483],[-43.19279,-20.34834],[-43.19267,-20.34829],[-43.19196,-20.34763],[-43.19181,-20.34757],[-43.19111,-20.34809],[-43.19089,-20.34814],[-43.19051,-20.34799],[-43.19037,-20.34799],[-43.19023,-20.34813],[-43.19002,-20.34868],[-43.18936,-20.34902],[-43.18908,-20.34941],[-43.18869,-20.34947],[-43.18843,-20.34939],[-43.1882,-20.34919],[-43.18805,-20.34913],[-43.18711,-20.34892],[-43.18673,-20.34877],[-43.18573,-20.34775],[-43.18525,-20.34778],[-43.18476,-20.34769],[-43.18422,-20.34766],[-43.18383,-20.34795],[-43.18369,-20.34795],[-43.18332,-20.34774],[-43.18267,-20.34714],[-43.18218,-20.34699],[-43.18137,-20.34683],[-43.18123,-20.34685],[-43.18116,-20.34703],[-43.1812,-20.34723],[-43.18147,-20.34775],[-43.18085,-20.34846],[-43.18035,-20.34813],[-43.17979,-20.34811],[-43.1786,-20.34846],[-43.17654,-20.34895],[-43.17616,-20.34908],[-43.17581,-20.34927],[-43.175,-20.34984],[-43.17415,-20.35051],[-43.17305,-20.35167],[-43.17252,-20.35197],[-43.17166,-20.35219],[-43.17121,-20.35237],[-43.17035,-20.35314],[-43.16994,-20.3534],[-43.16925,-20.3534],[-43.16788,-20.35322],[-43.16717,-20.35334],[-43.16668,-20.35366],[-43.16629,-20.35457],[-43.16589,-20.35511],[-43.16505,-20.35521],[-43.16449,-20.35487],[-43.16429,-20.35406],[-43.16388,-20.35328],[-43.16054,-20.35088],[-43.16033,-20.35045],[-43.16016,-20.34944],[-43.1604,-20.34815],[-43.16056,-20.34789],[-43.16059,-20.34761],[-43.16054,-20.34718],[-43.16034,-20.34671],[-43.15933,-20.34525],[-43.15857,-20.34561],[-43.15782,-20.34643],[-43.15764,-20.34672],[-43.15711,-20.347],[-43.1571,-20.34628],[-43.15698,-20.34564],[-43.15702,-20.34531],[-43.15695,-20.34489],[-43.15667,-20.34462],[-43.15654,-20.3443],[-43.15632,-20.34421],[-43.1561,-20.34362],[-43.1558,-20.34324],[-43.1551,-20.34308],[-43.15465,-20.34316],[-43.15447,-20.34304],[-43.15425,-20.34252],[-43.15398,-20.34205],[-43.15402,-20.34127],[-43.15355,-20.34041],[-43.15355,-20.33908],[-43.1534,-20.33866],[-43.15286,-20.33754],[-43.15286,-20.33684],[-43.15295,-20.33664],[-43.15324,-20.33639],[-43.15335,-20.33614],[-43.15332,-20.3359],[-43.15313,-20.33556],[-43.15321,-20.33499]]},"properties":{"tipo":"rota","id":"MRN-R15","rota":"ROTA 15","municipio":"Mariana","id_saida":"MRN-S1","origem":"PONTO DE PARTIDA MARIANA","ueop":"52º BPM","cia":"239ª Cia PM","unidade":"239cia","bpm":"52bpm","modalidade":"NAO_INFORMADA","paradas":["MRN-1287"],"destinos":["E. M. JOAQUIM EMÍLIO BAPTISTA"],"qtd_paradas":1,"urnas":1,"distancia_km":39.89,"tempo_min":46.6,"trechos":[{"km":39.89,"min":46.6}],"calculada":true,"distancia_via_m":55}},{"type":"Feature","geometry":{"type":"LineString","coordinates":[[-43.41735,-20.36882],[-43.41666,-20.373],[-43.41646,-20.37392],[-43.41644,-20.37442],[-43.41652,-20.37481],[-43.41672,-20.37516],[-43.41737,-20.37559],[-43.41755,-20.3758],[-43.4177,-20.37609],[-43.41786,-20.37621],[-43.41787,-20.37634],[-43.41678,-20.37672],[-43.41535,-20.37713],[-43.41512,-20.37641],[-43.41457,-20.37607],[-43.41444,-20.3765],[-43.41351,-20.37627],[-43.41344,-20.37647],[-43.41344,-20.37672],[-43.41275,-20.37696],[-43.41202,-20.37737],[-43.4113,-20.37751],[-43.41103,-20.37773],[-43.4099,-20.37835],[-43.40918,-20.37943],[-43.40908,-20.3797],[-43.4091,-20.38008],[-43.40926,-20.38041],[-43.41016,-20.3811],[-43.41047,-20.3814],[-43.41067,-20.38172],[-43.41078,-20.3821],[-43.4108,-20.38247],[-43.41075,-20.38276],[-43.41045,-20.38332],[-43.40908,-20.38452],[-43.40872,-20.38472],[-43.40852,-20.38475],[-43.40808,-20.38467],[-43.4075,-20.38426],[-43.40711,-20.38441],[-43.40671,-20.38417],[-43.40611,-20.38404],[-43.40518,-20.38408],[-43.4038,-20.38383],[-43.40329,-20.38386],[-43.4028,-20.38396],[-43.40228,-20.3842],[-43.4014,-20.38479],[-43.40107,-20.38491],[-43.39886,-20.38507],[-43.39832,-20.38533],[-43.39793,-20.38569],[-43.39769,-20.38613],[-43.39762,-20.3865],[-43.3976,-20.38714],[-43.39766,-20.38819],[-43.39755,-20.38863],[-43.39735,-20.38886],[-43.39702,-20.38902],[-43.39657,-20.38904],[-43.39624,-20.38892],[-43.39602,-20.38868],[-43.39583,-20.38832],[-43.39565,-20.38791],[-43.39563,-20.38749],[-43.3957,-20.38673],[-43.39554,-20.38592],[-43.39534,-20.38562],[-43.39503,-20.38545],[-43.39422,-20.38534],[-43.39265,-20.38554],[-43.39225,-20.3855],[-43.39204,-20.38543],[-43.39182,-20.38529],[-43.39159,-20.385],[-43.39099,-20.38389],[-43.39073,-20.38353],[-43.3905,-20.38334],[-43.39025,-20.38326],[-43.38987,-20.38327],[-43.38937,-20.38342],[-43.3889,-20.38366],[-43.38854,-20.38377],[-43.38833,-20.38377],[-43.38813,-20.3837],[-43.38782,-20.38347],[-43.38632,-20.38179],[-43.38601,-20.38155],[-43.38561,-20.38143],[-43.38531,-20.38142],[-43.38499,-20.3815],[-43.38251,-20.38288],[-43.38208,-20.383],[-43.38149,-20.38305],[-43.3813,-20.38303],[-43.38052,-20.38273],[-43.38015,-20.38269],[-43.37994,-20.38274],[-43.37843,-20.3835],[-43.37798,-20.38384],[-43.37785,-20.38413],[-43.37802,-20.38525],[-43.37801,-20.38543],[-43.37794,-20.38566],[-43.37761,-20.38606],[-43.37726,-20.38618],[-43.37523,-20.38619],[-43.37486,-20.38623],[-43.37445,-20.38639],[-43.37218,-20.38761],[-43.37131,-20.38799],[-43.37069,-20.38816],[-43.36974,-20.38831],[-43.36688,-20.38814],[-43.36643,-20.3882],[-43.36605,-20.38836],[-43.36471,-20.38917],[-43.36425,-20.38931],[-43.36379,-20.38928],[-43.36342,-20.3891],[-43.36245,-20.38818],[-43.36177,-20.38762],[-43.36012,-20.38671],[-43.35892,-20.38626],[-43.35828,-20.38616],[-43.35735,-20.38616],[-43.35673,-20.38627],[-43.35493,-20.38702],[-43.35433,-20.38719],[-43.35376,-20.38717],[-43.35308,-20.38708],[-43.35254,-20.38691],[-43.35095,-20.38589],[-43.35069,-20.38566],[-43.35051,-20.38529],[-43.35044,-20.38421],[-43.35037,-20.38385],[-43.3502,-20.38353],[-43.34997,-20.38327],[-43.34901,-20.38252],[-43.34869,-20.38239],[-43.34826,-20.38241],[-43.34715,-20.38272],[-43.34666,-20.38272],[-43.34642,-20.38262],[-43.34584,-20.38217],[-43.34555,-20.38201],[-43.3451,-20.38196],[-43.34492,-20.38199],[-43.34385,-20.38244],[-43.34323,-20.38275],[-43.34283,-20.38304],[-43.34235,-20.38348],[-43.34211,-20.38365],[-43.34185,-20.38375],[-43.34016,-20.3839],[-43.3386,-20.38433],[-43.33638,-20.38413],[-43.33547,-20.38389],[-43.33509,-20.38364],[-43.33487,-20.38343],[-43.33464,-20.38313],[-43.33374,-20.38117],[-43.33342,-20.3809],[-43.3331,-20.38079],[-43.3315,-20.38073],[-43.33125,-20.38078],[-43.3309,-20.38097],[-43.33072,-20.38119],[-43.33063,-20.38141],[-43.33024,-20.38304],[-43.32996,-20.38359],[-43.32975,-20.38389],[-43.32925,-20.3844],[-43.3272,-20.38621],[-43.32691,-20.38643],[-43.32672,-20.38651],[-43.32647,-20.38656],[-43.32575,-20.38651],[-43.32556,-20.38645],[-43.32438,-20.38582],[-43.3236,-20.38554],[-43.31998,-20.38465],[-43.31945,-20.38471],[-43.31782,-20.38533],[-43.31679,-20.38534],[-43.31601,-20.38521],[-43.31548,-20.38497],[-43.31284,-20.38349],[-43.31247,-20.38318],[-43.31236,-20.38301],[-43.31229,-20.38278],[-43.31241,-20.38187],[-43.31242,-20.38161],[-43.31237,-20.38137],[-43.31226,-20.38116],[-43.31181,-20.38083],[-43.30966,-20.38046],[-43.30851,-20.38037],[-43.30815,-20.38027],[-43.30531,-20.37884],[-43.3055,-20.37863],[-43.30636,-20.37836],[-43.30702,-20.3779],[-43.30757,-20.37761],[-43.30801,-20.37728],[-43.30874,-20.377],[-43.30887,-20.37689],[-43.30901,-20.37657],[-43.30894,-20.37584],[-43.30902,-20.37552],[-43.309,-20.37516],[-43.3089,-20.37499],[-43.30839,-20.37446],[-43.30796,-20.37338],[-43.30785,-20.37322],[-43.30742,-20.37284],[-43.30692,-20.37258],[-43.30644,-20.37246],[-43.30629,-20.37237],[-43.30605,-20.3719],[-43.30604,-20.37165],[-43.30635,-20.37104],[-43.30642,-20.37069],[-43.30619,-20.36899],[-43.30642,-20.36875],[-43.3065,-20.36848],[-43.30639,-20.36788],[-43.30638,-20.36756],[-43.30689,-20.36663],[-43.30782,-20.36569],[-43.30862,-20.36534],[-43.30904,-20.36498],[-43.30954,-20.36466],[-43.30969,-20.36437],[-43.30967,-20.36401],[-43.30958,-20.36364],[-43.30944,-20.36332],[-43.30929,-20.36309],[-43.30874,-20.36257],[-43.30865,-20.36216],[-43.30864,-20.36173],[-43.30884,-20.36089],[-43.30906,-20.36036],[-43.30945,-20.35901],[-43.31002,-20.35743],[-43.31032,-20.35693],[-43.31038,-20.35674],[-43.31063,-20.35521],[-43.31068,-20.35445],[-43.31044,-20.35145],[-43.31049,-20.35123],[-43.31113,-20.34979],[-43.31116,-20.34931],[-43.311,-20.34902],[-43.31086,-20.34896],[-43.31031,-20.34889],[-43.30942,-20.34862],[-43.30912,-20.3484],[-43.30852,-20.34783],[-43.30742,-20.34743],[-43.30674,-20.34746],[-43.30612,-20.3474],[-43.3053,-20.34718],[-43.30502,-20.34698],[-43.30454,-20.3465],[-43.30411,-20.34638],[-43.30357,-20.34632],[-43.30315,-20.34636],[-43.30254,-20.34692],[-43.30209,-20.3471],[-43.3017,-20.34714],[-43.30091,-20.34704],[-43.30007,-20.3473],[-43.29946,-20.34729],[-43.29928,-20.34722],[-43.29893,-20.34688],[-43.29833,-20.34642],[-43.29708,-20.34591],[-43.29659,-20.34549],[-43.29569,-20.3445],[-43.29459,-20.34438],[-43.29408,-20.3445],[-43.29389,-20.34448],[-43.2937,-20.34437],[-43.29325,-20.34465],[-43.29282,-20.34509],[-43.292,-20.34549],[-43.29157,-20.34558],[-43.29072,-20.3452],[-43.28987,-20.34468],[-43.28824,-20.34441],[-43.28708,-20.34396],[-43.287,-20.34386],[-43.28699,-20.34375],[-43.28732,-20.34289],[-43.28731,-20.34264],[-43.2872,-20.34233],[-43.28673,-20.34168],[-43.28653,-20.34158],[-43.28621,-20.34155],[-43.2859,-20.34156],[-43.28509,-20.34175],[-43.28489,-20.34172],[-43.2848,-20.34168],[-43.28395,-20.34087],[-43.28349,-20.34032],[-43.28332,-20.3402],[-43.2827,-20.34004],[-43.28151,-20.33994],[-43.28132,-20.33996],[-43.27964,-20.34059],[-43.27933,-20.34067],[-43.27869,-20.3407],[-43.2782,-20.34096],[-43.27789,-20.34107],[-43.27735,-20.34109],[-43.27656,-20.34127],[-43.27601,-20.34133],[-43.27551,-20.3413],[-43.27226,-20.34223],[-43.27142,-20.34213],[-43.2712,-20.34203],[-43.27083,-20.34164],[-43.27025,-20.34077],[-43.26974,-20.34022],[-43.26951,-20.33959],[-43.26906,-20.33865],[-43.26822,-20.33738],[-43.26652,-20.33505],[-43.26627,-20.33486],[-43.26588,-20.33475],[-43.26536,-20.33449],[-43.26454,-20.3342],[-43.26424,-20.33423],[-43.26339,-20.33467],[-43.26274,-20.3348],[-43.26184,-20.33484],[-43.26135,-20.33499],[-43.26073,-20.33528],[-43.25991,-20.33605],[-43.25872,-20.33648],[-43.25839,-20.33675],[-43.25788,-20.33732],[-43.25764,-20.33745],[-43.25746,-20.33742],[-43.25732,-20.3373],[-43.25722,-20.33689],[-43.25726,-20.33643],[-43.2576,-20.33501],[-43.25757,-20.33442],[-43.25727,-20.33315],[-43.25656,-20.3314],[-43.2561,-20.33005],[-43.25558,-20.32905],[-43.25558,-20.32879],[-43.25563,-20.32863],[-43.25594,-20.32801],[-43.25632,-20.32702],[-43.25634,-20.32681],[-43.25622,-20.32592],[-43.25605,-20.32511],[-43.25594,-20.32494],[-43.25579,-20.32485],[-43.25494,-20.32482],[-43.25454,-20.32469],[-43.25387,-20.32385],[-43.25346,-20.32359],[-43.25253,-20.32316],[-43.25202,-20.32192],[-43.25107,-20.32114],[-43.25095,-20.32098],[-43.25088,-20.32074],[-43.25081,-20.31965],[-43.25088,-20.31886],[-43.25117,-20.31754],[-43.25122,-20.31686],[-43.25158,-20.31543],[-43.2519,-20.31442],[-43.25208,-20.31417],[-43.25218,-20.31411],[-43.25319,-20.31389],[-43.25346,-20.31328],[-43.25411,-20.3126],[-43.25421,-20.31229],[-43.25383,-20.31129],[-43.2532,-20.31044],[-43.25324,-20.31014],[-43.2532,-20.30991],[-43.253,-20.30978],[-43.25254,-20.30966],[-43.25227,-20.30943],[-43.252,-20.30812],[-43.25193,-20.30791],[-43.25171,-20.30757],[-43.25074,-20.30704],[-43.2501,-20.30692],[-43.24988,-20.3068],[-43.24879,-20.30563],[-43.24857,-20.30544],[-43.2484,-20.30536],[-43.24818,-20.30533],[-43.2479,-20.30542],[-43.24718,-20.30589],[-43.24695,-20.30596],[-43.24624,-20.30606],[-43.24587,-20.30601],[-43.24519,-20.30571],[-43.24454,-20.30568],[-43.24331,-20.30543],[-43.24304,-20.30528],[-43.24263,-20.30495],[-43.2422,-20.30451],[-43.24201,-20.30438],[-43.23988,-20.30368],[-43.23851,-20.30331],[-43.23825,-20.30319],[-43.23793,-20.30291],[-43.23724,-20.30195],[-43.23704,-20.3016],[-43.23706,-20.30126],[-43.23771,-20.30034],[-43.23788,-20.30005],[-43.2379,-20.29992],[-43.23783,-20.29962],[-43.23762,-20.29933],[-43.23749,-20.29924],[-43.23706,-20.29912],[-43.23614,-20.299],[-43.23525,-20.29903],[-43.23477,-20.29912],[-43.23449,-20.29927],[-43.23411,-20.29986],[-43.23352,-20.30055],[-43.23346,-20.3007],[-43.23348,-20.30111],[-43.23375,-20.30194],[-43.23372,-20.30237],[-43.23377,-20.30268],[-43.23373,-20.30284],[-43.2334,-20.30323],[-43.23288,-20.3036],[-43.23256,-20.30358],[-43.23235,-20.30346],[-43.2321,-20.3034],[-43.23168,-20.30349],[-43.23141,-20.30373],[-43.23127,-20.30421],[-43.23113,-20.30433],[-43.23071,-20.30438],[-43.23057,-20.30447],[-43.23029,-20.30525],[-43.23027,-20.30548],[-43.23034,-20.30577],[-43.2304,-20.30585],[-43.23002,-20.30656],[-43.22979,-20.30674],[-43.22913,-20.30675],[-43.22851,-20.30714],[-43.22817,-20.30715],[-43.22782,-20.30688],[-43.22731,-20.3069],[-43.22707,-20.30728],[-43.22656,-20.30731],[-43.22598,-20.30704],[-43.22483,-20.30711],[-43.22426,-20.30695],[-43.22398,-20.30644],[-43.22283,-20.30593],[-43.22219,-20.30585],[-43.22077,-20.30586],[-43.22033,-20.30591],[-43.2197,-20.30585],[-43.21859,-20.30598],[-43.21796,-20.30572],[-43.21755,-20.30605],[-43.21708,-20.30601],[-43.21631,-20.30534],[-43.21586,-20.30504],[-43.2145,-20.30375],[-43.21398,-20.30357],[-43.21373,-20.3032],[-43.21312,-20.3026],[-43.21297,-20.30209],[-43.21302,-20.30058],[-43.21288,-20.3003],[-43.21226,-20.30012],[-43.21216,-20.29989],[-43.21195,-20.29977],[-43.21151,-20.29964],[-43.21115,-20.29937],[-43.21068,-20.29922],[-43.20949,-20.29895],[-43.20857,-20.29896],[-43.20835,-20.29877],[-43.20707,-20.29819],[-43.20584,-20.29817],[-43.20491,-20.29917],[-43.20439,-20.2995],[-43.20416,-20.29946],[-43.20376,-20.29898],[-43.20327,-20.29905],[-43.20301,-20.29936],[-43.20282,-20.29977],[-43.20255,-20.29999],[-43.20182,-20.30005],[-43.20147,-20.29992],[-43.20085,-20.29988],[-43.20062,-20.29963],[-43.20054,-20.29918],[-43.20038,-20.29906],[-43.1996,-20.29875],[-43.19927,-20.29839],[-43.19885,-20.29821],[-43.1984,-20.29747],[-43.19799,-20.29715],[-43.19759,-20.29695],[-43.1969,-20.29673],[-43.19644,-20.29687],[-43.19572,-20.29728],[-43.19539,-20.29731],[-43.19477,-20.29705],[-43.19452,-20.2965],[-43.19381,-20.29618],[-43.19366,-20.29601],[-43.19335,-20.2958],[-43.19303,-20.29536],[-43.19297,-20.29509],[-43.19296,-20.29472],[-43.19315,-20.29426],[-43.19345,-20.29381],[-43.19357,-20.2933],[-43.19354,-20.29295],[-43.19358,-20.29261],[-43.19354,-20.29229],[-43.19344,-20.29205],[-43.19345,-20.2919],[-43.19364,-20.29139],[-43.19377,-20.29127],[-43.19394,-20.29051],[-43.19413,-20.29027],[-43.19448,-20.28901],[-43.19443,-20.28883],[-43.19345,-20.2881],[-43.19333,-20.28789],[-43.19333,-20.28776],[-43.19363,-20.28641],[-43.19388,-20.28591],[-43.19414,-20.28557],[-43.1944,-20.28439],[-43.19471,-20.28376],[-43.19475,-20.28337],[-43.19469,-20.28299],[-43.19456,-20.2826],[-43.19456,-20.28227],[-43.19461,-20.28187],[-43.19483,-20.28134]]},"properties":{"tipo":"rota","id":"MRN-R16","rota":"ROTA 16","municipio":"Mariana","id_saida":"MRN-S1","origem":"PONTO DE PARTIDA MARIANA","ueop":"52º BPM","cia":"239ª Cia PM","unidade":"239cia","bpm":"52bpm","modalidade":"NAO_INFORMADA","paradas":["MRN-1295"],"destinos":["POSTO DE SAÚDE DE PEDRAS"],"qtd_paradas":1,"urnas":1,"distancia_km":41.24,"tempo_min":49.7,"trechos":[{"km":41.24,"min":49.7}],"calculada":true,"distancia_via_m":502}},{"type":"Feature","geometry":{"type":"LineString","coordinates":[[-43.41735,-20.36882],[-43.41666,-20.373],[-43.41646,-20.37392],[-43.41644,-20.37442],[-43.41652,-20.37481],[-43.41672,-20.37516],[-43.41737,-20.37559],[-43.41755,-20.3758],[-43.4177,-20.37609],[-43.41786,-20.37621],[-43.41787,-20.37634],[-43.41678,-20.37672],[-43.41535,-20.37713],[-43.41512,-20.37641],[-43.41457,-20.37607],[-43.41444,-20.3765],[-43.41351,-20.37627],[-43.41344,-20.37647],[-43.41344,-20.37672],[-43.41275,-20.37696],[-43.41202,-20.37737],[-43.4113,-20.37751],[-43.41103,-20.37773],[-43.4099,-20.37835],[-43.40918,-20.37943],[-43.40908,-20.3797],[-43.4091,-20.38008],[-43.40926,-20.38041],[-43.41016,-20.3811],[-43.41047,-20.3814],[-43.41067,-20.38172],[-43.41078,-20.3821],[-43.4108,-20.38247],[-43.41075,-20.38276],[-43.41045,-20.38332],[-43.40908,-20.38452],[-43.40872,-20.38472],[-43.40852,-20.38475],[-43.40808,-20.38467],[-43.4075,-20.38426],[-43.40711,-20.38441],[-43.40671,-20.38417],[-43.40611,-20.38404],[-43.40518,-20.38408],[-43.4038,-20.38383],[-43.40329,-20.38386],[-43.4028,-20.38396],[-43.40228,-20.3842],[-43.4014,-20.38479],[-43.40107,-20.38491],[-43.39886,-20.38507],[-43.39832,-20.38533],[-43.39793,-20.38569],[-43.39769,-20.38613],[-43.39762,-20.3865],[-43.3976,-20.38714],[-43.39766,-20.38819],[-43.39755,-20.38863],[-43.39735,-20.38886],[-43.39702,-20.38902],[-43.39657,-20.38904],[-43.39624,-20.38892],[-43.39602,-20.38868],[-43.39583,-20.38832],[-43.39565,-20.38791],[-43.39563,-20.38749],[-43.3957,-20.38673],[-43.39554,-20.38592],[-43.39534,-20.38562],[-43.39503,-20.38545],[-43.39422,-20.38534],[-43.39265,-20.38554],[-43.39225,-20.3855],[-43.39204,-20.38543],[-43.39182,-20.38529],[-43.39159,-20.385],[-43.39099,-20.38389],[-43.39073,-20.38353],[-43.3905,-20.38334],[-43.39025,-20.38326],[-43.38987,-20.38327],[-43.38937,-20.38342],[-43.3889,-20.38366],[-43.38854,-20.38377],[-43.38833,-20.38377],[-43.38813,-20.3837],[-43.38782,-20.38347],[-43.38632,-20.38179],[-43.38601,-20.38155],[-43.38561,-20.38143],[-43.38531,-20.38142],[-43.38499,-20.3815],[-43.38251,-20.38288],[-43.38208,-20.383],[-43.38149,-20.38305],[-43.3813,-20.38303],[-43.38052,-20.38273],[-43.38015,-20.38269],[-43.37994,-20.38274],[-43.37843,-20.3835],[-43.37798,-20.38384],[-43.37785,-20.38413],[-43.37802,-20.38525],[-43.37801,-20.38543],[-43.37794,-20.38566],[-43.37761,-20.38606],[-43.37726,-20.38618],[-43.37523,-20.38619],[-43.37486,-20.38623],[-43.37445,-20.38639],[-43.37218,-20.38761],[-43.37131,-20.38799],[-43.37069,-20.38816],[-43.36974,-20.38831],[-43.36688,-20.38814],[-43.36643,-20.3882],[-43.36605,-20.38836],[-43.36471,-20.38917],[-43.36425,-20.38931],[-43.36379,-20.38928],[-43.36342,-20.3891],[-43.36245,-20.38818],[-43.36177,-20.38762],[-43.36012,-20.38671],[-43.35892,-20.38626],[-43.35828,-20.38616],[-43.35735,-20.38616],[-43.35673,-20.38627],[-43.35493,-20.38702],[-43.35433,-20.38719],[-43.35376,-20.38717],[-43.35308,-20.38708],[-43.35254,-20.38691],[-43.35095,-20.38589],[-43.35069,-20.38566],[-43.35051,-20.38529],[-43.35044,-20.38421],[-43.35037,-20.38385],[-43.3502,-20.38353],[-43.34997,-20.38327],[-43.34901,-20.38252],[-43.34869,-20.38239],[-43.34826,-20.38241],[-43.34715,-20.38272],[-43.34666,-20.38272],[-43.34642,-20.38262],[-43.34584,-20.38217],[-43.34555,-20.38201],[-43.3451,-20.38196],[-43.34492,-20.38199],[-43.34385,-20.38244],[-43.34323,-20.38275],[-43.34283,-20.38304],[-43.34235,-20.38348],[-43.34211,-20.38365],[-43.34185,-20.38375],[-43.34016,-20.3839],[-43.3386,-20.38433],[-43.33638,-20.38413],[-43.33547,-20.38389],[-43.33509,-20.38364],[-43.33487,-20.38343],[-43.33464,-20.38313],[-43.33374,-20.38117],[-43.33342,-20.3809],[-43.3331,-20.38079],[-43.3315,-20.38073],[-43.33125,-20.38078],[-43.3309,-20.38097],[-43.33072,-20.38119],[-43.33063,-20.38141],[-43.33024,-20.38304],[-43.32996,-20.38359],[-43.32975,-20.38389],[-43.32925,-20.3844],[-43.3272,-20.38621],[-43.32691,-20.38643],[-43.32672,-20.38651],[-43.32647,-20.38656],[-43.32575,-20.38651],[-43.32556,-20.38645],[-43.32438,-20.38582],[-43.3236,-20.38554],[-43.31998,-20.38465],[-43.31945,-20.38471],[-43.31782,-20.38533],[-43.31714,-20.38536],[-43.31619,-20.38526],[-43.31548,-20.38497],[-43.31284,-20.38349],[-43.31247,-20.38318],[-43.31236,-20.38301],[-43.31229,-20.38278],[-43.31241,-20.38187],[-43.31242,-20.38161],[-43.31237,-20.38137],[-43.31226,-20.38116],[-43.31181,-20.38083],[-43.30966,-20.38046],[-43.30851,-20.38037],[-43.30815,-20.38027],[-43.30531,-20.37884],[-43.3055,-20.37863],[-43.30636,-20.37836],[-43.30702,-20.3779],[-43.30757,-20.37761],[-43.30801,-20.37728],[-43.30874,-20.377],[-43.30887,-20.37689],[-43.30901,-20.37657],[-43.30894,-20.37584],[-43.30902,-20.37552],[-43.309,-20.37516],[-43.3089,-20.37499],[-43.30839,-20.37446],[-43.30796,-20.37338],[-43.30785,-20.37322],[-43.30742,-20.37284],[-43.30692,-20.37258],[-43.30644,-20.37246],[-43.30629,-20.37237],[-43.30605,-20.3719],[-43.30604,-20.37165],[-43.30635,-20.37104],[-43.30642,-20.37069],[-43.30619,-20.36899],[-43.30642,-20.36875],[-43.3065,-20.36848],[-43.30639,-20.36788],[-43.30638,-20.36756],[-43.30689,-20.36663],[-43.30782,-20.36569],[-43.30862,-20.36534],[-43.30904,-20.36498],[-43.30954,-20.36466],[-43.30969,-20.36437],[-43.30967,-20.36401],[-43.30958,-20.36364],[-43.30944,-20.36332],[-43.30929,-20.36309],[-43.30874,-20.36257],[-43.30865,-20.36216],[-43.30864,-20.36173],[-43.30884,-20.36089],[-43.30906,-20.36036],[-43.30945,-20.35901],[-43.31002,-20.35743],[-43.31032,-20.35693],[-43.31038,-20.35674],[-43.31063,-20.35521],[-43.31068,-20.35445],[-43.31044,-20.35145],[-43.31049,-20.35123],[-43.31113,-20.34979],[-43.31117,-20.34945],[-43.3111,-20.34915],[-43.311,-20.34902],[-43.31086,-20.34896],[-43.31031,-20.34889],[-43.30942,-20.34862],[-43.30912,-20.3484],[-43.30852,-20.34783],[-43.30742,-20.34743],[-43.30674,-20.34746],[-43.30612,-20.3474],[-43.3053,-20.34718],[-43.30502,-20.34698],[-43.30454,-20.3465],[-43.30411,-20.34638],[-43.30357,-20.34632],[-43.30315,-20.34636],[-43.30254,-20.34692],[-43.30209,-20.3471],[-43.3017,-20.34714],[-43.30091,-20.34704],[-43.30007,-20.3473],[-43.29946,-20.34729],[-43.29928,-20.34722],[-43.29893,-20.34688],[-43.29833,-20.34642],[-43.29708,-20.34591],[-43.29681,-20.34571],[-43.29632,-20.34518]]},"properties":{"tipo":"rota","id":"MRN-R17","rota":"ROTA 17","municipio":"Mariana","id_saida":"MRN-S1","origem":"PONTO DE PARTIDA MARIANA","ueop":"52º BPM","cia":"239ª Cia PM","unidade":"239cia","bpm":"52bpm","modalidade":"NAO_INFORMADA","paradas":["MRN-1309"],"destinos":["ESCOLA MUNICIPAL JADIR MACEDO MONSENHOR HORTA"],"qtd_paradas":1,"urnas":4,"distancia_km":22.11,"tempo_min":24.1,"trechos":[{"km":22.11,"min":24.1}],"calculada":true,"distancia_via_m":43}},{"type":"Feature","geometry":{"type":"LineString","coordinates":[[-43.41735,-20.36882],[-43.41666,-20.373],[-43.41646,-20.37392],[-43.41644,-20.37442],[-43.41652,-20.37481],[-43.41672,-20.37516],[-43.41737,-20.37559],[-43.41755,-20.3758],[-43.4177,-20.37609],[-43.41786,-20.37621],[-43.41787,-20.37634],[-43.41678,-20.37672],[-43.41535,-20.37713],[-43.41512,-20.37641],[-43.41457,-20.37607],[-43.41444,-20.3765],[-43.41351,-20.37627],[-43.41344,-20.37647],[-43.41344,-20.37672],[-43.41275,-20.37696],[-43.41202,-20.37737],[-43.4113,-20.37751],[-43.41103,-20.37773],[-43.4099,-20.37835],[-43.40918,-20.37943],[-43.40908,-20.3797],[-43.4091,-20.38008],[-43.40926,-20.38041],[-43.41016,-20.3811],[-43.41047,-20.3814],[-43.41067,-20.38172],[-43.41078,-20.3821],[-43.4108,-20.38247],[-43.41075,-20.38276],[-43.41045,-20.38332],[-43.40908,-20.38452],[-43.40872,-20.38472],[-43.40852,-20.38475],[-43.40808,-20.38467],[-43.4075,-20.38426],[-43.40711,-20.38441],[-43.40671,-20.38417],[-43.40611,-20.38404],[-43.40518,-20.38408],[-43.4038,-20.38383],[-43.40329,-20.38386],[-43.4028,-20.38396],[-43.40228,-20.3842],[-43.4014,-20.38479],[-43.40107,-20.38491],[-43.39886,-20.38507],[-43.39832,-20.38533],[-43.39793,-20.38569],[-43.39769,-20.38613],[-43.39762,-20.3865],[-43.3976,-20.38714],[-43.39766,-20.38819],[-43.39755,-20.38863],[-43.39735,-20.38886],[-43.39702,-20.38902],[-43.39657,-20.38904],[-43.39624,-20.38892],[-43.39602,-20.38868],[-43.39583,-20.38832],[-43.39565,-20.38791],[-43.39563,-20.38749],[-43.3957,-20.38673],[-43.39554,-20.38592],[-43.39534,-20.38562],[-43.39503,-20.38545],[-43.39422,-20.38534],[-43.39265,-20.38554],[-43.39225,-20.3855],[-43.39204,-20.38543],[-43.39182,-20.38529],[-43.39159,-20.385],[-43.39099,-20.38389],[-43.39073,-20.38353],[-43.3905,-20.38334],[-43.39025,-20.38326],[-43.38987,-20.38327],[-43.38937,-20.38342],[-43.3889,-20.38366],[-43.38854,-20.38377],[-43.38833,-20.38377],[-43.38813,-20.3837],[-43.38782,-20.38347],[-43.38632,-20.38179],[-43.38601,-20.38155],[-43.38561,-20.38143],[-43.38531,-20.38142],[-43.38499,-20.3815],[-43.38251,-20.38288],[-43.38208,-20.383],[-43.38149,-20.38305],[-43.3813,-20.38303],[-43.38052,-20.38273],[-43.38015,-20.38269],[-43.37994,-20.38274],[-43.37843,-20.3835],[-43.37798,-20.38384],[-43.37785,-20.38413],[-43.37802,-20.38525],[-43.37801,-20.38543],[-43.37794,-20.38566],[-43.37761,-20.38606],[-43.37726,-20.38618],[-43.37523,-20.38619],[-43.37486,-20.38623],[-43.37445,-20.38639],[-43.37218,-20.38761],[-43.37131,-20.38799],[-43.37069,-20.38816],[-43.36974,-20.38831],[-43.36688,-20.38814],[-43.36643,-20.3882],[-43.36605,-20.38836],[-43.36471,-20.38917],[-43.36425,-20.38931],[-43.36379,-20.38928],[-43.36342,-20.3891],[-43.36245,-20.38818],[-43.36177,-20.38762],[-43.36012,-20.38671],[-43.35892,-20.38626],[-43.35828,-20.38616],[-43.35735,-20.38616],[-43.35673,-20.38627],[-43.35493,-20.38702],[-43.35433,-20.38719],[-43.35376,-20.38717],[-43.35308,-20.38708],[-43.35254,-20.38691],[-43.35095,-20.38589],[-43.35069,-20.38566],[-43.35051,-20.38529],[-43.35044,-20.38421],[-43.35037,-20.38385],[-43.3502,-20.38353],[-43.34997,-20.38327],[-43.34901,-20.38252],[-43.34869,-20.38239],[-43.34826,-20.38241],[-43.34715,-20.38272],[-43.34666,-20.38272],[-43.34642,-20.38262],[-43.34584,-20.38217],[-43.34555,-20.38201],[-43.3451,-20.38196],[-43.34492,-20.38199],[-43.34385,-20.38244],[-43.34323,-20.38275],[-43.34283,-20.38304],[-43.34235,-20.38348],[-43.34211,-20.38365],[-43.34185,-20.38375],[-43.34016,-20.3839],[-43.3386,-20.38433],[-43.33638,-20.38413],[-43.33547,-20.38389],[-43.33509,-20.38364],[-43.33487,-20.38343],[-43.33464,-20.38313],[-43.33374,-20.38117],[-43.33342,-20.3809],[-43.3331,-20.38079],[-43.3315,-20.38073],[-43.33125,-20.38078],[-43.3309,-20.38097],[-43.33072,-20.38119],[-43.33063,-20.38141],[-43.33024,-20.38304],[-43.32996,-20.38359],[-43.32975,-20.38389],[-43.32925,-20.3844],[-43.3272,-20.38621],[-43.32691,-20.38643],[-43.32672,-20.38651],[-43.32647,-20.38656],[-43.32575,-20.38651],[-43.32556,-20.38645],[-43.32438,-20.38582],[-43.3236,-20.38554],[-43.31998,-20.38465],[-43.31945,-20.38471],[-43.31782,-20.38533],[-43.31714,-20.38536],[-43.31619,-20.38526],[-43.31548,-20.38497],[-43.31284,-20.38349],[-43.31247,-20.38318],[-43.31236,-20.38301],[-43.31229,-20.38278],[-43.31241,-20.38187],[-43.31242,-20.38161],[-43.31237,-20.38137],[-43.31226,-20.38116],[-43.31181,-20.38083],[-43.30966,-20.38046],[-43.30851,-20.38037],[-43.30815,-20.38027],[-43.30531,-20.37884],[-43.3055,-20.37863],[-43.30636,-20.37836],[-43.30702,-20.3779],[-43.30757,-20.37761],[-43.30801,-20.37728],[-43.30874,-20.377],[-43.30887,-20.37689],[-43.30901,-20.37657],[-43.30894,-20.37584],[-43.30902,-20.37552],[-43.309,-20.37516],[-43.3089,-20.37499],[-43.30839,-20.37446],[-43.30796,-20.37338],[-43.30785,-20.37322],[-43.30742,-20.37284],[-43.30692,-20.37258],[-43.30644,-20.37246],[-43.30629,-20.37237],[-43.30605,-20.3719],[-43.30604,-20.37165],[-43.30635,-20.37104],[-43.30642,-20.37069],[-43.30619,-20.36899],[-43.30642,-20.36875],[-43.3065,-20.36848],[-43.30639,-20.36788],[-43.30638,-20.36756],[-43.30689,-20.36663],[-43.30782,-20.36569],[-43.30862,-20.36534],[-43.30904,-20.36498],[-43.30954,-20.36466],[-43.30969,-20.36437],[-43.30967,-20.36401],[-43.30958,-20.36364],[-43.30944,-20.36332],[-43.30929,-20.36309],[-43.30874,-20.36257],[-43.30865,-20.36216],[-43.30864,-20.36173],[-43.30884,-20.36089],[-43.30906,-20.36036],[-43.30945,-20.35901],[-43.31002,-20.35743],[-43.31032,-20.35693],[-43.31038,-20.35674],[-43.31063,-20.35521],[-43.31068,-20.35445],[-43.31044,-20.35145],[-43.31049,-20.35123],[-43.31113,-20.34979],[-43.31116,-20.34931],[-43.311,-20.34902],[-43.31086,-20.34896],[-43.31031,-20.34889],[-43.30942,-20.34862],[-43.30912,-20.3484],[-43.30852,-20.34783],[-43.30742,-20.34743],[-43.30674,-20.34746],[-43.30612,-20.3474],[-43.3053,-20.34718],[-43.30502,-20.34698],[-43.30454,-20.3465],[-43.30411,-20.34638],[-43.30357,-20.34632],[-43.30315,-20.34636],[-43.30254,-20.34692],[-43.30209,-20.3471],[-43.3017,-20.34714],[-43.30091,-20.34704],[-43.30007,-20.3473],[-43.29946,-20.34729],[-43.29928,-20.34722],[-43.29893,-20.34688],[-43.29833,-20.34642],[-43.29708,-20.34591],[-43.29659,-20.34549],[-43.29569,-20.3445],[-43.29459,-20.34438],[-43.29408,-20.3445],[-43.29389,-20.34448],[-43.2937,-20.34437],[-43.29325,-20.34465],[-43.29282,-20.34509],[-43.292,-20.34549],[-43.29157,-20.34558],[-43.29072,-20.3452],[-43.28987,-20.34468],[-43.28824,-20.34441],[-43.28708,-20.34396],[-43.287,-20.34386],[-43.28699,-20.34375],[-43.28732,-20.34289],[-43.28731,-20.34264],[-43.2872,-20.34233],[-43.28673,-20.34168],[-43.28653,-20.34158],[-43.28621,-20.34155],[-43.2859,-20.34156],[-43.28509,-20.34175],[-43.28489,-20.34172],[-43.2848,-20.34168],[-43.28395,-20.34087],[-43.28349,-20.34032],[-43.28332,-20.3402],[-43.2827,-20.34004],[-43.28151,-20.33994],[-43.28132,-20.33996],[-43.27964,-20.34059],[-43.27933,-20.34067],[-43.27869,-20.3407],[-43.2782,-20.34096],[-43.27789,-20.34107],[-43.27735,-20.34109],[-43.27656,-20.34127],[-43.27601,-20.34133],[-43.27551,-20.3413],[-43.27226,-20.34223],[-43.27142,-20.34213],[-43.2712,-20.34203],[-43.27083,-20.34164],[-43.27025,-20.34077],[-43.26974,-20.34022],[-43.26951,-20.33959],[-43.26906,-20.33865],[-43.26822,-20.33738],[-43.26652,-20.33505],[-43.26627,-20.33486],[-43.26588,-20.33475],[-43.26536,-20.33449],[-43.26454,-20.3342],[-43.26424,-20.33423],[-43.26339,-20.33467],[-43.26274,-20.3348],[-43.26184,-20.33484],[-43.26135,-20.33499],[-43.26073,-20.33528],[-43.25991,-20.33605],[-43.25872,-20.33648],[-43.25839,-20.33675],[-43.25788,-20.33732],[-43.25764,-20.33745],[-43.25746,-20.33742],[-43.25732,-20.3373],[-43.25722,-20.33689],[-43.25726,-20.33643],[-43.2576,-20.33501],[-43.25757,-20.33442],[-43.25727,-20.33315],[-43.25656,-20.3314],[-43.2561,-20.33005],[-43.25558,-20.32905],[-43.25558,-20.32879],[-43.25563,-20.32863],[-43.25594,-20.32801],[-43.25626,-20.3272],[-43.25634,-20.32681],[-43.2561,-20.32524],[-43.25594,-20.32494],[-43.25579,-20.32485],[-43.25494,-20.32482],[-43.25454,-20.32469],[-43.25387,-20.32385],[-43.25346,-20.32359],[-43.25253,-20.32316],[-43.25197,-20.32186],[-43.25107,-20.32114],[-43.25048,-20.32091],[-43.2501,-20.32043],[-43.24977,-20.31976],[-43.24948,-20.31951],[-43.24823,-20.31947],[-43.24791,-20.3196],[-43.24744,-20.32002],[-43.24662,-20.32049],[-43.24637,-20.32048],[-43.24613,-20.32041],[-43.24486,-20.31947],[-43.24339,-20.31922],[-43.24286,-20.31899],[-43.24178,-20.31837],[-43.24135,-20.31776],[-43.24081,-20.31736],[-43.23965,-20.316],[-43.23931,-20.31594],[-43.23903,-20.31621],[-43.23878,-20.31659],[-43.23703,-20.31874],[-43.23614,-20.31967],[-43.23555,-20.32019],[-43.2352,-20.32171],[-43.23527,-20.32195],[-43.23622,-20.32338],[-43.23631,-20.32383],[-43.23633,-20.32456],[-43.23669,-20.32573]]},"properties":{"tipo":"rota","id":"MRN-R18","rota":"ROTA 18","municipio":"Mariana","id_saida":"MRN-S1","origem":"PONTO DE PARTIDA MARIANA","ueop":"52º BPM","cia":"239ª Cia PM","unidade":"239cia","bpm":"52bpm","modalidade":"NAO_INFORMADA","paradas":["MRN-1694"],"destinos":["ESCOLA MUNICIPAL DE NOVO PARACATU DE BAIXO"],"qtd_paradas":1,"urnas":1,"distancia_km":32.2,"tempo_min":38.7,"trechos":[{"km":32.2,"min":38.7}],"calculada":true,"distancia_via_m":18}},{"type":"Feature","geometry":{"type":"LineString","coordinates":[[-43.41735,-20.36882],[-43.41729,-20.36929],[-43.41634,-20.36913],[-43.41654,-20.36727],[-43.41652,-20.36698],[-43.41628,-20.36648],[-43.41575,-20.36421],[-43.41602,-20.36389],[-43.41628,-20.36373],[-43.41665,-20.3634],[-43.41665,-20.36328],[-43.41645,-20.36278],[-43.41664,-20.36245],[-43.41646,-20.36189],[-43.41645,-20.36156],[-43.41615,-20.36152],[-43.41576,-20.36095],[-43.41546,-20.36071],[-43.41487,-20.3605],[-43.41468,-20.36047],[-43.41431,-20.36051],[-43.41375,-20.36075],[-43.41294,-20.36133],[-43.41259,-20.36142],[-43.41204,-20.36137],[-43.41056,-20.36093],[-43.40859,-20.36101],[-43.4083,-20.36093],[-43.40792,-20.36066],[-43.40781,-20.36048],[-43.40756,-20.35962],[-43.40745,-20.35945],[-43.40715,-20.3592],[-43.40673,-20.35903],[-43.40659,-20.359],[-43.40625,-20.35903],[-43.40522,-20.3593],[-43.40486,-20.35927],[-43.404,-20.35897],[-43.40297,-20.35908],[-43.40282,-20.35906],[-43.40241,-20.35886],[-43.40167,-20.3583],[-43.40051,-20.3577],[-43.40005,-20.35762],[-43.3992,-20.35789],[-43.39869,-20.35797],[-43.3983,-20.35786],[-43.3972,-20.35718],[-43.39683,-20.35704],[-43.39661,-20.35704],[-43.39621,-20.35715],[-43.39596,-20.35735],[-43.39564,-20.35808],[-43.39549,-20.3588],[-43.39523,-20.35918],[-43.39493,-20.35936],[-43.39458,-20.35942],[-43.39406,-20.3593],[-43.39366,-20.35931],[-43.39345,-20.35941],[-43.39314,-20.35971],[-43.3927,-20.36082],[-43.39268,-20.36104],[-43.3928,-20.36197],[-43.39278,-20.36219],[-43.39251,-20.36271],[-43.39214,-20.36319],[-43.39085,-20.36425],[-43.39065,-20.36435],[-43.39005,-20.36443],[-43.38926,-20.3644],[-43.3888,-20.36446],[-43.38842,-20.36467],[-43.38816,-20.36497],[-43.38806,-20.36517],[-43.388,-20.36545],[-43.38793,-20.36635],[-43.38797,-20.36661],[-43.38805,-20.36678],[-43.38843,-20.36733],[-43.38849,-20.36753],[-43.38844,-20.36792],[-43.38821,-20.36826],[-43.38785,-20.36855],[-43.38697,-20.36906],[-43.38642,-20.3693],[-43.38503,-20.36966],[-43.3847,-20.3697],[-43.38232,-20.36964],[-43.3819,-20.36948],[-43.38146,-20.36911],[-43.38105,-20.36889],[-43.37977,-20.36869],[-43.37941,-20.36877],[-43.3788,-20.36908],[-43.37847,-20.36913],[-43.37718,-20.36888],[-43.37628,-20.36833],[-43.37614,-20.36818],[-43.37569,-20.36725],[-43.37543,-20.36712],[-43.37497,-20.36704],[-43.37482,-20.36685],[-43.37402,-20.3654],[-43.37361,-20.36414],[-43.37359,-20.36397],[-43.37377,-20.36334],[-43.37373,-20.36319],[-43.3728,-20.36127],[-43.37268,-20.36114],[-43.37226,-20.36088],[-43.37162,-20.3602],[-43.37121,-20.35937],[-43.36998,-20.3578],[-43.36973,-20.35761],[-43.36895,-20.3574],[-43.36867,-20.35721],[-43.36856,-20.35644],[-43.36824,-20.35575],[-43.36824,-20.35564],[-43.36674,-20.35433],[-43.36528,-20.35316],[-43.36411,-20.35205],[-43.36351,-20.352],[-43.36328,-20.3517],[-43.36302,-20.35159],[-43.36225,-20.35156],[-43.36167,-20.35135],[-43.36093,-20.35131],[-43.3608,-20.35103],[-43.36039,-20.35075],[-43.36004,-20.35036],[-43.35997,-20.34983],[-43.36007,-20.34968],[-43.36092,-20.34933],[-43.36142,-20.34926],[-43.36218,-20.34929],[-43.36244,-20.34916],[-43.36254,-20.34897],[-43.36235,-20.34842],[-43.36218,-20.34823],[-43.36166,-20.34806],[-43.3613,-20.34767],[-43.3611,-20.34668],[-43.36139,-20.34592],[-43.36137,-20.34564],[-43.361,-20.34462],[-43.36106,-20.34422],[-43.36084,-20.34393],[-43.36081,-20.34379],[-43.36088,-20.34357],[-43.36111,-20.34328],[-43.3617,-20.34281],[-43.36251,-20.3425],[-43.36282,-20.34233],[-43.36303,-20.34202],[-43.36312,-20.34163],[-43.36279,-20.34087],[-43.36272,-20.34035],[-43.36257,-20.34017],[-43.36252,-20.34],[-43.36276,-20.33949],[-43.36315,-20.3394],[-43.36326,-20.33931],[-43.36334,-20.3388],[-43.36328,-20.33836],[-43.3631,-20.33812],[-43.3627,-20.33802],[-43.36259,-20.33794],[-43.36249,-20.33744],[-43.36258,-20.33712],[-43.36224,-20.33629],[-43.36224,-20.33602],[-43.36241,-20.33584],[-43.36292,-20.33564],[-43.36329,-20.33533],[-43.36344,-20.33518],[-43.36353,-20.33482],[-43.36353,-20.33458],[-43.36322,-20.33402],[-43.36299,-20.33375],[-43.36246,-20.33331],[-43.36227,-20.33307],[-43.36223,-20.33257],[-43.36156,-20.33086],[-43.36126,-20.33061],[-43.36091,-20.33048],[-43.36078,-20.33033],[-43.36082,-20.32928],[-43.36075,-20.32898],[-43.3605,-20.32875],[-43.36004,-20.32862],[-43.35974,-20.32844],[-43.35969,-20.32825],[-43.35985,-20.32799],[-43.35975,-20.32739],[-43.35978,-20.3271],[-43.36069,-20.32655],[-43.36091,-20.32627],[-43.36101,-20.32583],[-43.36144,-20.32544],[-43.36207,-20.32522],[-43.36226,-20.32505],[-43.36217,-20.32469],[-43.36214,-20.32424],[-43.36222,-20.32314],[-43.36218,-20.32288],[-43.36162,-20.32265],[-43.36143,-20.32243],[-43.36099,-20.32217],[-43.3609,-20.32208],[-43.36089,-20.32196],[-43.36105,-20.32185],[-43.36133,-20.32189],[-43.36196,-20.32186],[-43.36227,-20.32177],[-43.36287,-20.32126],[-43.36347,-20.32105],[-43.36362,-20.32089],[-43.36407,-20.32084],[-43.36444,-20.32046],[-43.36483,-20.32022],[-43.36512,-20.31997],[-43.36542,-20.32002],[-43.36556,-20.31996],[-43.36564,-20.31972],[-43.36585,-20.31946],[-43.36618,-20.3194],[-43.36627,-20.31951],[-43.36627,-20.31998],[-43.36633,-20.32009],[-43.36643,-20.32012],[-43.36652,-20.32005],[-43.36665,-20.31982],[-43.36677,-20.31945],[-43.36683,-20.31894],[-43.36635,-20.31884],[-43.36619,-20.31874],[-43.36605,-20.31872],[-43.36535,-20.31885],[-43.36497,-20.31879],[-43.36459,-20.31883],[-43.3639,-20.31915],[-43.36334,-20.31927],[-43.36265,-20.31901],[-43.36227,-20.31844],[-43.36167,-20.3182],[-43.36088,-20.31827],[-43.36026,-20.31811],[-43.35941,-20.31807],[-43.35911,-20.31816],[-43.35889,-20.31803],[-43.35858,-20.31757],[-43.35788,-20.31713],[-43.35755,-20.31713],[-43.35742,-20.31659],[-43.35725,-20.31643],[-43.35676,-20.31628],[-43.35641,-20.31627],[-43.35603,-20.31665],[-43.35591,-20.31656],[-43.35572,-20.31551],[-43.35493,-20.31457],[-43.35478,-20.31419],[-43.35454,-20.3139],[-43.35395,-20.31353],[-43.35366,-20.31346],[-43.35332,-20.31361],[-43.35268,-20.3141],[-43.35241,-20.31404],[-43.35218,-20.31405],[-43.35191,-20.31427],[-43.35168,-20.31461],[-43.35133,-20.31466],[-43.35112,-20.31447],[-43.351,-20.31387],[-43.35111,-20.31351],[-43.3514,-20.31312],[-43.35178,-20.3128],[-43.35188,-20.31258],[-43.35181,-20.31236],[-43.35157,-20.3123],[-43.35105,-20.31228],[-43.35055,-20.31213],[-43.35039,-20.31218],[-43.35027,-20.31237],[-43.35032,-20.31278],[-43.35014,-20.31314],[-43.35002,-20.3132],[-43.3499,-20.31315],[-43.34987,-20.31297],[-43.34997,-20.31262],[-43.34966,-20.31219],[-43.34935,-20.31194],[-43.3493,-20.31164],[-43.34839,-20.31119],[-43.3476,-20.31069],[-43.3462,-20.31001],[-43.34594,-20.30969],[-43.34575,-20.30859],[-43.34536,-20.30745],[-43.34516,-20.30736],[-43.34431,-20.30737],[-43.34377,-20.30696],[-43.34338,-20.30677],[-43.34288,-20.30629],[-43.34261,-20.30547],[-43.34183,-20.30515],[-43.34164,-20.30501],[-43.34114,-20.30489],[-43.34102,-20.30447],[-43.34118,-20.30419],[-43.34145,-20.3039],[-43.34145,-20.30368],[-43.3407,-20.30336],[-43.3402,-20.30328],[-43.33921,-20.30272],[-43.33893,-20.30277],[-43.33879,-20.30256],[-43.33832,-20.3027],[-43.33817,-20.30252],[-43.33815,-20.30178],[-43.33837,-20.30152],[-43.33821,-20.30108],[-43.33725,-20.30083],[-43.33677,-20.30092],[-43.33667,-20.30115],[-43.33513,-20.30081],[-43.33419,-20.30159],[-43.33335,-20.30166],[-43.33285,-20.30214],[-43.33203,-20.30232],[-43.33122,-20.30182],[-43.3307,-20.30129],[-43.33013,-20.30096],[-43.33001,-20.30046],[-43.33,-20.29978],[-43.32934,-20.29924],[-43.32816,-20.29859],[-43.32696,-20.29864],[-43.32643,-20.29849],[-43.32577,-20.29889],[-43.32515,-20.29883],[-43.32464,-20.2987],[-43.32312,-20.29908],[-43.32246,-20.29913],[-43.32296,-20.29866],[-43.32328,-20.29728],[-43.32311,-20.2967],[-43.32298,-20.29583],[-43.323,-20.29517],[-43.32295,-20.29468],[-43.32247,-20.2936],[-43.32222,-20.29331],[-43.32181,-20.29315],[-43.32141,-20.29261],[-43.32104,-20.29228],[-43.32095,-20.29194],[-43.32096,-20.29118],[-43.32089,-20.29065],[-43.3201,-20.28952],[-43.31993,-20.28905],[-43.31997,-20.28841],[-43.31978,-20.28804],[-43.31958,-20.28785],[-43.31814,-20.28743],[-43.31726,-20.28587],[-43.31672,-20.28501],[-43.31671,-20.2848],[-43.31642,-20.28384],[-43.31616,-20.28372],[-43.31566,-20.28379],[-43.3149,-20.28412],[-43.31453,-20.28421],[-43.31384,-20.28423],[-43.31371,-20.28404],[-43.31374,-20.28367],[-43.31365,-20.28351],[-43.31192,-20.28283],[-43.31064,-20.28199],[-43.30972,-20.28117],[-43.3096,-20.28085],[-43.30941,-20.27929],[-43.30875,-20.27846],[-43.30839,-20.27827],[-43.30775,-20.27806],[-43.30735,-20.27807],[-43.30688,-20.27791],[-43.30646,-20.27785],[-43.30558,-20.27781],[-43.30532,-20.27765],[-43.3051,-20.27728],[-43.30484,-20.27706],[-43.30472,-20.27661],[-43.30485,-20.27633],[-43.305,-20.27618],[-43.30531,-20.2761],[-43.30549,-20.27569],[-43.30543,-20.27548],[-43.30522,-20.27533],[-43.30494,-20.27503],[-43.30468,-20.27487],[-43.30429,-20.27478],[-43.30403,-20.27465],[-43.30379,-20.2744],[-43.30365,-20.27417],[-43.30342,-20.27407],[-43.3032,-20.27406],[-43.30308,-20.27395],[-43.30305,-20.27374],[-43.30312,-20.27359],[-43.30335,-20.27342],[-43.30331,-20.27326],[-43.30317,-20.27308],[-43.30264,-20.27287],[-43.30188,-20.27169],[-43.30148,-20.27164],[-43.30119,-20.27146],[-43.30093,-20.27075],[-43.30072,-20.2705],[-43.30048,-20.26985],[-43.30023,-20.26941],[-43.3001,-20.26927],[-43.29982,-20.26918],[-43.29968,-20.26922],[-43.29953,-20.26934],[-43.2991,-20.27006],[-43.29875,-20.27022],[-43.29856,-20.27025],[-43.29832,-20.27046],[-43.29802,-20.2705],[-43.29789,-20.27043],[-43.2973,-20.27029],[-43.29728,-20.2702],[-43.29707,-20.27033]]},"properties":{"tipo":"rota","id":"MRN-R19","rota":"ROTA 19","municipio":"Mariana","id_saida":"MRN-S1","origem":"PONTO DE PARTIDA MARIANA","ueop":"52º BPM","cia":"239ª Cia PM","unidade":"239cia","bpm":"52bpm","modalidade":"NAO_INFORMADA","paradas":["MRN-1325"],"destinos":["SALÃO COMUNITÁRIO DE PONTE DO GAMA"],"qtd_paradas":1,"urnas":1,"distancia_km":26.48,"tempo_min":48.3,"trechos":[{"km":26.48,"min":48.3}],"calculada":true,"distancia_via_m":20}},{"type":"Feature","geometry":{"type":"LineString","coordinates":[[-43.41735,-20.36882],[-43.41666,-20.373],[-43.41646,-20.37392],[-43.41644,-20.37442],[-43.41652,-20.37481],[-43.41672,-20.37516],[-43.41737,-20.37559],[-43.41755,-20.3758],[-43.4177,-20.37609],[-43.41786,-20.37621],[-43.41789,-20.37632],[-43.41678,-20.37672],[-43.41535,-20.37713],[-43.41512,-20.37641],[-43.41457,-20.37607],[-43.41444,-20.3765],[-43.41351,-20.37627],[-43.41344,-20.37647],[-43.41344,-20.37672],[-43.41275,-20.37696],[-43.41202,-20.37737],[-43.4113,-20.37751],[-43.41103,-20.37773],[-43.4099,-20.37835],[-43.40918,-20.37943],[-43.40908,-20.3797],[-43.4091,-20.38008],[-43.40926,-20.38041],[-43.41016,-20.3811],[-43.41047,-20.3814],[-43.41067,-20.38172],[-43.41078,-20.3821],[-43.4108,-20.38247],[-43.41075,-20.38276],[-43.41045,-20.38332],[-43.40908,-20.38452],[-43.40872,-20.38472],[-43.40852,-20.38475],[-43.40808,-20.38467],[-43.4075,-20.38426],[-43.40711,-20.38441],[-43.40671,-20.38417],[-43.40611,-20.38404],[-43.40518,-20.38408],[-43.4038,-20.38383],[-43.40329,-20.38386],[-43.4028,-20.38396],[-43.40228,-20.3842],[-43.4014,-20.38479],[-43.40107,-20.38491],[-43.39886,-20.38507],[-43.39857,-20.38518],[-43.39812,-20.38549],[-43.39781,-20.38586],[-43.39769,-20.38613],[-43.39762,-20.3865],[-43.3976,-20.38714],[-43.39766,-20.38819],[-43.39755,-20.38863],[-43.39735,-20.38886],[-43.39702,-20.38902],[-43.39657,-20.38904],[-43.39624,-20.38892],[-43.39602,-20.38868],[-43.39565,-20.38791],[-43.39563,-20.38749],[-43.3957,-20.38673],[-43.39554,-20.38592],[-43.39534,-20.38562],[-43.39503,-20.38545],[-43.39422,-20.38534],[-43.39265,-20.38554],[-43.39225,-20.3855],[-43.39204,-20.38543],[-43.39182,-20.38529],[-43.39159,-20.385],[-43.39099,-20.38389],[-43.39073,-20.38353],[-43.3905,-20.38334],[-43.39025,-20.38326],[-43.38987,-20.38327],[-43.38937,-20.38342],[-43.3889,-20.38366],[-43.38854,-20.38377],[-43.38833,-20.38377],[-43.38813,-20.3837],[-43.38782,-20.38347],[-43.38632,-20.38179],[-43.38601,-20.38155],[-43.38577,-20.38146],[-43.38531,-20.38142],[-43.38499,-20.3815],[-43.38251,-20.38288],[-43.38208,-20.383],[-43.3813,-20.38303],[-43.38052,-20.38273],[-43.38015,-20.38269],[-43.37994,-20.38274],[-43.37843,-20.3835],[-43.37798,-20.38384],[-43.37785,-20.38413],[-43.37785,-20.38429],[-43.37802,-20.38525],[-43.37801,-20.38543],[-43.37794,-20.38566],[-43.37761,-20.38606],[-43.37726,-20.38618],[-43.37523,-20.38619],[-43.37486,-20.38623],[-43.37445,-20.38639],[-43.37218,-20.38761],[-43.37131,-20.38799],[-43.37069,-20.38816],[-43.36974,-20.38831],[-43.36688,-20.38814],[-43.36643,-20.3882],[-43.36605,-20.38836],[-43.36471,-20.38917],[-43.36425,-20.38931],[-43.36379,-20.38928],[-43.36342,-20.3891],[-43.36245,-20.38818],[-43.36177,-20.38762],[-43.36012,-20.38671],[-43.35932,-20.38638],[-43.35811,-20.38838],[-43.35742,-20.38927],[-43.35723,-20.38975],[-43.35705,-20.39056],[-43.35692,-20.3909],[-43.35664,-20.39133],[-43.35622,-20.39181],[-43.35423,-20.39273],[-43.35371,-20.39311],[-43.35348,-20.39348],[-43.35329,-20.39418],[-43.35367,-20.39441],[-43.35324,-20.39467],[-43.35325,-20.3949],[-43.35312,-20.39493]]},"properties":{"tipo":"rota","id":"MRN-R20","rota":"ROTA 20","municipio":"Mariana","id_saida":"MRN-S1","origem":"PONTO DE PARTIDA MARIANA","ueop":"52º BPM","cia":"239ª Cia PM","unidade":"239cia","bpm":"52bpm","modalidade":"NAO_INFORMADA","paradas":["MRN-1333"],"destinos":["ESCOLA ESTADUAL PADRE VIEGAS"],"qtd_paradas":1,"urnas":3,"distancia_km":10.72,"tempo_min":13.5,"trechos":[{"km":10.72,"min":13.5}],"calculada":true,"distancia_via_m":10}},{"type":"Feature","geometry":{"type":"LineString","coordinates":[[-43.41735,-20.36882],[-43.41666,-20.373],[-43.41646,-20.37392],[-43.41644,-20.37442],[-43.41652,-20.37481],[-43.41672,-20.37516],[-43.41737,-20.37559],[-43.41755,-20.3758],[-43.4177,-20.37609],[-43.41786,-20.37621],[-43.41787,-20.37634],[-43.41678,-20.37672],[-43.41535,-20.37713],[-43.41512,-20.37641],[-43.41457,-20.37607],[-43.41444,-20.3765],[-43.41351,-20.37627],[-43.41344,-20.37647],[-43.41344,-20.37672],[-43.41275,-20.37696],[-43.41202,-20.37737],[-43.4113,-20.37751],[-43.41103,-20.37773],[-43.4099,-20.37835],[-43.40918,-20.37943],[-43.40908,-20.3797],[-43.4091,-20.38008],[-43.40926,-20.38041],[-43.41016,-20.3811],[-43.41047,-20.3814],[-43.41067,-20.38172],[-43.41078,-20.3821],[-43.4108,-20.38247],[-43.41075,-20.38276],[-43.41045,-20.38332],[-43.40908,-20.38452],[-43.40872,-20.38472],[-43.40852,-20.38475],[-43.40808,-20.38467],[-43.4075,-20.38426],[-43.40711,-20.38441],[-43.40671,-20.38417],[-43.40611,-20.38404],[-43.40518,-20.38408],[-43.4038,-20.38383],[-43.40329,-20.38386],[-43.4028,-20.38396],[-43.40228,-20.3842],[-43.4014,-20.38479],[-43.40107,-20.38491],[-43.39886,-20.38507],[-43.39832,-20.38533],[-43.39793,-20.38569],[-43.39769,-20.38613],[-43.39762,-20.3865],[-43.3976,-20.38714],[-43.39766,-20.38819],[-43.39755,-20.38863],[-43.39735,-20.38886],[-43.39702,-20.38902],[-43.39657,-20.38904],[-43.39624,-20.38892],[-43.39602,-20.38868],[-43.39583,-20.38832],[-43.39565,-20.38791],[-43.39563,-20.38749],[-43.3957,-20.38673],[-43.39554,-20.38592],[-43.39534,-20.38562],[-43.39503,-20.38545],[-43.39422,-20.38534],[-43.39265,-20.38554],[-43.39225,-20.3855],[-43.39204,-20.38543],[-43.39182,-20.38529],[-43.39159,-20.385],[-43.39099,-20.38389],[-43.39073,-20.38353],[-43.3905,-20.38334],[-43.39025,-20.38326],[-43.38987,-20.38327],[-43.38937,-20.38342],[-43.3889,-20.38366],[-43.38854,-20.38377],[-43.38833,-20.38377],[-43.38813,-20.3837],[-43.38782,-20.38347],[-43.38632,-20.38179],[-43.38601,-20.38155],[-43.38561,-20.38143],[-43.38531,-20.38142],[-43.38499,-20.3815],[-43.38251,-20.38288],[-43.38208,-20.383],[-43.3813,-20.38303],[-43.38052,-20.38273],[-43.38015,-20.38269],[-43.37994,-20.38274],[-43.37843,-20.3835],[-43.37798,-20.38384],[-43.37785,-20.38413],[-43.37785,-20.38429],[-43.37802,-20.38525],[-43.37801,-20.38543],[-43.37794,-20.38566],[-43.37761,-20.38606],[-43.37726,-20.38618],[-43.37523,-20.38619],[-43.37486,-20.38623],[-43.37445,-20.38639],[-43.37218,-20.38761],[-43.37131,-20.38799],[-43.37069,-20.38816],[-43.36974,-20.38831],[-43.36688,-20.38814],[-43.36643,-20.3882],[-43.36605,-20.38836],[-43.36471,-20.38917],[-43.36425,-20.38931],[-43.36379,-20.38928],[-43.36342,-20.3891],[-43.36245,-20.38818],[-43.36177,-20.38762],[-43.36012,-20.38671],[-43.35932,-20.38638],[-43.35811,-20.38838],[-43.35742,-20.38927],[-43.35723,-20.38975],[-43.35705,-20.39056],[-43.35692,-20.3909],[-43.35664,-20.39133],[-43.35622,-20.39181],[-43.35423,-20.39273],[-43.35371,-20.39311],[-43.35348,-20.39348],[-43.35329,-20.39418],[-43.353,-20.39418],[-43.35133,-20.39376],[-43.35023,-20.39333],[-43.34998,-20.39337],[-43.34919,-20.394],[-43.34869,-20.3943],[-43.34786,-20.3947],[-43.34665,-20.39503],[-43.34609,-20.39535],[-43.34583,-20.39568],[-43.34528,-20.3968],[-43.34483,-20.39725],[-43.3445,-20.3978],[-43.34416,-20.39823],[-43.34371,-20.39951],[-43.34344,-20.39998],[-43.34333,-20.40039],[-43.34342,-20.40073],[-43.34365,-20.40116],[-43.3442,-20.40195],[-43.34429,-20.40236],[-43.34423,-20.4028],[-43.34414,-20.40293],[-43.34339,-20.40344],[-43.34252,-20.4036],[-43.34231,-20.4037],[-43.34178,-20.4041],[-43.34155,-20.40433],[-43.34144,-20.40459],[-43.34141,-20.40487],[-43.3415,-20.40542],[-43.34148,-20.4057],[-43.34137,-20.40608],[-43.34092,-20.40681],[-43.34076,-20.40744],[-43.34052,-20.40767],[-43.34019,-20.40786],[-43.33946,-20.408],[-43.33916,-20.40835],[-43.33892,-20.40911],[-43.33909,-20.40958],[-43.33963,-20.41],[-43.33995,-20.41052],[-43.34006,-20.41098],[-43.34004,-20.41134],[-43.33984,-20.41237],[-43.33967,-20.41268],[-43.33932,-20.41313],[-43.33935,-20.4136],[-43.33953,-20.41385],[-43.33977,-20.41395],[-43.33982,-20.41413],[-43.33981,-20.41435],[-43.33968,-20.41452],[-43.33925,-20.41464],[-43.33896,-20.41498],[-43.33866,-20.41554],[-43.33832,-20.41639],[-43.33799,-20.41698],[-43.33796,-20.41725],[-43.33807,-20.41805],[-43.33798,-20.41827],[-43.33767,-20.41865],[-43.33764,-20.41948],[-43.33727,-20.41994],[-43.33639,-20.42086],[-43.33623,-20.42088],[-43.33594,-20.42065],[-43.33562,-20.42062],[-43.33473,-20.42135],[-43.33451,-20.42164],[-43.33449,-20.42199],[-43.33513,-20.42225],[-43.33525,-20.42234],[-43.33529,-20.42267],[-43.33534,-20.42274],[-43.33576,-20.42299],[-43.33576,-20.42311],[-43.33565,-20.42323],[-43.33534,-20.42331],[-43.33508,-20.42315],[-43.33492,-20.42316],[-43.33458,-20.42351],[-43.334,-20.4235],[-43.33335,-20.42335],[-43.33307,-20.42335],[-43.33286,-20.42338],[-43.33251,-20.42352],[-43.33228,-20.42416],[-43.3323,-20.42431],[-43.33242,-20.42456],[-43.33245,-20.42479],[-43.33241,-20.42494],[-43.33232,-20.42505],[-43.33185,-20.42526],[-43.33162,-20.42555],[-43.33139,-20.42559],[-43.33128,-20.42555],[-43.33117,-20.42538],[-43.3312,-20.42515],[-43.33106,-20.42487],[-43.33069,-20.42473],[-43.33026,-20.42506],[-43.33001,-20.42516],[-43.32886,-20.42492],[-43.32853,-20.4249],[-43.32808,-20.42497],[-43.32783,-20.42494],[-43.32701,-20.4243],[-43.32619,-20.4241],[-43.32541,-20.42405],[-43.32415,-20.42424],[-43.32308,-20.42468],[-43.32284,-20.42497],[-43.32258,-20.42553],[-43.32262,-20.42605],[-43.32228,-20.42701],[-43.3223,-20.42783],[-43.32225,-20.42798],[-43.32217,-20.42808],[-43.32203,-20.42815],[-43.32187,-20.42818],[-43.32149,-20.42811],[-43.32129,-20.42816],[-43.32108,-20.42862],[-43.32098,-20.42898],[-43.32118,-20.42987],[-43.32111,-20.43063],[-43.32054,-20.43085],[-43.31997,-20.4307],[-43.31974,-20.43049],[-43.31965,-20.43014],[-43.31951,-20.42994],[-43.31851,-20.42933],[-43.31833,-20.42927],[-43.31793,-20.42929],[-43.31706,-20.42985],[-43.31645,-20.42979],[-43.31618,-20.42982],[-43.31608,-20.43004],[-43.3161,-20.43046],[-43.31634,-20.43107],[-43.3164,-20.43137],[-43.31629,-20.43162],[-43.31592,-20.43179],[-43.31568,-20.43179],[-43.31536,-20.43166],[-43.31515,-20.43173],[-43.31505,-20.43183],[-43.31487,-20.43238],[-43.31487,-20.43259],[-43.31496,-20.43273],[-43.31514,-20.43289],[-43.31571,-20.43312],[-43.31587,-20.43337],[-43.3158,-20.43358],[-43.31563,-20.43374],[-43.3155,-20.43395],[-43.3154,-20.43471],[-43.31519,-20.43517],[-43.31502,-20.43607],[-43.3146,-20.43708],[-43.31441,-20.43741],[-43.31413,-20.43744],[-43.31335,-20.43726],[-43.31318,-20.43728],[-43.31276,-20.43765],[-43.31244,-20.43766],[-43.31181,-20.43745],[-43.31147,-20.43745],[-43.3111,-20.43735],[-43.31054,-20.43691],[-43.31023,-20.43687],[-43.31011,-20.43695],[-43.31003,-20.43713],[-43.30972,-20.43803],[-43.30949,-20.43835],[-43.3091,-20.43858],[-43.3087,-20.43862],[-43.30823,-20.43858],[-43.30559,-20.43806],[-43.30512,-20.43806],[-43.3048,-20.43819],[-43.30423,-20.43921],[-43.30401,-20.43947],[-43.30351,-20.4403],[-43.30303,-20.44067],[-43.30254,-20.44133],[-43.30224,-20.44199],[-43.30224,-20.44213],[-43.30181,-20.4423]]},"properties":{"tipo":"rota","id":"MRN-R21","rota":"ROTA 21","municipio":"Mariana","id_saida":"MRN-S1","origem":"PONTO DE PARTIDA MARIANA","ueop":"52º BPM","cia":"239ª Cia PM","unidade":"239cia","bpm":"52bpm","modalidade":"NAO_INFORMADA","paradas":["MRN-1341"],"destinos":["ESCOLA MUNICIPAL DE BARRO BRANCO"],"qtd_paradas":1,"urnas":2,"distancia_km":21.19,"tempo_min":29.0,"trechos":[{"km":21.19,"min":29.0}],"calculada":true,"distancia_via_m":96}},{"type":"Feature","geometry":{"type":"LineString","coordinates":[[-43.41735,-20.36882],[-43.41666,-20.373],[-43.41646,-20.37392],[-43.41644,-20.37442],[-43.41652,-20.37481],[-43.41672,-20.37516],[-43.41737,-20.37559],[-43.41755,-20.3758],[-43.4177,-20.37609],[-43.41786,-20.37621],[-43.41789,-20.37632],[-43.41678,-20.37672],[-43.41535,-20.37713],[-43.41512,-20.37641],[-43.41457,-20.37607],[-43.41444,-20.3765],[-43.41351,-20.37627],[-43.41344,-20.37647],[-43.41344,-20.37672],[-43.41275,-20.37696],[-43.41202,-20.37737],[-43.4113,-20.37751],[-43.41103,-20.37773],[-43.4099,-20.37835],[-43.40918,-20.37943],[-43.40908,-20.3797],[-43.4091,-20.38008],[-43.40926,-20.38041],[-43.41016,-20.3811],[-43.41047,-20.3814],[-43.41067,-20.38172],[-43.41078,-20.3821],[-43.4108,-20.38247],[-43.41075,-20.38276],[-43.41045,-20.38332],[-43.40908,-20.38452],[-43.40872,-20.38472],[-43.40852,-20.38475],[-43.40808,-20.38467],[-43.4075,-20.38426],[-43.40711,-20.38441],[-43.40671,-20.38417],[-43.40611,-20.38404],[-43.40518,-20.38408],[-43.4038,-20.38383],[-43.40329,-20.38386],[-43.4028,-20.38396],[-43.40228,-20.3842],[-43.4014,-20.38479],[-43.40107,-20.38491],[-43.39886,-20.38507],[-43.39857,-20.38518],[-43.39812,-20.38549],[-43.39781,-20.38586],[-43.39769,-20.38613],[-43.39762,-20.3865],[-43.3976,-20.38714],[-43.39766,-20.38819],[-43.39755,-20.38863],[-43.39735,-20.38886],[-43.39702,-20.38902],[-43.39657,-20.38904],[-43.39624,-20.38892],[-43.39602,-20.38868],[-43.39565,-20.38791],[-43.39563,-20.38749],[-43.3957,-20.38673],[-43.39554,-20.38592],[-43.39534,-20.38562],[-43.39503,-20.38545],[-43.39422,-20.38534],[-43.39265,-20.38554],[-43.39225,-20.3855],[-43.39204,-20.38543],[-43.39182,-20.38529],[-43.39159,-20.385],[-43.39099,-20.38389],[-43.39073,-20.38353],[-43.3905,-20.38334],[-43.39025,-20.38326],[-43.38987,-20.38327],[-43.38937,-20.38342],[-43.3889,-20.38366],[-43.38854,-20.38377],[-43.38833,-20.38377],[-43.38813,-20.3837],[-43.38782,-20.38347],[-43.38632,-20.38179],[-43.38601,-20.38155],[-43.38577,-20.38146],[-43.38531,-20.38142],[-43.38499,-20.3815],[-43.38251,-20.38288],[-43.38208,-20.383],[-43.3813,-20.38303],[-43.38052,-20.38273],[-43.38015,-20.38269],[-43.37994,-20.38274],[-43.37843,-20.3835],[-43.37798,-20.38384],[-43.37785,-20.38413],[-43.37785,-20.38429],[-43.37802,-20.38525],[-43.37801,-20.38543],[-43.37794,-20.38566],[-43.37761,-20.38606],[-43.37726,-20.38618],[-43.37523,-20.38619],[-43.37486,-20.38623],[-43.37445,-20.38639],[-43.37218,-20.38761],[-43.37131,-20.38799],[-43.37069,-20.38816],[-43.36974,-20.38831],[-43.36688,-20.38814],[-43.36643,-20.3882],[-43.36605,-20.38836],[-43.36471,-20.38917],[-43.36425,-20.38931],[-43.36379,-20.38928],[-43.36342,-20.3891],[-43.36245,-20.38818],[-43.36177,-20.38762],[-43.36012,-20.38671],[-43.35932,-20.38638],[-43.35811,-20.38838],[-43.35742,-20.38927],[-43.35723,-20.38975],[-43.35705,-20.39056],[-43.35692,-20.3909],[-43.35664,-20.39133],[-43.35622,-20.39181],[-43.35423,-20.39273],[-43.35371,-20.39311],[-43.35348,-20.39348],[-43.35329,-20.39418],[-43.353,-20.39418],[-43.35133,-20.39376],[-43.35037,-20.39337],[-43.35014,-20.39332],[-43.34998,-20.39337],[-43.34976,-20.39352],[-43.34919,-20.394],[-43.34799,-20.39465],[-43.34665,-20.39503],[-43.34624,-20.39524],[-43.34609,-20.39535],[-43.34583,-20.39568],[-43.34528,-20.3968],[-43.34483,-20.39725],[-43.3445,-20.3978],[-43.34416,-20.39823],[-43.34371,-20.39951],[-43.34335,-20.40022],[-43.34333,-20.40039],[-43.34342,-20.40073],[-43.34365,-20.40116],[-43.3442,-20.40195],[-43.34429,-20.40236],[-43.34423,-20.4028],[-43.34414,-20.40293],[-43.34339,-20.40344],[-43.34252,-20.4036],[-43.34231,-20.4037],[-43.34178,-20.4041],[-43.34155,-20.40433],[-43.34144,-20.40459],[-43.34141,-20.40487],[-43.3415,-20.40542],[-43.34148,-20.4057],[-43.34137,-20.40608],[-43.34092,-20.40681],[-43.34076,-20.40744],[-43.34052,-20.40767],[-43.34019,-20.40786],[-43.33946,-20.408],[-43.33916,-20.40835],[-43.33892,-20.40911],[-43.33909,-20.40958],[-43.33963,-20.41],[-43.33995,-20.41052],[-43.34006,-20.41098],[-43.34004,-20.41134],[-43.33984,-20.41237],[-43.33967,-20.41268],[-43.33932,-20.41313],[-43.33935,-20.4136],[-43.33953,-20.41385],[-43.33977,-20.41395],[-43.33982,-20.41413],[-43.33981,-20.41435],[-43.33968,-20.41452],[-43.33925,-20.41464],[-43.33896,-20.41498],[-43.33866,-20.41554],[-43.33832,-20.41639],[-43.33799,-20.41698],[-43.33796,-20.41725],[-43.33807,-20.41805],[-43.33798,-20.41827],[-43.33767,-20.41865],[-43.33764,-20.41948],[-43.33727,-20.41994],[-43.33642,-20.42079],[-43.33632,-20.42108],[-43.33643,-20.42125],[-43.33733,-20.42195],[-43.33847,-20.42266],[-43.33872,-20.42289],[-43.33881,-20.42329],[-43.33876,-20.42375],[-43.33803,-20.42481],[-43.33794,-20.42503],[-43.33798,-20.42515],[-43.33816,-20.42538],[-43.33828,-20.42563],[-43.33841,-20.42628],[-43.3386,-20.42648],[-43.33894,-20.42662],[-43.33902,-20.42678],[-43.33907,-20.42718],[-43.33975,-20.42766],[-43.33989,-20.42801],[-43.34018,-20.42816],[-43.34069,-20.42831],[-43.34087,-20.42861],[-43.34076,-20.42903],[-43.34008,-20.42937],[-43.33962,-20.42981],[-43.33927,-20.42992],[-43.33913,-20.43006],[-43.33909,-20.43061],[-43.33894,-20.43081],[-43.33873,-20.4309],[-43.33821,-20.43091],[-43.33812,-20.43102],[-43.33821,-20.43132],[-43.33846,-20.43152],[-43.33865,-20.43177],[-43.33873,-20.43198],[-43.33872,-20.43223],[-43.33831,-20.43306],[-43.33827,-20.4334],[-43.33841,-20.43382],[-43.33825,-20.43418],[-43.33822,-20.43448],[-43.33841,-20.43522],[-43.33839,-20.43589],[-43.33832,-20.43637],[-43.33802,-20.43668],[-43.3379,-20.43701],[-43.33786,-20.4373],[-43.33791,-20.43764],[-43.33774,-20.43824],[-43.3377,-20.43861],[-43.33805,-20.43914],[-43.33795,-20.44008],[-43.33856,-20.44061],[-43.3386,-20.44077],[-43.33842,-20.44098],[-43.33774,-20.44137],[-43.33694,-20.44162],[-43.33588,-20.44176],[-43.33544,-20.44201],[-43.3352,-20.44222],[-43.33512,-20.44316],[-43.33513,-20.44356],[-43.33497,-20.44394],[-43.33496,-20.44411],[-43.33515,-20.44436],[-43.33527,-20.44482],[-43.33538,-20.44499],[-43.33556,-20.44503],[-43.33572,-20.44498],[-43.33582,-20.44483],[-43.33595,-20.44474],[-43.33649,-20.44475],[-43.33665,-20.44469],[-43.33697,-20.44408],[-43.33712,-20.44395],[-43.33745,-20.44396],[-43.33766,-20.44409],[-43.33781,-20.44428],[-43.33821,-20.44443],[-43.33832,-20.44488],[-43.33848,-20.44523],[-43.33877,-20.44558],[-43.33937,-20.44586],[-43.33974,-20.44609],[-43.34005,-20.44645],[-43.34092,-20.44712],[-43.34117,-20.44727],[-43.34184,-20.44753],[-43.34202,-20.44767],[-43.34208,-20.4478],[-43.34209,-20.44801],[-43.34182,-20.44885],[-43.34163,-20.44924],[-43.34168,-20.44977],[-43.34165,-20.4501],[-43.34119,-20.45118],[-43.3408,-20.45169],[-43.3407,-20.452],[-43.34077,-20.45255],[-43.34094,-20.45283],[-43.34138,-20.45295],[-43.34146,-20.45314],[-43.34156,-20.45365],[-43.34192,-20.45438],[-43.34189,-20.45458],[-43.34196,-20.45469],[-43.34222,-20.45486],[-43.34248,-20.45524],[-43.3425,-20.45553],[-43.34225,-20.45575],[-43.34214,-20.45592],[-43.34216,-20.45602],[-43.34234,-20.45612],[-43.34255,-20.45614],[-43.34262,-20.45625],[-43.34278,-20.45726],[-43.34345,-20.45774],[-43.34377,-20.45809],[-43.34393,-20.45842],[-43.34409,-20.45858],[-43.34456,-20.45891],[-43.34498,-20.45905],[-43.3454,-20.4594],[-43.34672,-20.45983],[-43.34696,-20.45987],[-43.3472,-20.45978],[-43.34763,-20.45943],[-43.34809,-20.45939],[-43.34848,-20.4593],[-43.34913,-20.45929],[-43.34925,-20.45937],[-43.34867,-20.45989],[-43.34842,-20.46002],[-43.34825,-20.46017],[-43.34767,-20.46103],[-43.34739,-20.46153],[-43.34743,-20.4617],[-43.34763,-20.46188],[-43.34794,-20.46202],[-43.34814,-20.46204],[-43.34829,-20.46195],[-43.34834,-20.46183],[-43.34831,-20.46154],[-43.34835,-20.46138],[-43.3485,-20.46117],[-43.34933,-20.46073],[-43.34959,-20.46048],[-43.34998,-20.46032],[-43.35028,-20.46024],[-43.35048,-20.46024],[-43.3508,-20.46033],[-43.35175,-20.46089],[-43.35173,-20.46107],[-43.35092,-20.46211],[-43.35047,-20.46238],[-43.35022,-20.4626],[-43.35001,-20.46287],[-43.35001,-20.46329],[-43.3499,-20.46343],[-43.34957,-20.4636],[-43.34882,-20.46388],[-43.3484,-20.46414],[-43.3479,-20.46455],[-43.34735,-20.4653],[-43.34664,-20.46598],[-43.34634,-20.46613],[-43.34591,-20.46621],[-43.34568,-20.46639],[-43.3454,-20.46727],[-43.34483,-20.46798],[-43.34448,-20.46886],[-43.34418,-20.46914],[-43.34311,-20.46961],[-43.34296,-20.46981],[-43.34288,-20.47015],[-43.34307,-20.47103],[-43.34308,-20.47142],[-43.34279,-20.47316],[-43.3427,-20.47329],[-43.34233,-20.47358],[-43.34224,-20.47377],[-43.34208,-20.4744],[-43.34173,-20.47497],[-43.34162,-20.47536],[-43.34155,-20.47593],[-43.34146,-20.47612],[-43.3407,-20.47688],[-43.33994,-20.47739],[-43.33975,-20.47747],[-43.33942,-20.47796],[-43.3394,-20.47827],[-43.3393,-20.47847],[-43.33905,-20.47877],[-43.33892,-20.47924],[-43.33892,-20.47961],[-43.33855,-20.48076],[-43.33836,-20.48095],[-43.338,-20.48108],[-43.33756,-20.48113],[-43.33755,-20.48143],[-43.33762,-20.48167],[-43.33785,-20.48182],[-43.33822,-20.48185]]},"properties":{"tipo":"rota","id":"MRN-R22","rota":"ROTA 22","municipio":"Mariana","id_saida":"MRN-S1","origem":"PONTO DE PARTIDA MARIANA","ueop":"52º BPM","cia":"239ª Cia PM","unidade":"239cia","bpm":"52bpm","modalidade":"NAO_INFORMADA","paradas":["MRN-1350"],"destinos":["ESCOLA MUNICIPAL DE MAINART"],"qtd_paradas":1,"urnas":1,"distancia_km":25.25,"tempo_min":35.0,"trechos":[{"km":25.25,"min":35.0}],"calculada":true,"distancia_via_m":41}},{"type":"Feature","geometry":{"type":"LineString","coordinates":[[-43.41735,-20.36882],[-43.41666,-20.373],[-43.41646,-20.37392],[-43.41644,-20.37442],[-43.41652,-20.37481],[-43.41672,-20.37516],[-43.41737,-20.37559],[-43.41755,-20.3758],[-43.4177,-20.37609],[-43.41786,-20.37621],[-43.41787,-20.37634],[-43.41678,-20.37672],[-43.41535,-20.37713],[-43.41512,-20.37641],[-43.41457,-20.37607],[-43.41444,-20.3765],[-43.41351,-20.37627],[-43.41344,-20.37647],[-43.41344,-20.37672],[-43.41275,-20.37696],[-43.41202,-20.37737],[-43.4113,-20.37751],[-43.41103,-20.37773],[-43.4099,-20.37835],[-43.40918,-20.37943],[-43.40908,-20.3797],[-43.4091,-20.38008],[-43.40926,-20.38041],[-43.41016,-20.3811],[-43.41047,-20.3814],[-43.41067,-20.38172],[-43.41078,-20.3821],[-43.4108,-20.38247],[-43.41075,-20.38276],[-43.41045,-20.38332],[-43.40908,-20.38452],[-43.40872,-20.38472],[-43.40852,-20.38475],[-43.40808,-20.38467],[-43.4075,-20.38426],[-43.40711,-20.38441],[-43.40671,-20.38417],[-43.40611,-20.38404],[-43.40518,-20.38408],[-43.4038,-20.38383],[-43.40329,-20.38386],[-43.4028,-20.38396],[-43.40228,-20.3842],[-43.4014,-20.38479],[-43.40107,-20.38491],[-43.39886,-20.38507],[-43.39832,-20.38533],[-43.39793,-20.38569],[-43.39769,-20.38613],[-43.39762,-20.3865],[-43.3976,-20.38714],[-43.39766,-20.38819],[-43.39755,-20.38863],[-43.39735,-20.38886],[-43.39702,-20.38902],[-43.39657,-20.38904],[-43.39624,-20.38892],[-43.39602,-20.38868],[-43.39583,-20.38832],[-43.39565,-20.38791],[-43.39563,-20.38749],[-43.3957,-20.38673],[-43.39554,-20.38592],[-43.39534,-20.38562],[-43.39503,-20.38545],[-43.39422,-20.38534],[-43.39265,-20.38554],[-43.39225,-20.3855],[-43.39204,-20.38543],[-43.39182,-20.38529],[-43.39159,-20.385],[-43.39099,-20.38389],[-43.39073,-20.38353],[-43.3905,-20.38334],[-43.39025,-20.38326],[-43.38987,-20.38327],[-43.38937,-20.38342],[-43.3889,-20.38366],[-43.38854,-20.38377],[-43.38833,-20.38377],[-43.38813,-20.3837],[-43.38782,-20.38347],[-43.38632,-20.38179],[-43.38601,-20.38155],[-43.38561,-20.38143],[-43.38531,-20.38142],[-43.38499,-20.3815],[-43.38251,-20.38288],[-43.38208,-20.383],[-43.3813,-20.38303],[-43.38052,-20.38273],[-43.38015,-20.38269],[-43.37994,-20.38274],[-43.37843,-20.3835],[-43.37798,-20.38384],[-43.37785,-20.38413],[-43.37785,-20.38429],[-43.37802,-20.38525],[-43.37801,-20.38543],[-43.37794,-20.38566],[-43.37761,-20.38606],[-43.37726,-20.38618],[-43.37523,-20.38619],[-43.37486,-20.38623],[-43.37445,-20.38639],[-43.37218,-20.38761],[-43.37131,-20.38799],[-43.37069,-20.38816],[-43.36974,-20.38831],[-43.36688,-20.38814],[-43.36643,-20.3882],[-43.36605,-20.38836],[-43.36471,-20.38917],[-43.36425,-20.38931],[-43.36379,-20.38928],[-43.36342,-20.3891],[-43.36245,-20.38818],[-43.36177,-20.38762],[-43.36012,-20.38671],[-43.35932,-20.38638],[-43.35811,-20.38838],[-43.35742,-20.38927],[-43.35723,-20.38975],[-43.35705,-20.39056],[-43.35692,-20.3909],[-43.35664,-20.39133],[-43.35622,-20.39181],[-43.35423,-20.39273],[-43.35371,-20.39311],[-43.35348,-20.39348],[-43.35329,-20.39418],[-43.353,-20.39418],[-43.35133,-20.39376],[-43.35037,-20.39337],[-43.35014,-20.39332],[-43.34998,-20.39337],[-43.34919,-20.394],[-43.34869,-20.3943],[-43.34786,-20.3947],[-43.34665,-20.39503],[-43.34609,-20.39535],[-43.34583,-20.39568],[-43.34528,-20.3968],[-43.34483,-20.39725],[-43.3445,-20.3978],[-43.34416,-20.39823],[-43.34371,-20.39951],[-43.34335,-20.40022],[-43.34333,-20.40039],[-43.34342,-20.40073],[-43.34365,-20.40116],[-43.3442,-20.40195],[-43.34429,-20.40236],[-43.34423,-20.4028],[-43.34414,-20.40293],[-43.34339,-20.40344],[-43.34252,-20.4036],[-43.34231,-20.4037],[-43.34178,-20.4041],[-43.34155,-20.40433],[-43.34144,-20.40459],[-43.34141,-20.40487],[-43.3415,-20.40542],[-43.34148,-20.4057],[-43.34137,-20.40608],[-43.34092,-20.40681],[-43.34076,-20.40744],[-43.34052,-20.40767],[-43.34019,-20.40786],[-43.33946,-20.408],[-43.33916,-20.40835],[-43.33892,-20.40911],[-43.33909,-20.40958],[-43.33963,-20.41],[-43.33995,-20.41052],[-43.34006,-20.41098],[-43.34004,-20.41134],[-43.33984,-20.41237],[-43.33967,-20.41268],[-43.33932,-20.41313],[-43.33935,-20.4136],[-43.33953,-20.41385],[-43.33977,-20.41395],[-43.33982,-20.41413],[-43.33981,-20.41435],[-43.33968,-20.41452],[-43.33925,-20.41464],[-43.33896,-20.41498],[-43.33866,-20.41554],[-43.33832,-20.41639],[-43.33799,-20.41698],[-43.33796,-20.41725],[-43.33807,-20.41805],[-43.33798,-20.41827],[-43.33767,-20.41865],[-43.33764,-20.41948],[-43.33727,-20.41994],[-43.33642,-20.42079],[-43.33632,-20.42108],[-43.33643,-20.42125],[-43.33733,-20.42195],[-43.33847,-20.42266],[-43.33872,-20.42289],[-43.33881,-20.42329],[-43.33876,-20.42375],[-43.33803,-20.42481],[-43.33794,-20.42503],[-43.33798,-20.42515],[-43.33816,-20.42538],[-43.33828,-20.42563],[-43.33841,-20.42628],[-43.3386,-20.42648],[-43.33894,-20.42662],[-43.33902,-20.42678],[-43.33907,-20.42718],[-43.33975,-20.42766],[-43.33989,-20.42801],[-43.34018,-20.42816],[-43.34069,-20.42831],[-43.34087,-20.42861],[-43.34076,-20.42903],[-43.34008,-20.42937],[-43.33962,-20.42981],[-43.33927,-20.42992],[-43.33913,-20.43006],[-43.33909,-20.43061],[-43.33894,-20.43081],[-43.33873,-20.4309],[-43.33821,-20.43091],[-43.33812,-20.43102],[-43.33821,-20.43132],[-43.33846,-20.43152],[-43.33865,-20.43177],[-43.33873,-20.43198],[-43.33872,-20.43223],[-43.33831,-20.43306],[-43.33827,-20.4334],[-43.33841,-20.43382],[-43.33825,-20.43418],[-43.33822,-20.43448],[-43.33841,-20.43522],[-43.33839,-20.43589],[-43.33832,-20.43637],[-43.33802,-20.43668],[-43.3379,-20.43701],[-43.33786,-20.4373],[-43.33791,-20.43764],[-43.33774,-20.43824],[-43.3377,-20.43861],[-43.33805,-20.43914],[-43.33795,-20.44008],[-43.33856,-20.44061],[-43.3386,-20.44077],[-43.33842,-20.44098],[-43.33774,-20.44137],[-43.33694,-20.44162],[-43.33588,-20.44176],[-43.33544,-20.44201],[-43.3352,-20.44222],[-43.33512,-20.44316],[-43.33513,-20.44356],[-43.33497,-20.44394],[-43.33496,-20.44411],[-43.33515,-20.44436],[-43.33527,-20.44482],[-43.33538,-20.44499],[-43.33556,-20.44503],[-43.33572,-20.44498],[-43.33582,-20.44483],[-43.33595,-20.44474],[-43.33649,-20.44475],[-43.33665,-20.44469],[-43.33697,-20.44408],[-43.33712,-20.44395],[-43.33745,-20.44396],[-43.33766,-20.44409],[-43.33781,-20.44428],[-43.33821,-20.44443],[-43.33832,-20.44488],[-43.33848,-20.44523],[-43.33877,-20.44558],[-43.33937,-20.44586],[-43.33974,-20.44609],[-43.34005,-20.44645],[-43.34092,-20.44712],[-43.34117,-20.44727],[-43.34184,-20.44753],[-43.34202,-20.44767],[-43.34208,-20.4478],[-43.34209,-20.44801],[-43.34182,-20.44885],[-43.34163,-20.44924],[-43.34168,-20.44977],[-43.34165,-20.4501],[-43.34119,-20.45118],[-43.3408,-20.45169],[-43.3407,-20.452],[-43.34077,-20.45255],[-43.34094,-20.45283],[-43.34138,-20.45295],[-43.34146,-20.45314],[-43.34156,-20.45365],[-43.34192,-20.45438],[-43.34189,-20.45458],[-43.34196,-20.45469],[-43.34222,-20.45486],[-43.34248,-20.45524],[-43.3425,-20.45553],[-43.34225,-20.45575],[-43.34214,-20.45592],[-43.34216,-20.45602],[-43.34234,-20.45612],[-43.34255,-20.45614],[-43.34262,-20.45625],[-43.34278,-20.45726],[-43.34345,-20.45774],[-43.34377,-20.45809],[-43.34393,-20.45842],[-43.34409,-20.45858],[-43.34456,-20.45891],[-43.34498,-20.45905],[-43.3454,-20.4594],[-43.34672,-20.45983],[-43.34696,-20.45987],[-43.3472,-20.45978],[-43.34763,-20.45943],[-43.34809,-20.45939],[-43.34848,-20.4593],[-43.34913,-20.45929],[-43.34925,-20.45937],[-43.34867,-20.45989],[-43.34842,-20.46002],[-43.34825,-20.46017],[-43.34767,-20.46103],[-43.34739,-20.46153],[-43.34743,-20.4617],[-43.34763,-20.46188],[-43.34794,-20.46202],[-43.34814,-20.46204],[-43.34829,-20.46195],[-43.34834,-20.46183],[-43.34831,-20.46154],[-43.34835,-20.46138],[-43.3485,-20.46117],[-43.34933,-20.46073],[-43.34959,-20.46048],[-43.34998,-20.46032],[-43.35028,-20.46024],[-43.35048,-20.46024],[-43.3508,-20.46033],[-43.35175,-20.46089],[-43.35173,-20.46107],[-43.35092,-20.46211],[-43.35047,-20.46238],[-43.35022,-20.4626],[-43.35001,-20.46287],[-43.35001,-20.46329],[-43.3499,-20.46343],[-43.34957,-20.4636],[-43.34882,-20.46388],[-43.3484,-20.46414],[-43.3479,-20.46455],[-43.34735,-20.4653],[-43.34664,-20.46598],[-43.34634,-20.46613],[-43.34591,-20.46621],[-43.34568,-20.46639],[-43.3454,-20.46727],[-43.34483,-20.46798],[-43.34448,-20.46886],[-43.34418,-20.46914],[-43.34311,-20.46961],[-43.34296,-20.46981],[-43.34288,-20.47015],[-43.34307,-20.47103],[-43.34308,-20.47142],[-43.34279,-20.47316],[-43.3427,-20.47329],[-43.34233,-20.47358],[-43.34224,-20.47377],[-43.34208,-20.4744],[-43.34173,-20.47497],[-43.34162,-20.47536],[-43.34155,-20.47593],[-43.34146,-20.47612],[-43.3407,-20.47688],[-43.33994,-20.47739],[-43.33975,-20.47747],[-43.33961,-20.47766],[-43.33942,-20.47796],[-43.3394,-20.47827],[-43.3393,-20.47847],[-43.33905,-20.47877],[-43.33892,-20.47924],[-43.33892,-20.47961],[-43.33855,-20.48076],[-43.33836,-20.48095],[-43.338,-20.48108],[-43.33756,-20.48113],[-43.33758,-20.48154],[-43.33762,-20.48167],[-43.33785,-20.48182],[-43.33842,-20.48187],[-43.33882,-20.48214],[-43.33931,-20.48157],[-43.33954,-20.48149],[-43.34001,-20.48118],[-43.34016,-20.48119],[-43.3403,-20.48127],[-43.34045,-20.48149],[-43.34059,-20.48192],[-43.34094,-20.48239],[-43.34106,-20.48267],[-43.34143,-20.48289],[-43.34161,-20.4831],[-43.34195,-20.48368],[-43.34204,-20.48413],[-43.34217,-20.48424],[-43.34252,-20.48422],[-43.34294,-20.48439],[-43.34317,-20.48477],[-43.34318,-20.48524],[-43.34326,-20.48545],[-43.3436,-20.48561],[-43.34379,-20.48599],[-43.34376,-20.4863],[-43.34289,-20.48709],[-43.34287,-20.48743],[-43.34304,-20.4876],[-43.34321,-20.48765],[-43.34347,-20.48763],[-43.34394,-20.48787],[-43.34415,-20.48788],[-43.34479,-20.48769],[-43.34505,-20.48772],[-43.34515,-20.48783],[-43.34512,-20.48865],[-43.34547,-20.48901],[-43.34542,-20.48921],[-43.34523,-20.48958],[-43.34511,-20.49027],[-43.34512,-20.49072],[-43.34532,-20.49096],[-43.34581,-20.49131],[-43.34709,-20.49154],[-43.34851,-20.49209],[-43.3491,-20.49246],[-43.3495,-20.49284],[-43.35048,-20.49337],[-43.3512,-20.49349],[-43.35192,-20.49368],[-43.35255,-20.49424],[-43.3529,-20.4948],[-43.35345,-20.49514],[-43.35385,-20.49509],[-43.35428,-20.49522],[-43.35472,-20.49529],[-43.35484,-20.49545],[-43.35484,-20.49572],[-43.35497,-20.49598],[-43.35493,-20.49622],[-43.35504,-20.49651],[-43.35512,-20.49657],[-43.35552,-20.49648],[-43.35584,-20.4965],[-43.3566,-20.49639],[-43.35791,-20.49654],[-43.35876,-20.49636],[-43.35933,-20.49641],[-43.35975,-20.49657],[-43.36039,-20.49658],[-43.36119,-20.49706],[-43.36169,-20.49696],[-43.36233,-20.49711],[-43.36282,-20.49714],[-43.36311,-20.49729],[-43.36397,-20.49799],[-43.36408,-20.49813],[-43.36381,-20.49898],[-43.36299,-20.4996],[-43.36229,-20.49975],[-43.36158,-20.49966],[-43.36102,-20.49965],[-43.3603,-20.49952],[-43.35953,-20.4996],[-43.35854,-20.4998],[-43.35842,-20.50004],[-43.35847,-20.50043],[-43.35864,-20.50085],[-43.35852,-20.5012],[-43.35842,-20.50178],[-43.35862,-20.50204],[-43.35926,-20.50208],[-43.35983,-20.50262],[-43.36209,-20.50281],[-43.36366,-20.50259],[-43.36395,-20.5027],[-43.36447,-20.50272],[-43.36513,-20.50283],[-43.36777,-20.50192],[-43.36868,-20.50145],[-43.36985,-20.5012],[-43.37054,-20.50122],[-43.37134,-20.50147],[-43.37228,-20.50148],[-43.37302,-20.50139],[-43.37515,-20.50146],[-43.37542,-20.5014],[-43.37596,-20.50115],[-43.37696,-20.5014],[-43.37769,-20.50139],[-43.37876,-20.50118],[-43.37966,-20.50134],[-43.38013,-20.50114],[-43.38056,-20.5008],[-43.38155,-20.50033],[-43.38164,-20.5002],[-43.38173,-20.49988],[-43.38177,-20.49988],[-43.38175,-20.50107],[-43.38181,-20.50157],[-43.3825,-20.50308],[-43.38282,-20.50435],[-43.3825,-20.50507],[-43.38267,-20.50537],[-43.38351,-20.50642],[-43.38406,-20.50661],[-43.38452,-20.50726],[-43.38438,-20.50778],[-43.38655,-20.5106],[-43.38653,-20.51104],[-43.38713,-20.51153],[-43.38741,-20.51329],[-43.3878,-20.51327],[-43.38851,-20.51446],[-43.38906,-20.5159],[-43.38915,-20.51619],[-43.38907,-20.51665],[-43.38915,-20.51723],[-43.38756,-20.51815],[-43.38697,-20.51907],[-43.38505,-20.51824],[-43.3846,-20.51838],[-43.38452,-20.52005],[-43.38454,-20.52067],[-43.38439,-20.52103],[-43.38409,-20.52089],[-43.38344,-20.52127],[-43.38306,-20.52188],[-43.38299,-20.5229],[-43.38269,-20.52388],[-43.38119,-20.52449],[-43.38053,-20.52459],[-43.38003,-20.52492],[-43.37999,-20.52527],[-43.38003,-20.52579],[-43.37988,-20.52605],[-43.37964,-20.52625],[-43.37902,-20.52696],[-43.3787,-20.52784],[-43.37832,-20.5287],[-43.37787,-20.52914],[-43.37735,-20.52955],[-43.37617,-20.52973],[-43.37619,-20.53032],[-43.37593,-20.53142],[-43.37565,-20.53183]]},"properties":{"tipo":"rota","id":"MRN-R23","rota":"ROTA 23","municipio":"Mariana","id_saida":"MRN-S1","origem":"PONTO DE PARTIDA MARIANA","ueop":"52º BPM","cia":"239ª Cia PM","unidade":"239cia","bpm":"52bpm","modalidade":"NAO_INFORMADA","paradas":["MRN-1368"],"destinos":["ESCOLA MUNICIPAL SERRA DO CARMO (POMBAL)"],"qtd_paradas":1,"urnas":2,"distancia_km":37.64,"tempo_min":53.8,"trechos":[{"km":37.64,"min":53.8}],"calculada":true,"distancia_via_m":108}},{"type":"Feature","geometry":{"type":"LineString","coordinates":[[-43.41735,-20.36882],[-43.41666,-20.373],[-43.41646,-20.37392],[-43.41644,-20.37442],[-43.41652,-20.37481],[-43.41672,-20.37516],[-43.41737,-20.37559],[-43.41755,-20.3758],[-43.4177,-20.37609],[-43.41803,-20.37634],[-43.41855,-20.37704],[-43.41972,-20.37913],[-43.4199,-20.37985],[-43.42039,-20.38075],[-43.42074,-20.38157],[-43.42082,-20.3816],[-43.42307,-20.38416],[-43.4239,-20.38504],[-43.42621,-20.3877],[-43.42668,-20.38813],[-43.42763,-20.38795],[-43.42812,-20.38799],[-43.42875,-20.38823],[-43.42978,-20.38887],[-43.43014,-20.38917],[-43.43039,-20.38959],[-43.43044,-20.39017],[-43.43034,-20.39096],[-43.43036,-20.39111],[-43.43048,-20.39137],[-43.43072,-20.39163],[-43.43111,-20.39177],[-43.43238,-20.39204],[-43.43299,-20.39227],[-43.43479,-20.39326],[-43.43567,-20.39381],[-43.43712,-20.39491],[-43.43732,-20.39496],[-43.43793,-20.39483],[-43.43811,-20.39474],[-43.43816,-20.39459],[-43.43862,-20.39389],[-43.43906,-20.39339],[-43.43906,-20.39323],[-43.43912,-20.39316],[-43.44033,-20.39254],[-43.44102,-20.39246],[-43.44179,-20.3927],[-43.44209,-20.39294],[-43.44246,-20.39333],[-43.44261,-20.39331],[-43.44297,-20.39354],[-43.4436,-20.3938],[-43.44347,-20.394],[-43.44345,-20.39436],[-43.44429,-20.39524]]},"properties":{"tipo":"rota","id":"MRN-R24","rota":"ROTA 24","municipio":"Mariana","id_saida":"MRN-S1","origem":"PONTO DE PARTIDA MARIANA","ueop":"52º BPM","cia":"239ª Cia PM","unidade":"239cia","bpm":"52bpm","modalidade":"NAO_INFORMADA","paradas":["MRN-1708"],"destinos":["ESCOLA MUNICIPAL AMÉLIA SANTOS"],"qtd_paradas":1,"urnas":8,"distancia_km":5.03,"tempo_min":7.8,"trechos":[{"km":5.03,"min":7.8}],"calculada":true,"distancia_via_m":10}},{"type":"Feature","geometry":{"type":"LineString","coordinates":[[-43.41735,-20.36882],[-43.41729,-20.36929],[-43.41634,-20.36913],[-43.41654,-20.36727],[-43.41652,-20.36698],[-43.41628,-20.36648],[-43.41575,-20.36421],[-43.41596,-20.36395],[-43.41628,-20.36373],[-43.41673,-20.36352],[-43.41675,-20.36342],[-43.41681,-20.3634],[-43.41687,-20.36345],[-43.4177,-20.36302],[-43.41884,-20.36232],[-43.419,-20.36196],[-43.41925,-20.36186],[-43.41932,-20.36178],[-43.41983,-20.36007],[-43.42001,-20.3597],[-43.42019,-20.35936],[-43.4208,-20.35858],[-43.42249,-20.35698],[-43.42632,-20.35374],[-43.42682,-20.35348],[-43.42745,-20.35332],[-43.42813,-20.35328],[-43.42932,-20.35338],[-43.43002,-20.35333],[-43.43025,-20.35324],[-43.43056,-20.35301],[-43.43079,-20.35263],[-43.4313,-20.35117],[-43.43193,-20.34911],[-43.43226,-20.34841],[-43.43274,-20.34799],[-43.43376,-20.34744],[-43.43689,-20.34601],[-43.43733,-20.34574],[-43.43752,-20.34554],[-43.43767,-20.34525],[-43.43777,-20.34482],[-43.43759,-20.34349],[-43.4376,-20.34323],[-43.43771,-20.34278],[-43.43805,-20.3421],[-43.44134,-20.33704],[-43.44176,-20.33668],[-43.44204,-20.33653],[-43.44485,-20.33519],[-43.44536,-20.33488],[-43.44604,-20.33438],[-43.44658,-20.33371],[-43.44707,-20.33288],[-43.44738,-20.33256],[-43.44834,-20.33102],[-43.4487,-20.33032],[-43.4488,-20.32986],[-43.44881,-20.32939],[-43.44866,-20.32882],[-43.44842,-20.3284],[-43.44793,-20.32792],[-43.44715,-20.32688],[-43.44696,-20.32648],[-43.44689,-20.32558],[-43.44704,-20.32428],[-43.44697,-20.32364],[-43.44702,-20.32332],[-43.447,-20.32307],[-43.44691,-20.3227],[-43.4467,-20.32233],[-43.44547,-20.32132],[-43.44525,-20.32103],[-43.4451,-20.32071],[-43.44507,-20.32036],[-43.44511,-20.32011],[-43.44526,-20.31981],[-43.44642,-20.31842],[-43.44675,-20.31784],[-43.447,-20.3176],[-43.44741,-20.3174],[-43.44778,-20.31715],[-43.44785,-20.31696],[-43.44784,-20.31667],[-43.44757,-20.31631],[-43.44756,-20.31614],[-43.44762,-20.31599],[-43.44788,-20.3157],[-43.44811,-20.31524],[-43.4484,-20.31513],[-43.4487,-20.31518],[-43.4492,-20.31557],[-43.44949,-20.31548],[-43.44972,-20.31527],[-43.44971,-20.31498],[-43.44956,-20.31475],[-43.44872,-20.31444],[-43.44856,-20.31432],[-43.44844,-20.31409],[-43.44849,-20.31383],[-43.4491,-20.31345],[-43.44966,-20.31341],[-43.45035,-20.31343],[-43.45066,-20.31326],[-43.45083,-20.31304],[-43.45113,-20.3118],[-43.4512,-20.31126],[-43.45115,-20.31102],[-43.45083,-20.31044],[-43.4506,-20.30902],[-43.45033,-20.30864],[-43.45011,-20.30804],[-43.45005,-20.30768],[-43.44981,-20.30709],[-43.44984,-20.30687],[-43.45009,-20.30644],[-43.45014,-20.30611],[-43.45,-20.30578],[-43.44971,-20.30544],[-43.44982,-20.30472],[-43.44962,-20.30449],[-43.44883,-20.3039],[-43.44866,-20.30368],[-43.44867,-20.30343],[-43.44876,-20.30315],[-43.44871,-20.3029],[-43.44857,-20.30274],[-43.4484,-20.30266],[-43.44789,-20.30257],[-43.44765,-20.30244],[-43.44747,-20.30226],[-43.44721,-20.30174],[-43.44714,-20.3015],[-43.44713,-20.30123],[-43.44807,-20.30035],[-43.44825,-20.30002],[-43.44834,-20.2991],[-43.449,-20.29793],[-43.44935,-20.29701],[-43.44952,-20.2968],[-43.44994,-20.29655],[-43.45027,-20.29644],[-43.45108,-20.29642],[-43.45151,-20.29651],[-43.45177,-20.29641],[-43.45204,-20.29618],[-43.45213,-20.29602],[-43.45215,-20.29581],[-43.45212,-20.29558],[-43.45188,-20.2951],[-43.45189,-20.29467],[-43.45196,-20.29431],[-43.45208,-20.29404],[-43.45209,-20.29377],[-43.45203,-20.29359],[-43.4519,-20.29338],[-43.45089,-20.29242],[-43.45089,-20.29223],[-43.45098,-20.29205],[-43.45141,-20.29176],[-43.45152,-20.29162],[-43.45148,-20.29143],[-43.45133,-20.2913],[-43.45073,-20.29143],[-43.45053,-20.29138],[-43.45034,-20.29121],[-43.45028,-20.2911],[-43.4503,-20.29096],[-43.45048,-20.29056],[-43.45048,-20.29039],[-43.45038,-20.29027],[-43.45009,-20.29014],[-43.4498,-20.28988],[-43.44974,-20.28971],[-43.45045,-20.28879],[-43.45073,-20.28879],[-43.45091,-20.28873],[-43.45098,-20.2886],[-43.45094,-20.28846],[-43.45059,-20.28787],[-43.45039,-20.28637],[-43.45063,-20.28484],[-43.45028,-20.28396],[-43.45006,-20.28361],[-43.4496,-20.28324],[-43.44918,-20.28311],[-43.44885,-20.28315],[-43.44812,-20.28358],[-43.44781,-20.28354],[-43.44733,-20.28295],[-43.44689,-20.28268],[-43.44664,-20.28225],[-43.44653,-20.28153],[-43.44636,-20.28124],[-43.4453,-20.28089],[-43.44443,-20.28084],[-43.44399,-20.28063],[-43.44259,-20.28031],[-43.44179,-20.28028],[-43.44129,-20.28045],[-43.44056,-20.28094],[-43.4395,-20.28127],[-43.43929,-20.28183],[-43.43903,-20.28206],[-43.43876,-20.28199],[-43.4377,-20.2806],[-43.43765,-20.27875],[-43.43815,-20.27795],[-43.43761,-20.27638],[-43.43736,-20.27622],[-43.43687,-20.27613],[-43.43648,-20.27623],[-43.43629,-20.27706],[-43.43608,-20.27722],[-43.43516,-20.2771],[-43.43468,-20.2769],[-43.43248,-20.27743],[-43.43223,-20.27753],[-43.43206,-20.27746],[-43.43174,-20.27707],[-43.4312,-20.27676],[-43.4311,-20.27619],[-43.43102,-20.27609],[-43.42993,-20.27583],[-43.42915,-20.27607],[-43.42893,-20.27603],[-43.4285,-20.27549],[-43.42835,-20.27538],[-43.42772,-20.27541],[-43.42688,-20.27512],[-43.42695,-20.27475],[-43.42679,-20.27448],[-43.42616,-20.27438],[-43.4257,-20.27398],[-43.42508,-20.27379],[-43.42444,-20.27371],[-43.42413,-20.27351],[-43.42406,-20.2734],[-43.42407,-20.27323],[-43.42419,-20.27301],[-43.42422,-20.27274],[-43.4241,-20.27248],[-43.42399,-20.27236],[-43.42373,-20.27222],[-43.42363,-20.27199],[-43.42359,-20.27126],[-43.42348,-20.27095],[-43.42346,-20.27075],[-43.42363,-20.2704],[-43.42352,-20.27006],[-43.4236,-20.26937],[-43.42355,-20.26908],[-43.4237,-20.26851],[-43.42375,-20.26782],[-43.4239,-20.26696],[-43.42414,-20.26647],[-43.42433,-20.26632],[-43.42462,-20.26621],[-43.42484,-20.26603],[-43.42538,-20.26544],[-43.42562,-20.26537],[-43.42608,-20.26542],[-43.42622,-20.26536],[-43.42627,-20.26524],[-43.42624,-20.26487],[-43.42629,-20.26458],[-43.42642,-20.26415],[-43.42662,-20.26389],[-43.42667,-20.26375],[-43.42661,-20.26353],[-43.42627,-20.26314],[-43.42626,-20.26259],[-43.42619,-20.26245],[-43.42565,-20.2621],[-43.42524,-20.26175],[-43.42468,-20.26146],[-43.42458,-20.26138],[-43.42452,-20.26121],[-43.42457,-20.261],[-43.42482,-20.26066],[-43.42536,-20.26013],[-43.42552,-20.25958],[-43.42571,-20.25842],[-43.42577,-20.25831],[-43.426,-20.25817],[-43.42614,-20.25801],[-43.42621,-20.25784],[-43.42622,-20.2577],[-43.42567,-20.25609],[-43.42539,-20.25494],[-43.4255,-20.25453],[-43.42618,-20.2536],[-43.42702,-20.25301],[-43.4271,-20.25282],[-43.42713,-20.25214],[-43.42718,-20.25192],[-43.42755,-20.25131],[-43.42752,-20.25116],[-43.42724,-20.25068],[-43.42712,-20.25016],[-43.427,-20.25001],[-43.42588,-20.24916],[-43.42483,-20.2485],[-43.42479,-20.24835],[-43.42486,-20.248],[-43.42475,-20.24716],[-43.42491,-20.24683],[-43.42534,-20.24655],[-43.42545,-20.24639],[-43.42571,-20.2457],[-43.42568,-20.24551],[-43.42558,-20.24534],[-43.4254,-20.24524],[-43.42516,-20.24517],[-43.42441,-20.2452],[-43.42422,-20.24516],[-43.42404,-20.24503],[-43.42395,-20.24478],[-43.42397,-20.24444],[-43.4242,-20.24385],[-43.42421,-20.2436],[-43.42407,-20.24292],[-43.42374,-20.24215],[-43.42366,-20.24159],[-43.4238,-20.24052],[-43.42414,-20.23866],[-43.42414,-20.23834],[-43.42405,-20.23789],[-43.42399,-20.23773],[-43.4239,-20.23768],[-43.42359,-20.23772],[-43.42338,-20.23787],[-43.42306,-20.23827],[-43.42298,-20.23821],[-43.42263,-20.23857],[-43.42251,-20.23861],[-43.42231,-20.23853],[-43.42233,-20.23829],[-43.42262,-20.23772],[-43.4226,-20.23746],[-43.42227,-20.23721],[-43.42146,-20.23699],[-43.42128,-20.23687],[-43.42118,-20.23668],[-43.42116,-20.23637],[-43.42125,-20.23576],[-43.42162,-20.23525],[-43.42143,-20.23501],[-43.42142,-20.2349],[-43.42155,-20.23469],[-43.42157,-20.23457],[-43.42125,-20.23389],[-43.42122,-20.23354],[-43.42103,-20.2333],[-43.42013,-20.23326],[-43.41947,-20.23312],[-43.41905,-20.23293],[-43.41843,-20.23247],[-43.41837,-20.2323],[-43.41842,-20.23148],[-43.41868,-20.23101],[-43.4187,-20.2308],[-43.41858,-20.23059],[-43.41839,-20.2305],[-43.41806,-20.23046],[-43.41791,-20.23052],[-43.41781,-20.23072],[-43.41777,-20.23106],[-43.41757,-20.23134],[-43.41746,-20.23169],[-43.41714,-20.23216],[-43.41702,-20.23226],[-43.41691,-20.23232],[-43.41612,-20.23249],[-43.41584,-20.23266],[-43.41501,-20.23303],[-43.41443,-20.23324],[-43.41431,-20.23335],[-43.41425,-20.2336],[-43.41452,-20.23413],[-43.41453,-20.23423],[-43.41434,-20.23491],[-43.4145,-20.23547],[-43.41449,-20.23556],[-43.41439,-20.23567],[-43.41373,-20.23571],[-43.41329,-20.23566],[-43.4131,-20.23555],[-43.41295,-20.23528],[-43.41266,-20.23505],[-43.41199,-20.23475],[-43.41133,-20.23456],[-43.41123,-20.23443],[-43.41126,-20.23418],[-43.4116,-20.23377],[-43.41245,-20.23318],[-43.41266,-20.23286],[-43.41288,-20.23233],[-43.4129,-20.23216],[-43.41286,-20.2321],[-43.41271,-20.23206],[-43.41233,-20.23207],[-43.4122,-20.23199],[-43.41208,-20.23174],[-43.41212,-20.23078],[-43.41235,-20.23024],[-43.41245,-20.22975],[-43.41254,-20.22961],[-43.41278,-20.22944],[-43.41329,-20.2293],[-43.41343,-20.22922],[-43.414,-20.22836],[-43.41398,-20.22811],[-43.41365,-20.22688],[-43.41368,-20.22619],[-43.41376,-20.22584],[-43.41395,-20.22535],[-43.41431,-20.22479],[-43.41481,-20.2242],[-43.41488,-20.22387],[-43.41473,-20.22361],[-43.41443,-20.22338],[-43.41398,-20.22292],[-43.41387,-20.22267],[-43.41385,-20.22234],[-43.41394,-20.22207],[-43.41426,-20.2217],[-43.41498,-20.22067],[-43.41505,-20.2205],[-43.4149,-20.2198],[-43.41499,-20.21946],[-43.41465,-20.21907],[-43.4149,-20.21893],[-43.41556,-20.21895],[-43.41582,-20.21889],[-43.4159,-20.21882],[-43.41598,-20.21858],[-43.41596,-20.21838],[-43.41606,-20.21792],[-43.41631,-20.21763],[-43.41654,-20.21756],[-43.41668,-20.21738],[-43.41696,-20.21672],[-43.41751,-20.21594],[-43.41797,-20.21423],[-43.41785,-20.21344],[-43.41788,-20.2129],[-43.41836,-20.21273],[-43.41895,-20.21263],[-43.41936,-20.21215],[-43.41959,-20.21161],[-43.41984,-20.21118],[-43.41994,-20.21109],[-43.4207,-20.21078],[-43.4214,-20.21032],[-43.4216,-20.21015],[-43.42203,-20.20963],[-43.42247,-20.20963],[-43.42268,-20.20973],[-43.42364,-20.21047],[-43.42393,-20.21063],[-43.42436,-20.21066],[-43.42455,-20.21058],[-43.42484,-20.21029],[-43.42534,-20.20961],[-43.42605,-20.20901],[-43.42676,-20.20872],[-43.42738,-20.20866],[-43.4277,-20.20851],[-43.4279,-20.20835],[-43.42804,-20.20816],[-43.4281,-20.20798],[-43.42824,-20.20696],[-43.42846,-20.20611],[-43.42846,-20.20596],[-43.42837,-20.20572],[-43.42826,-20.20564],[-43.42781,-20.20548],[-43.42664,-20.20456],[-43.42645,-20.20393],[-43.42624,-20.20348],[-43.42628,-20.20332],[-43.4265,-20.20312],[-43.42652,-20.20292],[-43.42646,-20.20277],[-43.42615,-20.20257],[-43.42578,-20.20244],[-43.42547,-20.20227],[-43.42521,-20.20196],[-43.42509,-20.20139],[-43.42459,-20.20019],[-43.42492,-20.19951],[-43.425,-20.19899],[-43.42459,-20.19819],[-43.42447,-20.19779],[-43.42279,-20.1964],[-43.42226,-20.19614],[-43.4218,-20.19609],[-43.42145,-20.19593],[-43.42121,-20.19555],[-43.42108,-20.19543],[-43.4205,-20.1951],[-43.42033,-20.19495],[-43.42026,-20.19451],[-43.42018,-20.19435],[-43.41996,-20.19422],[-43.41938,-20.19404],[-43.41921,-20.19391],[-43.41916,-20.19373],[-43.4194,-20.19317],[-43.41949,-20.19263],[-43.41944,-20.19236],[-43.41903,-20.19132],[-43.41892,-20.19114],[-43.41825,-20.19035],[-43.41748,-20.1898],[-43.41647,-20.18924],[-43.41627,-20.18907],[-43.41603,-20.18874],[-43.41577,-20.18817],[-43.41573,-20.18793],[-43.41591,-20.18715],[-43.41591,-20.1863],[-43.41578,-20.1858],[-43.41575,-20.18494],[-43.41561,-20.18392],[-43.41567,-20.18329],[-43.41559,-20.18288],[-43.41558,-20.18229],[-43.41549,-20.1821]]},"properties":{"tipo":"rota","id":"MRN-R25","rota":"ROTA 25","municipio":"Mariana","id_saida":"MRN-S1","origem":"PONTO DE PARTIDA MARIANA","ueop":"52º BPM","cia":"239ª Cia PM","unidade":"239cia","bpm":"52bpm","modalidade":"NAO_INFORMADA","paradas":["MRN-1384"],"destinos":["ESCOLA MUNICIPAL SINHO MACHADO SANTA RITA DURÃO"],"qtd_paradas":1,"urnas":5,"distancia_km":32.16,"tempo_min":48.3,"trechos":[{"km":32.16,"min":48.3}],"calculada":true,"distancia_via_m":59}},{"type":"Feature","geometry":{"type":"LineString","coordinates":[[-43.41735,-20.36882],[-43.41666,-20.373],[-43.41646,-20.37392],[-43.41644,-20.37442],[-43.41652,-20.37481],[-43.41672,-20.37516],[-43.41737,-20.37559],[-43.41755,-20.3758],[-43.4177,-20.37609],[-43.41786,-20.37621],[-43.41787,-20.37634],[-43.41678,-20.37672],[-43.41535,-20.37713],[-43.41512,-20.37641],[-43.41457,-20.37607],[-43.41444,-20.3765],[-43.41351,-20.37627],[-43.41344,-20.37647],[-43.41344,-20.37672],[-43.41275,-20.37696],[-43.41202,-20.37737],[-43.4113,-20.37751],[-43.41103,-20.37773],[-43.4099,-20.37835],[-43.40918,-20.37943],[-43.40908,-20.3797],[-43.4091,-20.38008],[-43.40926,-20.38041],[-43.41016,-20.3811],[-43.41047,-20.3814],[-43.41067,-20.38172],[-43.41078,-20.3821],[-43.4108,-20.38247],[-43.41075,-20.38276],[-43.41045,-20.38332],[-43.40908,-20.38452],[-43.40872,-20.38472],[-43.40852,-20.38475],[-43.40808,-20.38467],[-43.4075,-20.38426],[-43.40711,-20.38441],[-43.40671,-20.38417],[-43.40611,-20.38404],[-43.40518,-20.38408],[-43.4038,-20.38383],[-43.40329,-20.38386],[-43.4028,-20.38396],[-43.40228,-20.3842],[-43.4014,-20.38479],[-43.40107,-20.38491],[-43.39886,-20.38507],[-43.39832,-20.38533],[-43.39793,-20.38569],[-43.39769,-20.38613],[-43.39762,-20.3865],[-43.3976,-20.38714],[-43.39766,-20.38819],[-43.39755,-20.38863],[-43.39735,-20.38886],[-43.39702,-20.38902],[-43.39657,-20.38904],[-43.39624,-20.38892],[-43.39602,-20.38868],[-43.39583,-20.38832],[-43.39565,-20.38791],[-43.39563,-20.38749],[-43.3957,-20.38673],[-43.39554,-20.38592],[-43.39534,-20.38562],[-43.39503,-20.38545],[-43.39422,-20.38534],[-43.39265,-20.38554],[-43.39225,-20.3855],[-43.39204,-20.38543],[-43.39182,-20.38529],[-43.39159,-20.385],[-43.39099,-20.38389],[-43.39073,-20.38353],[-43.3905,-20.38334],[-43.39025,-20.38326],[-43.38987,-20.38327],[-43.38937,-20.38342],[-43.3889,-20.38366],[-43.38854,-20.38377],[-43.38833,-20.38377],[-43.38813,-20.3837],[-43.38782,-20.38347],[-43.38632,-20.38179],[-43.38601,-20.38155],[-43.38561,-20.38143],[-43.38531,-20.38142],[-43.38499,-20.3815],[-43.38251,-20.38288],[-43.38208,-20.383],[-43.38149,-20.38305],[-43.3813,-20.38303],[-43.38052,-20.38273],[-43.38015,-20.38269],[-43.37994,-20.38274],[-43.37843,-20.3835],[-43.37798,-20.38384],[-43.37785,-20.38413],[-43.37802,-20.38525],[-43.37801,-20.38543],[-43.37794,-20.38566],[-43.37761,-20.38606],[-43.37726,-20.38618],[-43.37523,-20.38619],[-43.37486,-20.38623],[-43.37445,-20.38639],[-43.37218,-20.38761],[-43.37131,-20.38799],[-43.37069,-20.38816],[-43.36974,-20.38831],[-43.36688,-20.38814],[-43.36643,-20.3882],[-43.36605,-20.38836],[-43.36471,-20.38917],[-43.36425,-20.38931],[-43.36379,-20.38928],[-43.36342,-20.3891],[-43.36245,-20.38818],[-43.36177,-20.38762],[-43.36012,-20.38671],[-43.35892,-20.38626],[-43.35828,-20.38616],[-43.35735,-20.38616],[-43.35673,-20.38627],[-43.35493,-20.38702],[-43.35433,-20.38719],[-43.35376,-20.38717],[-43.35308,-20.38708],[-43.35254,-20.38691],[-43.35095,-20.38589],[-43.35069,-20.38566],[-43.35051,-20.38529],[-43.35044,-20.38421],[-43.35037,-20.38385],[-43.3502,-20.38353],[-43.34997,-20.38327],[-43.34901,-20.38252],[-43.34869,-20.38239],[-43.34826,-20.38241],[-43.34715,-20.38272],[-43.34666,-20.38272],[-43.34642,-20.38262],[-43.34584,-20.38217],[-43.34555,-20.38201],[-43.3451,-20.38196],[-43.34492,-20.38199],[-43.34385,-20.38244],[-43.34323,-20.38275],[-43.34283,-20.38304],[-43.34235,-20.38348],[-43.34211,-20.38365],[-43.34185,-20.38375],[-43.34016,-20.3839],[-43.3386,-20.38433],[-43.33638,-20.38413],[-43.33547,-20.38389],[-43.33509,-20.38364],[-43.33487,-20.38343],[-43.33464,-20.38313],[-43.33374,-20.38117],[-43.33342,-20.3809],[-43.3331,-20.38079],[-43.3315,-20.38073],[-43.33125,-20.38078],[-43.3309,-20.38097],[-43.33072,-20.38119],[-43.33063,-20.38141],[-43.33024,-20.38304],[-43.32996,-20.38359],[-43.32975,-20.38389],[-43.32925,-20.3844],[-43.3272,-20.38621],[-43.32691,-20.38643],[-43.32672,-20.38651],[-43.32647,-20.38656],[-43.32575,-20.38651],[-43.32556,-20.38645],[-43.32438,-20.38582],[-43.3236,-20.38554],[-43.31998,-20.38465],[-43.31945,-20.38471],[-43.31782,-20.38533],[-43.31714,-20.38536],[-43.31619,-20.38526],[-43.31548,-20.38497],[-43.31284,-20.38349],[-43.31247,-20.38318],[-43.31236,-20.38301],[-43.31229,-20.38278],[-43.31241,-20.38187],[-43.31242,-20.38161],[-43.31237,-20.38137],[-43.31226,-20.38116],[-43.31181,-20.38083],[-43.30966,-20.38046],[-43.30851,-20.38037],[-43.30815,-20.38027],[-43.30563,-20.37903],[-43.30414,-20.37818],[-43.3036,-20.37797],[-43.30329,-20.37792],[-43.30169,-20.37798],[-43.30096,-20.37795],[-43.30029,-20.3777],[-43.29831,-20.37664],[-43.29794,-20.3765],[-43.29744,-20.37648],[-43.29599,-20.37698],[-43.29526,-20.37708],[-43.29383,-20.37695],[-43.28925,-20.37637],[-43.28843,-20.37613],[-43.28796,-20.37594],[-43.28747,-20.37559],[-43.28666,-20.37448],[-43.28634,-20.37421],[-43.28393,-20.37379],[-43.28314,-20.37358],[-43.27985,-20.37217],[-43.27909,-20.37191],[-43.27852,-20.3718],[-43.27694,-20.37162],[-43.27599,-20.37144],[-43.27437,-20.37091],[-43.2734,-20.37067],[-43.27228,-20.37068],[-43.27013,-20.3709],[-43.2694,-20.37106],[-43.26886,-20.37134],[-43.26784,-20.37218],[-43.26757,-20.37225],[-43.26722,-20.37225],[-43.26695,-20.37214],[-43.26662,-20.37177],[-43.26596,-20.37063],[-43.26572,-20.37045],[-43.26511,-20.37028],[-43.26345,-20.37006],[-43.26305,-20.37011],[-43.26248,-20.37052],[-43.26166,-20.37122],[-43.26114,-20.37184],[-43.26078,-20.37254],[-43.26013,-20.37417],[-43.25986,-20.37472],[-43.25953,-20.37508],[-43.25901,-20.37524],[-43.25857,-20.37525],[-43.25572,-20.3747],[-43.25486,-20.37456],[-43.25417,-20.37451],[-43.25207,-20.37411],[-43.25176,-20.37391],[-43.25154,-20.37364],[-43.25132,-20.37169],[-43.2512,-20.37142],[-43.25104,-20.37126],[-43.25068,-20.37114],[-43.25021,-20.37116],[-43.24949,-20.37137],[-43.24909,-20.37162],[-43.24825,-20.37258],[-43.24768,-20.37286],[-43.24419,-20.37399],[-43.24393,-20.37405],[-43.24348,-20.37406],[-43.24262,-20.37375],[-43.24186,-20.37325],[-43.24141,-20.37308],[-43.24013,-20.37282],[-43.23981,-20.37284],[-43.23954,-20.37296],[-43.2394,-20.37309],[-43.23903,-20.37358],[-43.23849,-20.37446],[-43.23822,-20.37477],[-43.23782,-20.37508],[-43.23744,-20.3753],[-43.23704,-20.37545],[-43.23376,-20.37613],[-43.23251,-20.37621],[-43.2309,-20.37617],[-43.2301,-20.3762],[-43.22975,-20.37634],[-43.22869,-20.37706],[-43.22817,-20.37729],[-43.22741,-20.37741],[-43.2268,-20.37736],[-43.22637,-20.37716],[-43.22619,-20.37699],[-43.2257,-20.3761],[-43.22534,-20.3758],[-43.2251,-20.3757],[-43.22463,-20.37563],[-43.22257,-20.37567],[-43.22057,-20.37551],[-43.21979,-20.37535],[-43.21913,-20.37506],[-43.21797,-20.37445],[-43.21747,-20.3743],[-43.21678,-20.37427],[-43.21545,-20.37439],[-43.21502,-20.37432],[-43.21486,-20.37422],[-43.21463,-20.37391],[-43.21455,-20.3735],[-43.21459,-20.37296],[-43.21451,-20.37264],[-43.21435,-20.37237],[-43.21319,-20.37096],[-43.2128,-20.3706],[-43.21112,-20.36995],[-43.2106,-20.36964],[-43.20877,-20.36779],[-43.21044,-20.36774],[-43.21197,-20.36729],[-43.2123,-20.36706],[-43.21263,-20.36655],[-43.21273,-20.36648],[-43.21362,-20.36606],[-43.21459,-20.36593],[-43.21488,-20.36569],[-43.21493,-20.36561],[-43.21492,-20.36545],[-43.21472,-20.36505],[-43.21475,-20.36492],[-43.21507,-20.36445],[-43.21504,-20.36381],[-43.2149,-20.36347],[-43.21459,-20.36307],[-43.21407,-20.36268],[-43.2139,-20.3625],[-43.21377,-20.36159],[-43.21391,-20.36089],[-43.21392,-20.36029],[-43.21336,-20.35926],[-43.21323,-20.35911],[-43.21289,-20.35887],[-43.21283,-20.35877],[-43.21281,-20.35838],[-43.21273,-20.35823],[-43.2126,-20.35812],[-43.21238,-20.35815],[-43.2123,-20.35812],[-43.21216,-20.35797],[-43.21208,-20.35778],[-43.21212,-20.3574],[-43.21201,-20.35703],[-43.21161,-20.35678],[-43.21121,-20.35642],[-43.21075,-20.3562],[-43.21058,-20.35597],[-43.21001,-20.35588],[-43.2095,-20.3556],[-43.20927,-20.3554],[-43.20901,-20.355],[-43.20853,-20.35393],[-43.20834,-20.35361],[-43.2082,-20.3532],[-43.20824,-20.35273],[-43.20813,-20.35261],[-43.20757,-20.35214],[-43.20696,-20.35151],[-43.20651,-20.35128],[-43.20603,-20.35069],[-43.20589,-20.35065],[-43.2058,-20.35071],[-43.20573,-20.35109],[-43.2056,-20.35114],[-43.20545,-20.35108],[-43.2052,-20.35079],[-43.20486,-20.35023],[-43.20465,-20.35006],[-43.2042,-20.3494],[-43.20397,-20.34927],[-43.20343,-20.34921],[-43.20302,-20.34907],[-43.20281,-20.34895],[-43.20257,-20.34868],[-43.2021,-20.34776],[-43.20195,-20.34602],[-43.20203,-20.34521],[-43.2021,-20.34497],[-43.20208,-20.3448],[-43.20199,-20.34461],[-43.20203,-20.34409],[-43.20194,-20.34358],[-43.20195,-20.3433],[-43.20226,-20.34257],[-43.20229,-20.34238],[-43.20221,-20.3422],[-43.20195,-20.34186],[-43.20151,-20.34157],[-43.20136,-20.34134],[-43.20063,-20.3406],[-43.2003,-20.33999],[-43.2,-20.33959],[-43.19974,-20.33895],[-43.19928,-20.33877],[-43.19903,-20.33858],[-43.19895,-20.33789],[-43.19897,-20.33747],[-43.19805,-20.33604],[-43.19788,-20.33556],[-43.19708,-20.33473],[-43.19689,-20.33373],[-43.1971,-20.33308],[-43.19704,-20.3329],[-43.19558,-20.332],[-43.19453,-20.33178],[-43.19397,-20.33182],[-43.19309,-20.33127],[-43.19288,-20.33065],[-43.1926,-20.33039],[-43.19165,-20.32968],[-43.19133,-20.32914],[-43.19067,-20.32892],[-43.19017,-20.32822],[-43.18931,-20.32737],[-43.18921,-20.3271],[-43.18918,-20.3267],[-43.18926,-20.32633],[-43.18923,-20.32608],[-43.18871,-20.32568],[-43.18848,-20.32512],[-43.18809,-20.32491],[-43.1872,-20.32396],[-43.18594,-20.32375],[-43.18496,-20.32316],[-43.18434,-20.32252],[-43.18438,-20.32222],[-43.18401,-20.32186],[-43.18328,-20.32198],[-43.18204,-20.32274],[-43.18086,-20.32322],[-43.17979,-20.32413],[-43.17934,-20.32429],[-43.17882,-20.32411],[-43.17854,-20.32423],[-43.17842,-20.32457],[-43.17768,-20.32483],[-43.17728,-20.32495],[-43.17635,-20.32495],[-43.17555,-20.3252],[-43.17518,-20.32511],[-43.17475,-20.32486],[-43.17487,-20.32444],[-43.17483,-20.32389],[-43.17495,-20.32334],[-43.17492,-20.32284],[-43.17453,-20.32253],[-43.17408,-20.32205],[-43.17377,-20.32184],[-43.17343,-20.3215],[-43.17325,-20.32143],[-43.17257,-20.32167],[-43.17186,-20.32125],[-43.17174,-20.32073],[-43.17187,-20.3204],[-43.17204,-20.31961],[-43.17231,-20.31893],[-43.17229,-20.31795]]},"properties":{"tipo":"rota","id":"MRN-R26","rota":"ROTA 26","municipio":"Mariana","id_saida":"MRN-S1","origem":"PONTO DE PARTIDA MARIANA","ueop":"52º BPM","cia":"239ª Cia PM","unidade":"239cia","bpm":"52bpm","modalidade":"NAO_INFORMADA","paradas":["MRN-1406"],"destinos":["POSTO DE SAÚDE DE CUIABA"],"qtd_paradas":1,"urnas":1,"distancia_km":37.69,"tempo_min":43.2,"trechos":[{"km":37.69,"min":43.2}],"calculada":true,"distancia_via_m":273}},{"type":"Feature","geometry":{"type":"LineString","coordinates":[[-43.41735,-20.36882],[-43.41666,-20.373],[-43.41646,-20.37392],[-43.41644,-20.37442],[-43.41652,-20.37481],[-43.4165,-20.37506],[-43.41582,-20.37521]]},"properties":{"tipo":"rota","id":"MRN-R27","rota":"ROTA 27","municipio":"Mariana","id_saida":"MRN-S1","origem":"PONTO DE PARTIDA MARIANA","ueop":"52º BPM","cia":"239ª Cia PM","unidade":"239cia","bpm":"52bpm","modalidade":"NAO_INFORMADA","paradas":["MRN-1414"],"destinos":["GRUPO ESCOLAR DR. GOMES FREIRE"],"qtd_paradas":1,"urnas":8,"distancia_km":0.77,"tempo_min":1.3,"trechos":[{"km":0.77,"min":1.3}],"calculada":true,"distancia_via_m":12}},{"type":"Feature","geometry":{"type":"LineString","coordinates":[[-43.41735,-20.36882],[-43.41729,-20.36929],[-43.41634,-20.36913],[-43.41654,-20.36727],[-43.41652,-20.36698],[-43.41628,-20.36648],[-43.41575,-20.36421],[-43.41602,-20.36389],[-43.41628,-20.36373],[-43.41665,-20.3634],[-43.41665,-20.36328],[-43.41645,-20.36278],[-43.41664,-20.36245],[-43.41646,-20.36189],[-43.41645,-20.36156],[-43.41615,-20.36152],[-43.41576,-20.36095],[-43.41546,-20.36071],[-43.41526,-20.36063],[-43.41487,-20.3605],[-43.41449,-20.36048],[-43.41417,-20.36055],[-43.41375,-20.36075],[-43.41294,-20.36133],[-43.41259,-20.36142],[-43.41226,-20.36141],[-43.41056,-20.36093],[-43.40882,-20.36101],[-43.40844,-20.36098],[-43.40809,-20.36081],[-43.40792,-20.36066],[-43.40781,-20.36048],[-43.40756,-20.35962],[-43.40734,-20.35934],[-43.40706,-20.35916],[-43.40722,-20.35861],[-43.40798,-20.35796],[-43.40796,-20.35744],[-43.4082,-20.3571],[-43.40814,-20.35675],[-43.40779,-20.35694],[-43.40706,-20.35684],[-43.40698,-20.3567],[-43.40761,-20.35623],[-43.40759,-20.35599],[-43.4074,-20.35576],[-43.40744,-20.35556],[-43.40771,-20.35512],[-43.40784,-20.35501],[-43.4078,-20.35475],[-43.40794,-20.35446],[-43.40855,-20.35394]]},"properties":{"tipo":"rota","id":"MRN-R28","rota":"ROTA 28","municipio":"Mariana","id_saida":"MRN-S1","origem":"PONTO DE PARTIDA MARIANA","ueop":"52º BPM","cia":"239ª Cia PM","unidade":"239cia","bpm":"52bpm","modalidade":"NAO_INFORMADA","paradas":["MRN-1422"],"destinos":["CENTRO DE EDUCACAO MUNICIPAL PADRE AVELAR - CEMPA"],"qtd_paradas":1,"urnas":14,"distancia_km":3.08,"tempo_min":7.5,"trechos":[{"km":3.08,"min":7.5}],"calculada":true,"distancia_via_m":647}},{"type":"Feature","geometry":{"type":"LineString","coordinates":[[-43.41735,-20.36882],[-43.41666,-20.373],[-43.41646,-20.37392],[-43.41644,-20.37442],[-43.41652,-20.37481],[-43.41672,-20.37516],[-43.41737,-20.37559],[-43.41755,-20.3758],[-43.4177,-20.37609],[-43.41803,-20.37634],[-43.41931,-20.37599],[-43.41962,-20.37555],[-43.41973,-20.37546],[-43.42064,-20.37512],[-43.42103,-20.37486],[-43.42136,-20.37454],[-43.42157,-20.37473],[-43.4221,-20.37472],[-43.42305,-20.37424],[-43.42347,-20.37418],[-43.42369,-20.37424],[-43.42379,-20.3749],[-43.42407,-20.37485]]},"properties":{"tipo":"rota","id":"MRN-R29","rota":"ROTA 29","municipio":"Mariana","id_saida":"MRN-S1","origem":"PONTO DE PARTIDA MARIANA","ueop":"52º BPM","cia":"239ª Cia PM","unidade":"239cia","bpm":"52bpm","modalidade":"NAO_INFORMADA","paradas":["MRN-1449"],"destinos":["ESCOLA MUNICIPAL WILSON PIMENTA FERREIRA"],"qtd_paradas":1,"urnas":4,"distancia_km":1.69,"tempo_min":3.4,"trechos":[{"km":1.69,"min":3.4}],"calculada":true,"distancia_via_m":10}},{"type":"Feature","geometry":{"type":"LineString","coordinates":[[-43.41735,-20.36882],[-43.41729,-20.36929],[-43.41634,-20.36913],[-43.41654,-20.36727],[-43.4167,-20.36721],[-43.41719,-20.36791],[-43.41736,-20.36823],[-43.41771,-20.36833],[-43.41808,-20.36909],[-43.41823,-20.3697],[-43.41828,-20.37013],[-43.41814,-20.37016],[-43.41772,-20.37123],[-43.41749,-20.37198]]},"properties":{"tipo":"rota","id":"MRN-R30","rota":"ROTA 30","municipio":"Mariana","id_saida":"MRN-S1","origem":"PONTO DE PARTIDA MARIANA","ueop":"52º BPM","cia":"239ª Cia PM","unidade":"239cia","bpm":"52bpm","modalidade":"NAO_INFORMADA","paradas":["MRN-1457"],"destinos":["ESCOLA MUNICIPAL SANTA GODOY"],"qtd_paradas":1,"urnas":6,"distancia_km":0.99,"tempo_min":2.4,"trechos":[{"km":0.99,"min":2.4}],"calculada":true,"distancia_via_m":10}},{"type":"Feature","geometry":{"type":"LineString","coordinates":[[-43.41735,-20.36882],[-43.41729,-20.36929],[-43.41634,-20.36913],[-43.41654,-20.36727],[-43.41652,-20.36698],[-43.41628,-20.36648],[-43.41575,-20.36421],[-43.41602,-20.36389],[-43.41673,-20.36352],[-43.41675,-20.36342],[-43.41681,-20.3634],[-43.41687,-20.36345],[-43.4177,-20.36302],[-43.41884,-20.36232],[-43.419,-20.36196],[-43.41925,-20.36186],[-43.41932,-20.36178],[-43.41983,-20.36007],[-43.42019,-20.35936],[-43.4208,-20.35858],[-43.42249,-20.35698],[-43.42597,-20.35402],[-43.42655,-20.35361],[-43.42682,-20.35348],[-43.42745,-20.35332],[-43.42813,-20.35328],[-43.42932,-20.35338],[-43.42969,-20.35337],[-43.43002,-20.35333],[-43.43046,-20.35311],[-43.43072,-20.3528],[-43.43079,-20.35263],[-43.4313,-20.35117],[-43.43193,-20.34911],[-43.43226,-20.34841],[-43.43274,-20.34799],[-43.43376,-20.34744],[-43.43608,-20.34638],[-43.43652,-20.34657],[-43.43694,-20.34651],[-43.43762,-20.34684],[-43.4381,-20.34866],[-43.43835,-20.34887],[-43.43848,-20.34888]]},"properties":{"tipo":"rota","id":"MRN-R31","rota":"ROTA 31","municipio":"Mariana","id_saida":"MRN-S1","origem":"PONTO DE PARTIDA MARIANA","ueop":"52º BPM","cia":"239ª Cia PM","unidade":"239cia","bpm":"52bpm","modalidade":"NAO_INFORMADA","paradas":["MRN-1481"],"destinos":["ESCOLA MUNICIPAL CÔNEGO PAULO DILÁSCIO"],"qtd_paradas":1,"urnas":2,"distancia_km":4.27,"tempo_min":7.1,"trechos":[{"km":4.27,"min":7.1}],"calculada":true,"distancia_via_m":10}},{"type":"Feature","geometry":{"type":"LineString","coordinates":[[-43.41735,-20.36882],[-43.41666,-20.373],[-43.41646,-20.37392],[-43.41644,-20.37442],[-43.41652,-20.37481],[-43.41672,-20.37516],[-43.41737,-20.37559],[-43.41755,-20.3758],[-43.4177,-20.37609],[-43.41786,-20.37621],[-43.41789,-20.37632],[-43.41678,-20.37672],[-43.41625,-20.37686],[-43.41652,-20.37802],[-43.41621,-20.3781],[-43.4165,-20.37895],[-43.41656,-20.37898],[-43.41743,-20.38125],[-43.41756,-20.38202],[-43.4176,-20.38283],[-43.41744,-20.38303],[-43.41668,-20.38356],[-43.4162,-20.38403],[-43.41596,-20.38453],[-43.41562,-20.38498],[-43.41477,-20.38586],[-43.41473,-20.38619],[-43.41474,-20.38716],[-43.41442,-20.38772],[-43.41453,-20.38781],[-43.41517,-20.38807],[-43.41592,-20.38826],[-43.41591,-20.38847],[-43.41634,-20.3885],[-43.41657,-20.38861],[-43.41693,-20.38904],[-43.41796,-20.39063],[-43.4181,-20.39078],[-43.41815,-20.391],[-43.41818,-20.39194],[-43.41907,-20.39445],[-43.4191,-20.39489],[-43.41922,-20.39533],[-43.41926,-20.39605]]},"properties":{"tipo":"rota","id":"MRN-R32","rota":"ROTA 32","municipio":"Mariana","id_saida":"MRN-S1","origem":"PONTO DE PARTIDA MARIANA","ueop":"52º BPM","cia":"239ª Cia PM","unidade":"239cia","bpm":"52bpm","modalidade":"NAO_INFORMADA","paradas":["MRN-1490"],"destinos":["ESCOLA MUNICIPAL DOM OSCAR DE OLIVEIRA"],"qtd_paradas":1,"urnas":10,"distancia_km":3.62,"tempo_min":7.0,"trechos":[{"km":3.62,"min":7.0}],"calculada":true,"distancia_via_m":11}},{"type":"Feature","geometry":{"type":"LineString","coordinates":[[-43.41735,-20.36882],[-43.41729,-20.36929],[-43.41634,-20.36913],[-43.41654,-20.36727],[-43.4167,-20.36721],[-43.41719,-20.36791],[-43.41736,-20.36823],[-43.41771,-20.36833],[-43.41808,-20.36909],[-43.41839,-20.37056],[-43.41893,-20.37099],[-43.41923,-20.37061],[-43.41936,-20.3702],[-43.41992,-20.37036],[-43.41989,-20.36961],[-43.42284,-20.36917],[-43.42322,-20.36916],[-43.42429,-20.36953],[-43.42455,-20.36938],[-43.42501,-20.36826],[-43.42521,-20.36809],[-43.42747,-20.36666],[-43.42878,-20.366],[-43.42911,-20.36593],[-43.42956,-20.36595],[-43.42966,-20.36582],[-43.42935,-20.36555],[-43.42915,-20.36552]]},"properties":{"tipo":"rota","id":"MRN-R33","rota":"ROTA 33","municipio":"Mariana","id_saida":"MRN-S1","origem":"PONTO DE PARTIDA MARIANA","ueop":"52º BPM","cia":"239ª Cia PM","unidade":"239cia","bpm":"52bpm","modalidade":"NAO_INFORMADA","paradas":["MRN-1538"],"destinos":["ESCOLA MUNICIPAL DOM LUCIANO PEDRO MENDES DE ALMEIDA ROSARIO"],"qtd_paradas":1,"urnas":8,"distancia_km":2.39,"tempo_min":5.8,"trechos":[{"km":2.39,"min":5.8}],"calculada":true,"distancia_via_m":10}},{"type":"Feature","geometry":{"type":"LineString","coordinates":[[-43.41735,-20.36882],[-43.41666,-20.373],[-43.41646,-20.37392],[-43.41644,-20.37442],[-43.41652,-20.37481],[-43.41672,-20.37516],[-43.41737,-20.37559],[-43.41755,-20.3758],[-43.4177,-20.37609],[-43.41786,-20.37621],[-43.41787,-20.37634],[-43.41678,-20.37672],[-43.41535,-20.37713],[-43.41512,-20.37641],[-43.41457,-20.37607],[-43.41444,-20.3765],[-43.41351,-20.37627],[-43.41344,-20.37647],[-43.41344,-20.37672],[-43.41275,-20.37696],[-43.41202,-20.37737],[-43.4113,-20.37751],[-43.41103,-20.37773],[-43.4099,-20.37835],[-43.40918,-20.37943],[-43.40908,-20.3797],[-43.4091,-20.38008],[-43.40926,-20.38041],[-43.41016,-20.3811],[-43.41047,-20.3814],[-43.41067,-20.38172],[-43.41078,-20.3821],[-43.4108,-20.38247],[-43.41075,-20.38276],[-43.41045,-20.38332],[-43.40908,-20.38452],[-43.40872,-20.38472],[-43.40852,-20.38475],[-43.40808,-20.38467],[-43.4075,-20.38426],[-43.40711,-20.38441],[-43.40671,-20.38417],[-43.40611,-20.38404],[-43.40518,-20.38408],[-43.4038,-20.38383],[-43.40329,-20.38386],[-43.4028,-20.38396],[-43.40228,-20.3842],[-43.4014,-20.38479],[-43.40107,-20.38491],[-43.39886,-20.38507],[-43.39832,-20.38533],[-43.39793,-20.38569],[-43.39769,-20.38613],[-43.39762,-20.3865],[-43.3976,-20.38714],[-43.39766,-20.38819],[-43.39755,-20.38863],[-43.39735,-20.38886],[-43.39702,-20.38902],[-43.39657,-20.38904],[-43.39624,-20.38892],[-43.39602,-20.38868],[-43.39583,-20.38832],[-43.39565,-20.38791],[-43.39563,-20.38749],[-43.3957,-20.38673],[-43.39554,-20.38592],[-43.39534,-20.38562],[-43.39503,-20.38545],[-43.39422,-20.38534],[-43.39265,-20.38554],[-43.39225,-20.3855],[-43.39204,-20.38543],[-43.39182,-20.38529],[-43.39159,-20.385],[-43.39099,-20.38389],[-43.39073,-20.38353],[-43.3905,-20.38334],[-43.39025,-20.38326],[-43.38987,-20.38327],[-43.38937,-20.38342],[-43.3889,-20.38366],[-43.38854,-20.38377],[-43.38833,-20.38377],[-43.38813,-20.3837],[-43.38782,-20.38347],[-43.38632,-20.38179],[-43.38601,-20.38155],[-43.38561,-20.38143],[-43.38531,-20.38142],[-43.38499,-20.3815],[-43.38251,-20.38288],[-43.38208,-20.383],[-43.38149,-20.38305],[-43.3813,-20.38303],[-43.38052,-20.38273],[-43.38015,-20.38269],[-43.37994,-20.38274],[-43.37843,-20.3835],[-43.37798,-20.38384],[-43.37785,-20.38413],[-43.37802,-20.38525],[-43.37801,-20.38543],[-43.37794,-20.38566],[-43.37761,-20.38606],[-43.37726,-20.38618],[-43.37523,-20.38619],[-43.37486,-20.38623],[-43.37445,-20.38639],[-43.37218,-20.38761],[-43.37131,-20.38799],[-43.37069,-20.38816],[-43.36974,-20.38831],[-43.36688,-20.38814],[-43.36643,-20.3882],[-43.36605,-20.38836],[-43.36471,-20.38917],[-43.36425,-20.38931],[-43.36379,-20.38928],[-43.36342,-20.3891],[-43.36245,-20.38818],[-43.36177,-20.38762],[-43.36012,-20.38671],[-43.35892,-20.38626],[-43.35828,-20.38616],[-43.35735,-20.38616],[-43.35673,-20.38627],[-43.35493,-20.38702],[-43.35433,-20.38719],[-43.35376,-20.38717],[-43.35308,-20.38708],[-43.35254,-20.38691],[-43.35095,-20.38589],[-43.35069,-20.38566],[-43.35051,-20.38529],[-43.35044,-20.38421],[-43.35037,-20.38385],[-43.3502,-20.38353],[-43.34997,-20.38327],[-43.34901,-20.38252],[-43.34869,-20.38239],[-43.34826,-20.38241],[-43.34715,-20.38272],[-43.34666,-20.38272],[-43.34642,-20.38262],[-43.34584,-20.38217],[-43.34555,-20.38201],[-43.3451,-20.38196],[-43.34492,-20.38199],[-43.34385,-20.38244],[-43.34323,-20.38275],[-43.34283,-20.38304],[-43.34235,-20.38348],[-43.34211,-20.38365],[-43.34185,-20.38375],[-43.34016,-20.3839],[-43.3386,-20.38433],[-43.33638,-20.38413],[-43.33547,-20.38389],[-43.33509,-20.38364],[-43.33487,-20.38343],[-43.33464,-20.38313],[-43.33374,-20.38117],[-43.33342,-20.3809],[-43.3331,-20.38079],[-43.3315,-20.38073],[-43.33125,-20.38078],[-43.3309,-20.38097],[-43.33072,-20.38119],[-43.33063,-20.38141],[-43.33024,-20.38304],[-43.32996,-20.38359],[-43.32975,-20.38389],[-43.32925,-20.3844],[-43.3272,-20.38621],[-43.32691,-20.38643],[-43.32672,-20.38651],[-43.32647,-20.38656],[-43.32575,-20.38651],[-43.32556,-20.38645],[-43.32438,-20.38582],[-43.3236,-20.38554],[-43.31998,-20.38465],[-43.31945,-20.38471],[-43.31782,-20.38533],[-43.31714,-20.38536],[-43.31619,-20.38526],[-43.31548,-20.38497],[-43.31284,-20.38349],[-43.31247,-20.38318],[-43.31236,-20.38301],[-43.31229,-20.38278],[-43.31241,-20.38187],[-43.31242,-20.38161],[-43.31237,-20.38137],[-43.31226,-20.38116],[-43.31181,-20.38083],[-43.30966,-20.38046],[-43.30851,-20.38037],[-43.30815,-20.38027],[-43.30531,-20.37884],[-43.3055,-20.37863],[-43.30636,-20.37836],[-43.30702,-20.3779],[-43.30757,-20.37761],[-43.30801,-20.37728],[-43.30874,-20.377],[-43.30887,-20.37689],[-43.30901,-20.37657],[-43.30894,-20.37584],[-43.30902,-20.37552],[-43.309,-20.37516],[-43.3089,-20.37499],[-43.30839,-20.37446],[-43.30796,-20.37338],[-43.30785,-20.37322],[-43.30742,-20.37284],[-43.30692,-20.37258],[-43.30644,-20.37246],[-43.30629,-20.37237],[-43.30605,-20.3719],[-43.30604,-20.37165],[-43.30635,-20.37104],[-43.30642,-20.37069],[-43.30619,-20.36899],[-43.30642,-20.36875],[-43.3065,-20.36848],[-43.30639,-20.36788],[-43.30638,-20.36756],[-43.30689,-20.36663],[-43.30782,-20.36569],[-43.30862,-20.36534],[-43.30904,-20.36498],[-43.30954,-20.36466],[-43.30969,-20.36437],[-43.30967,-20.36401],[-43.30958,-20.36364],[-43.30944,-20.36332],[-43.30929,-20.36309],[-43.30874,-20.36257],[-43.30865,-20.36216],[-43.30864,-20.36173],[-43.30884,-20.36089],[-43.30906,-20.36036],[-43.30945,-20.35901],[-43.31002,-20.35743],[-43.31032,-20.35693],[-43.31038,-20.35674],[-43.31063,-20.35521],[-43.31068,-20.35445],[-43.31044,-20.35145],[-43.31049,-20.35123],[-43.31113,-20.34979],[-43.31117,-20.34945],[-43.3111,-20.34915],[-43.311,-20.34902],[-43.31086,-20.34896],[-43.31031,-20.34889],[-43.30942,-20.34862],[-43.30912,-20.3484],[-43.30852,-20.34783],[-43.30742,-20.34743],[-43.30674,-20.34746],[-43.30612,-20.3474],[-43.3053,-20.34718],[-43.30502,-20.34698],[-43.30454,-20.3465],[-43.30411,-20.34638],[-43.30357,-20.34632],[-43.30315,-20.34636],[-43.30254,-20.34692],[-43.30209,-20.3471],[-43.3017,-20.34714],[-43.30091,-20.34704],[-43.30007,-20.3473],[-43.29946,-20.34729],[-43.29928,-20.34722],[-43.29893,-20.34688],[-43.29833,-20.34642],[-43.29708,-20.34591],[-43.29659,-20.34549],[-43.29569,-20.3445],[-43.29459,-20.34438],[-43.29408,-20.3445],[-43.29389,-20.34448],[-43.2937,-20.34437],[-43.29325,-20.34465],[-43.29292,-20.34499],[-43.29312,-20.34518],[-43.29368,-20.34544]]},"properties":{"tipo":"rota","id":"MRN-R34","rota":"ROTA 34","municipio":"Mariana","id_saida":"MRN-S1","origem":"PONTO DE PARTIDA MARIANA","ueop":"52º BPM","cia":"239ª Cia PM","unidade":"239cia","bpm":"52bpm","modalidade":"NAO_INFORMADA","paradas":["MRN-1554"],"destinos":["CASA SÃO VICENTE DE PARACATU DE CIMA"],"qtd_paradas":1,"urnas":1,"distancia_km":22.63,"tempo_min":24.8,"trechos":[{"km":22.63,"min":24.8}],"calculada":true,"distancia_via_m":10}},{"type":"Feature","geometry":{"type":"LineString","coordinates":[[-43.41735,-20.36882],[-43.41729,-20.36929],[-43.41634,-20.36913],[-43.41654,-20.36727],[-43.41652,-20.36698],[-43.41628,-20.36648],[-43.41575,-20.36421],[-43.41602,-20.36389],[-43.41673,-20.36352],[-43.41675,-20.36342],[-43.41681,-20.3634],[-43.41687,-20.36345],[-43.4177,-20.36302],[-43.41884,-20.36232],[-43.419,-20.36196],[-43.41925,-20.36186],[-43.41932,-20.36178],[-43.41983,-20.36007],[-43.42019,-20.35936],[-43.42053,-20.3589],[-43.4208,-20.35858],[-43.42249,-20.35698],[-43.4241,-20.35563],[-43.42456,-20.35499],[-43.42515,-20.35356],[-43.42645,-20.35281],[-43.42661,-20.35261],[-43.42678,-20.35213],[-43.42699,-20.35176],[-43.42797,-20.3509],[-43.4281,-20.35068],[-43.42847,-20.34974],[-43.42843,-20.34926],[-43.42877,-20.34715],[-43.42868,-20.34691],[-43.42833,-20.34688],[-43.42808,-20.347],[-43.4277,-20.34736],[-43.42742,-20.3474],[-43.42722,-20.34729],[-43.42697,-20.34689],[-43.42698,-20.3466],[-43.42706,-20.3464],[-43.42762,-20.34605],[-43.42781,-20.34577],[-43.42784,-20.34538],[-43.42828,-20.34511],[-43.42838,-20.34502],[-43.42845,-20.34486],[-43.42836,-20.34459],[-43.42739,-20.34383],[-43.42724,-20.34357],[-43.42726,-20.34344],[-43.4275,-20.34295],[-43.42799,-20.34258],[-43.42798,-20.34181],[-43.42795,-20.3417],[-43.42758,-20.3413],[-43.42733,-20.34092],[-43.42688,-20.34064],[-43.42683,-20.34042],[-43.42689,-20.3398],[-43.42681,-20.33947],[-43.42627,-20.33883],[-43.42566,-20.33881],[-43.42548,-20.33873],[-43.4253,-20.33827],[-43.4251,-20.33743],[-43.42484,-20.33724],[-43.42432,-20.33699],[-43.42426,-20.33692],[-43.4241,-20.33631],[-43.42358,-20.3357],[-43.42335,-20.33552],[-43.42259,-20.33514],[-43.42207,-20.33475],[-43.4219,-20.33451],[-43.42176,-20.3344],[-43.42118,-20.33427],[-43.42072,-20.33396],[-43.42045,-20.33367],[-43.4201,-20.33299],[-43.41947,-20.3326],[-43.4188,-20.33203],[-43.41839,-20.33132],[-43.41812,-20.33129],[-43.41748,-20.3315],[-43.41686,-20.33181],[-43.41658,-20.33214],[-43.41634,-20.33257],[-43.41611,-20.33271],[-43.41586,-20.33275],[-43.41489,-20.33246],[-43.41462,-20.33253],[-43.41368,-20.33246],[-43.41317,-20.33259],[-43.41284,-20.33276],[-43.41275,-20.33287],[-43.41263,-20.33314],[-43.41255,-20.33392],[-43.41235,-20.33419],[-43.41205,-20.33446],[-43.41168,-20.33468],[-43.41019,-20.3351],[-43.40996,-20.33507],[-43.40962,-20.33487],[-43.40907,-20.33477],[-43.40894,-20.33468],[-43.40887,-20.33455],[-43.40882,-20.33386],[-43.40862,-20.33367],[-43.40843,-20.33357],[-43.40818,-20.33353],[-43.40762,-20.33364],[-43.40747,-20.33361],[-43.40741,-20.33346],[-43.40746,-20.33322],[-43.40776,-20.33278],[-43.40801,-20.33224],[-43.40831,-20.33196],[-43.40842,-20.33163],[-43.40865,-20.33143],[-43.40949,-20.33128],[-43.40987,-20.33107],[-43.41021,-20.33063],[-43.41031,-20.33029],[-43.41029,-20.32997],[-43.41036,-20.32978],[-43.41174,-20.32843],[-43.41202,-20.32792],[-43.4126,-20.32751],[-43.4137,-20.32729],[-43.41378,-20.32719],[-43.41382,-20.32691],[-43.41398,-20.32681],[-43.41421,-20.32679],[-43.41429,-20.32673],[-43.41439,-20.32646],[-43.41433,-20.32613],[-43.41435,-20.326],[-43.41489,-20.32558],[-43.41514,-20.3249],[-43.41528,-20.32469],[-43.41553,-20.32458],[-43.41588,-20.32456],[-43.41631,-20.32477],[-43.41641,-20.32475],[-43.41655,-20.32457],[-43.41658,-20.32433],[-43.41666,-20.32423],[-43.41682,-20.32414],[-43.41723,-20.32408],[-43.41756,-20.32392],[-43.41784,-20.32366],[-43.41786,-20.32354],[-43.41778,-20.32342],[-43.41712,-20.32326],[-43.41624,-20.32291],[-43.41576,-20.32251],[-43.41524,-20.32227],[-43.41504,-20.32212],[-43.41491,-20.32195],[-43.41491,-20.32185],[-43.41519,-20.32148],[-43.41514,-20.32127],[-43.41507,-20.32121],[-43.41452,-20.32103],[-43.41439,-20.32075],[-43.4143,-20.32066],[-43.41381,-20.32059],[-43.41293,-20.32032],[-43.41252,-20.32006],[-43.4116,-20.31912],[-43.41125,-20.31869],[-43.41078,-20.31831],[-43.41067,-20.31813],[-43.41068,-20.31773],[-43.41061,-20.31763],[-43.41029,-20.3175],[-43.41011,-20.31752],[-43.40995,-20.31764],[-43.40971,-20.31798],[-43.40957,-20.31807],[-43.40931,-20.31812],[-43.40901,-20.31804],[-43.40891,-20.31791],[-43.4089,-20.3178],[-43.40904,-20.31754],[-43.40903,-20.31735],[-43.40839,-20.31697],[-43.40831,-20.3169],[-43.40828,-20.31675],[-43.40839,-20.31663],[-43.40964,-20.31619],[-43.41011,-20.31539],[-43.41054,-20.31483],[-43.41062,-20.31454],[-43.41056,-20.31445],[-43.4104,-20.31441],[-43.40976,-20.31444],[-43.40943,-20.31451],[-43.40929,-20.3146],[-43.40868,-20.31522],[-43.40825,-20.31536],[-43.40774,-20.31537],[-43.40727,-20.31549],[-43.4068,-20.31591],[-43.40649,-20.31608],[-43.40623,-20.3161],[-43.40516,-20.31595],[-43.40481,-20.31585],[-43.4047,-20.31569],[-43.40472,-20.31545],[-43.40513,-20.31416],[-43.40513,-20.31399],[-43.40498,-20.31361],[-43.40464,-20.31314],[-43.40453,-20.31308],[-43.40401,-20.31316],[-43.40379,-20.31315],[-43.4036,-20.31313],[-43.40335,-20.313],[-43.40291,-20.31273],[-43.40254,-20.31229],[-43.4022,-20.31208],[-43.4021,-20.31194],[-43.40196,-20.31134],[-43.40181,-20.31103],[-43.40127,-20.3104],[-43.40102,-20.30982],[-43.40103,-20.30921],[-43.40094,-20.3086],[-43.40065,-20.30829],[-43.40012,-20.30746],[-43.40002,-20.30712],[-43.39999,-20.30661],[-43.3999,-20.3064],[-43.39938,-20.30584],[-43.39925,-20.30567],[-43.39916,-20.30544],[-43.39929,-20.30506],[-43.39948,-20.30473],[-43.3997,-20.30451],[-43.40009,-20.30423],[-43.40036,-20.30392],[-43.40057,-20.30383],[-43.40134,-20.30366],[-43.40152,-20.30355],[-43.40155,-20.30333],[-43.40122,-20.30248],[-43.40119,-20.30221],[-43.40129,-20.30186],[-43.40145,-20.3007],[-43.40143,-20.30059],[-43.40125,-20.30045],[-43.40104,-20.30045],[-43.4005,-20.30059],[-43.39946,-20.30052],[-43.39932,-20.30047],[-43.39919,-20.30028],[-43.39917,-20.3001],[-43.39918,-20.29992],[-43.39942,-20.2995],[-43.39974,-20.29818],[-43.39981,-20.29767],[-43.4001,-20.29723],[-43.40055,-20.29683],[-43.40074,-20.29651],[-43.4008,-20.29622],[-43.40074,-20.29597],[-43.40033,-20.29567],[-43.40013,-20.2951],[-43.40013,-20.29495],[-43.40024,-20.29459],[-43.40043,-20.29418],[-43.40047,-20.29387],[-43.40036,-20.29231],[-43.40019,-20.29189],[-43.40015,-20.29166],[-43.40021,-20.29089],[-43.40026,-20.2907],[-43.40045,-20.29044],[-43.40109,-20.29002],[-43.40126,-20.28984],[-43.40136,-20.28968],[-43.40135,-20.28951],[-43.4011,-20.2893],[-43.40068,-20.2892],[-43.40037,-20.28918],[-43.40025,-20.28911],[-43.40015,-20.28902],[-43.39935,-20.28777],[-43.39876,-20.28709],[-43.39845,-20.28678],[-43.39775,-20.28633],[-43.39768,-20.28605],[-43.39772,-20.285],[-43.39763,-20.28461],[-43.39803,-20.2837],[-43.3987,-20.2828],[-43.39874,-20.28262],[-43.39868,-20.28248],[-43.39874,-20.28228],[-43.39912,-20.28195],[-43.39968,-20.28063],[-43.39993,-20.28046],[-43.40007,-20.28015],[-43.40132,-20.27889],[-43.40159,-20.27849],[-43.40203,-20.27643],[-43.40224,-20.27614],[-43.40249,-20.27556],[-43.4025,-20.2754],[-43.40234,-20.27469],[-43.40214,-20.27447],[-43.4017,-20.27376],[-43.40142,-20.27296],[-43.40137,-20.27255],[-43.40143,-20.2722],[-43.40159,-20.27177],[-43.40184,-20.27141],[-43.40216,-20.27119],[-43.40261,-20.27113],[-43.40328,-20.27114],[-43.40357,-20.27108],[-43.4037,-20.27097],[-43.40394,-20.27058],[-43.40459,-20.27021],[-43.40486,-20.26983],[-43.40502,-20.26936],[-43.40547,-20.26876],[-43.40555,-20.26845],[-43.40563,-20.26774],[-43.40577,-20.26734],[-43.40617,-20.2672],[-43.40637,-20.26706],[-43.40655,-20.26702],[-43.40742,-20.26716],[-43.40789,-20.26741],[-43.40796,-20.26753],[-43.40797,-20.26783],[-43.40806,-20.26797],[-43.40817,-20.26797],[-43.40836,-20.26777],[-43.40845,-20.26756],[-43.4086,-20.26744],[-43.40894,-20.26747],[-43.40904,-20.26738],[-43.40897,-20.26726],[-43.40855,-20.267],[-43.40829,-20.26687],[-43.40799,-20.26685],[-43.40777,-20.26677],[-43.40747,-20.26657],[-43.40742,-20.26642],[-43.40742,-20.26604],[-43.40752,-20.26522],[-43.40752,-20.26465],[-43.4073,-20.26439],[-43.40677,-20.26347],[-43.40652,-20.26318],[-43.40649,-20.26307],[-43.40656,-20.26255],[-43.40653,-20.26245],[-43.40631,-20.26241],[-43.40606,-20.26243],[-43.40577,-20.26255],[-43.40568,-20.26264],[-43.40549,-20.2626],[-43.40544,-20.26248],[-43.40546,-20.26225],[-43.40533,-20.26194],[-43.40516,-20.26187],[-43.40463,-20.26149]]},"properties":{"tipo":"rota","id":"MRN-R35","rota":"ROTA 35","municipio":"Mariana","id_saida":"MRN-S1","origem":"PONTO DE PARTIDA MARIANA","ueop":"52º BPM","cia":"239ª Cia PM","unidade":"239cia","bpm":"52bpm","modalidade":"NAO_INFORMADA","paradas":["MRN-1570"],"destinos":["POSTO DE SAÚDE DE CAMARGOS"],"qtd_paradas":1,"urnas":2,"distancia_km":19.8,"tempo_min":32.7,"trechos":[{"km":19.8,"min":32.7}],"calculada":true,"distancia_via_m":229}},{"type":"Feature","geometry":{"type":"LineString","coordinates":[[-43.41735,-20.36882],[-43.41729,-20.36929],[-43.41634,-20.36913],[-43.41654,-20.36727],[-43.41652,-20.36698],[-43.41628,-20.36648],[-43.41575,-20.36421],[-43.41602,-20.36389],[-43.41673,-20.36352],[-43.41675,-20.36342],[-43.41681,-20.3634],[-43.41687,-20.36345],[-43.4177,-20.36302],[-43.41884,-20.36232],[-43.419,-20.36196],[-43.41846,-20.3616],[-43.41878,-20.3611],[-43.41912,-20.36007],[-43.41853,-20.35998],[-43.41892,-20.35958]]},"properties":{"tipo":"rota","id":"MRN-R36","rota":"ROTA 36","municipio":"Mariana","id_saida":"MRN-S1","origem":"PONTO DE PARTIDA MARIANA","ueop":"52º BPM","cia":"239ª Cia PM","unidade":"239cia","bpm":"52bpm","modalidade":"NAO_INFORMADA","paradas":["MRN-1589"],"destinos":["UNIPAC - FACULDADE PRESIDENTE ANTÔNIO CARLOS"],"qtd_paradas":1,"urnas":10,"distancia_km":1.53,"tempo_min":3.3,"trechos":[{"km":1.53,"min":3.3}],"calculada":true,"distancia_via_m":55}},{"type":"Feature","geometry":{"type":"LineString","coordinates":[[-43.41735,-20.36882],[-43.41729,-20.36929],[-43.41634,-20.36913],[-43.41654,-20.36727],[-43.41652,-20.36698],[-43.41628,-20.36648],[-43.4159,-20.36497],[-43.41584,-20.36447],[-43.41559,-20.36446],[-43.41457,-20.36588],[-43.41403,-20.36484]]},"properties":{"tipo":"rota","id":"MRN-R37","rota":"ROTA 37","municipio":"Mariana","id_saida":"MRN-S1","origem":"PONTO DE PARTIDA MARIANA","ueop":"52º BPM","cia":"239ª Cia PM","unidade":"239cia","bpm":"52bpm","modalidade":"NAO_INFORMADA","paradas":["MRN-1597"],"destinos":["SENAI - MARIANA"],"qtd_paradas":1,"urnas":5,"distancia_km":1.03,"tempo_min":2.1,"trechos":[{"km":1.03,"min":2.1}],"calculada":true,"distancia_via_m":10}},{"type":"Feature","geometry":{"type":"LineString","coordinates":[[-43.41735,-20.36882],[-43.41666,-20.373],[-43.41646,-20.37392],[-43.41644,-20.37442],[-43.41652,-20.37481],[-43.41672,-20.37516],[-43.41737,-20.37559],[-43.41755,-20.3758],[-43.4177,-20.37609],[-43.41786,-20.37621],[-43.41789,-20.37632],[-43.41678,-20.37672],[-43.41625,-20.37686],[-43.41652,-20.37802],[-43.41621,-20.3781],[-43.4165,-20.37895],[-43.41656,-20.37898],[-43.41743,-20.38125],[-43.41756,-20.38202],[-43.4176,-20.38283],[-43.41744,-20.38303],[-43.41668,-20.38356],[-43.4162,-20.38403],[-43.41596,-20.38453],[-43.41562,-20.38498],[-43.41477,-20.38586],[-43.41473,-20.38619],[-43.41474,-20.38716],[-43.41442,-20.38772],[-43.41453,-20.38781],[-43.41517,-20.38807],[-43.41592,-20.38826],[-43.41591,-20.38847],[-43.41634,-20.3885],[-43.41657,-20.38861],[-43.41693,-20.38904],[-43.41796,-20.39063],[-43.4181,-20.39078],[-43.41815,-20.391],[-43.41818,-20.39194],[-43.41907,-20.39445],[-43.41843,-20.39466]]},"properties":{"tipo":"rota","id":"MRN-R38","rota":"ROTA 38","municipio":"Mariana","id_saida":"MRN-S1","origem":"PONTO DE PARTIDA MARIANA","ueop":"52º BPM","cia":"239ª Cia PM","unidade":"239cia","bpm":"52bpm","modalidade":"NAO_INFORMADA","paradas":["MRN-1619"],"destinos":["E.E. JOÃO RAMOS FILHO"],"qtd_paradas":1,"urnas":5,"distancia_km":3.51,"tempo_min":7.0,"trechos":[{"km":3.51,"min":7.0}],"calculada":true,"distancia_via_m":20}},{"type":"Feature","geometry":{"type":"LineString","coordinates":[[-43.41735,-20.36882],[-43.41666,-20.373],[-43.41646,-20.37392],[-43.41644,-20.37442],[-43.41652,-20.37481],[-43.41672,-20.37516],[-43.41737,-20.37559],[-43.41755,-20.3758],[-43.4177,-20.37609],[-43.41786,-20.37621],[-43.41789,-20.37632],[-43.41678,-20.37672],[-43.41625,-20.37686],[-43.41652,-20.37802],[-43.41621,-20.3781],[-43.4165,-20.37895],[-43.41656,-20.37898],[-43.41743,-20.38125],[-43.41756,-20.38202],[-43.4176,-20.38283],[-43.41744,-20.38303],[-43.41668,-20.38356],[-43.4162,-20.38403],[-43.41596,-20.38453],[-43.41562,-20.38498],[-43.41477,-20.38586],[-43.41439,-20.38592],[-43.4133,-20.38593],[-43.41327,-20.38557]]},"properties":{"tipo":"rota","id":"MRN-R39","rota":"ROTA 39","municipio":"Mariana","id_saida":"MRN-S1","origem":"PONTO DE PARTIDA MARIANA","ueop":"52º BPM","cia":"239ª Cia PM","unidade":"239cia","bpm":"52bpm","modalidade":"NAO_INFORMADA","paradas":["MRN-1627"],"destinos":["ASSOCIAÇÃO DOS MORADORES DO BAIRRO SÃO JOSÉ"],"qtd_paradas":1,"urnas":1,"distancia_km":2.44,"tempo_min":5.1,"trechos":[{"km":2.44,"min":5.1}],"calculada":true,"distancia_via_m":12}},{"type":"Feature","geometry":{"type":"LineString","coordinates":[[-43.41735,-20.36882],[-43.41666,-20.373],[-43.41646,-20.37392],[-43.41644,-20.37442],[-43.41652,-20.37481],[-43.41672,-20.37516],[-43.41737,-20.37559],[-43.41763,-20.37556],[-43.4175,-20.3749],[-43.41778,-20.37398],[-43.41816,-20.37245],[-43.41779,-20.37237]]},"properties":{"tipo":"rota","id":"MRN-R40","rota":"ROTA 40","municipio":"Mariana","id_saida":"MRN-S1","origem":"PONTO DE PARTIDA MARIANA","ueop":"52º BPM","cia":"239ª Cia PM","unidade":"239cia","bpm":"52bpm","modalidade":"NAO_INFORMADA","paradas":["MRN-1635"],"destinos":["CENTRO DE ESPECIALIDADES PREVINE"],"qtd_paradas":1,"urnas":7,"distancia_km":1.22,"tempo_min":1.9,"trechos":[{"km":1.22,"min":1.9}],"calculada":true,"distancia_via_m":10}},{"type":"Feature","geometry":{"type":"LineString","coordinates":[[-43.41735,-20.36882],[-43.41666,-20.373],[-43.41646,-20.37392],[-43.41644,-20.37442],[-43.41652,-20.37481],[-43.41672,-20.37516],[-43.41737,-20.37559],[-43.41755,-20.3758],[-43.4177,-20.37609],[-43.41786,-20.37621],[-43.41789,-20.37632],[-43.41678,-20.37672],[-43.41625,-20.37686],[-43.41652,-20.37802],[-43.41621,-20.3781],[-43.4165,-20.37895],[-43.41656,-20.37898],[-43.41699,-20.3801],[-43.41536,-20.3806],[-43.41511,-20.38079],[-43.41507,-20.38142],[-43.41499,-20.38155],[-43.41485,-20.38159],[-43.41454,-20.38149]]},"properties":{"tipo":"rota","id":"MRN-R41","rota":"ROTA 41","municipio":"Mariana","id_saida":"MRN-S1","origem":"PONTO DE PARTIDA MARIANA","ueop":"52º BPM","cia":"239ª Cia PM","unidade":"239cia","bpm":"52bpm","modalidade":"NAO_INFORMADA","paradas":["MRN-1686"],"destinos":["ICHS/UFOP - INSTITUTO DE CIENCIAS HUMANAS E SOCIAIS"],"qtd_paradas":1,"urnas":11,"distancia_km":1.83,"tempo_min":3.9,"trechos":[{"km":1.83,"min":3.9}],"calculada":true,"distancia_via_m":28}},{"type":"Feature","geometry":{"type":"LineString","coordinates":[[-43.79937,-20.24962],[-43.79935,-20.2499],[-43.80001,-20.24995],[-43.8002,-20.25018],[-43.80021,-20.25051],[-43.79961,-20.25126],[-43.80052,-20.25137],[-43.80048,-20.252],[-43.80058,-20.25219],[-43.8006,-20.25261],[-43.80054,-20.25341],[-43.80069,-20.25348],[-43.80082,-20.25368],[-43.80096,-20.25374],[-43.80111,-20.25425],[-43.80289,-20.25322],[-43.80313,-20.25336],[-43.80313,-20.25506],[-43.80309,-20.25555],[-43.80293,-20.25579],[-43.80109,-20.25599],[-43.8009,-20.25594],[-43.8007,-20.25581],[-43.80035,-20.25546]]},"properties":{"tipo":"rota","id":"ITB-R01","rota":"ROTA 01","municipio":"Itabirito","id_saida":"ITB-S1","origem":"PONTO DE PARTIDA ITABIRITO","ueop":"52º BPM","cia":"250ª Cia PM","unidade":"250cia","bpm":"52bpm","modalidade":"NAO_INFORMADA","paradas":["ITB-1589"],"destinos":["ADESITA/ADESIAP"],"qtd_paradas":1,"urnas":1,"distancia_km":1.54,"tempo_min":2.8,"trechos":[{"km":1.54,"min":2.8}],"calculada":true,"distancia_via_m":13}},{"type":"Feature","geometry":{"type":"LineString","coordinates":[[-43.79937,-20.24962],[-43.79935,-20.2499],[-43.80001,-20.24995],[-43.80017,-20.25011],[-43.80021,-20.25051],[-43.79961,-20.25126],[-43.80052,-20.25137],[-43.80048,-20.252],[-43.80058,-20.25219],[-43.80061,-20.2514],[-43.80196,-20.25172],[-43.80214,-20.25102],[-43.80343,-20.2491],[-43.80377,-20.24841]]},"properties":{"tipo":"rota","id":"ITB-R02","rota":"ROTA 02","municipio":"Itabirito","id_saida":"ITB-S1","origem":"PONTO DE PARTIDA ITABIRITO","ueop":"52º BPM","cia":"250ª Cia PM","unidade":"250cia","bpm":"52bpm","modalidade":"NAO_INFORMADA","paradas":["ITB-1449"],"destinos":["APAE"],"qtd_paradas":1,"urnas":6,"distancia_km":1.11,"tempo_min":2.5,"trechos":[{"km":1.11,"min":2.5}],"calculada":true,"distancia_via_m":23}},{"type":"Feature","geometry":{"type":"LineString","coordinates":[[-43.79937,-20.24962],[-43.79946,-20.2488],[-43.79974,-20.24729],[-43.79776,-20.24702],[-43.79766,-20.24776],[-43.79756,-20.24794],[-43.79717,-20.24825],[-43.79677,-20.24836],[-43.79558,-20.24823],[-43.79518,-20.24836],[-43.79502,-20.24849],[-43.79484,-20.24876],[-43.79439,-20.25061],[-43.79438,-20.25119],[-43.79476,-20.25265],[-43.79471,-20.25321],[-43.79459,-20.25357],[-43.79444,-20.25381],[-43.79411,-20.25407],[-43.79291,-20.25462],[-43.79295,-20.25379],[-43.7926,-20.25345]]},"properties":{"tipo":"rota","id":"ITB-R03","rota":"ROTA 03","municipio":"Itabirito","id_saida":"ITB-S1","origem":"PONTO DE PARTIDA ITABIRITO","ueop":"52º BPM","cia":"250ª Cia PM","unidade":"250cia","bpm":"52bpm","modalidade":"NAO_INFORMADA","paradas":["ITB-1481"],"destinos":["ASSOCIAÇÃO COMUNITÁRIA DO ALTO DA ANTENA"],"qtd_paradas":1,"urnas":2,"distancia_km":1.81,"tempo_min":2.9,"trechos":[{"km":1.81,"min":2.9}],"calculada":true,"distancia_via_m":13}},{"type":"Feature","geometry":{"type":"LineString","coordinates":[[-43.79937,-20.24962],[-43.79946,-20.2488],[-43.79971,-20.24756],[-43.80063,-20.24767],[-43.80076,-20.24765],[-43.80098,-20.24723],[-43.80136,-20.24686],[-43.80718,-20.24938],[-43.80687,-20.25023],[-43.80692,-20.25053]]},"properties":{"tipo":"rota","id":"ITB-R04","rota":"ROTA 04","municipio":"Itabirito","id_saida":"ITB-S1","origem":"PONTO DE PARTIDA ITABIRITO","ueop":"52º BPM","cia":"250ª Cia PM","unidade":"250cia","bpm":"52bpm","modalidade":"NAO_INFORMADA","paradas":["ITB-1260"],"destinos":["CEAE - CENTRO ESTADUAL DE ATENÇÃO ESPECIALIZADA - BAIRRO SAUDADE"],"qtd_paradas":1,"urnas":3,"distancia_km":1.25,"tempo_min":2.6,"trechos":[{"km":1.25,"min":2.6}],"calculada":true,"distancia_via_m":16}},{"type":"Feature","geometry":{"type":"LineString","coordinates":[[-43.79937,-20.24962],[-43.79935,-20.2499],[-43.80001,-20.24995],[-43.8002,-20.25018],[-43.80021,-20.25051],[-43.79961,-20.25126],[-43.80052,-20.25137],[-43.80048,-20.252],[-43.80058,-20.25219],[-43.80058,-20.25321],[-43.80054,-20.25341],[-43.80041,-20.25337],[-43.80041,-20.25316]]},"properties":{"tipo":"rota","id":"ITB-R05","rota":"ROTA 05","municipio":"Itabirito","id_saida":"ITB-S1","origem":"PONTO DE PARTIDA ITABIRITO","ueop":"52º BPM","cia":"250ª Cia PM","unidade":"250cia","bpm":"52bpm","modalidade":"NAO_INFORMADA","paradas":["ITB-1627"],"destinos":["CMEI - CELINA SALOMÉ ALVES DE OLIVEIRA"],"qtd_paradas":1,"urnas":6,"distancia_km":0.64,"tempo_min":1.7,"trechos":[{"km":0.64,"min":1.7}],"calculada":true,"distancia_via_m":13}},{"type":"Feature","geometry":{"type":"LineString","coordinates":[[-43.79937,-20.24962],[-43.79946,-20.2488],[-43.79971,-20.24756],[-43.80063,-20.24767],[-43.80076,-20.24765],[-43.80098,-20.24723],[-43.80136,-20.24686],[-43.80207,-20.24587],[-43.80132,-20.24525],[-43.80153,-20.24472],[-43.80155,-20.24443],[-43.80148,-20.24384],[-43.80111,-20.24239],[-43.80064,-20.24078],[-43.80046,-20.24034],[-43.8003,-20.24008],[-43.79958,-20.23963],[-43.79838,-20.23866],[-43.79744,-20.23811],[-43.79714,-20.23815],[-43.79707,-20.2382],[-43.79697,-20.23818],[-43.79678,-20.23829],[-43.79668,-20.23844],[-43.79607,-20.2389],[-43.79587,-20.23894],[-43.79542,-20.23853],[-43.79466,-20.23855],[-43.79438,-20.23821],[-43.79401,-20.23802],[-43.79371,-20.23793]]},"properties":{"tipo":"rota","id":"ITB-R06","rota":"ROTA 06","municipio":"Itabirito","id_saida":"ITB-S1","origem":"PONTO DE PARTIDA ITABIRITO","ueop":"52º BPM","cia":"250ª Cia PM","unidade":"250cia","bpm":"52bpm","modalidade":"NAO_INFORMADA","paradas":["ITB-1562"],"destinos":["CMEI - CENTRO MUNICIPAL DE ED. INFANTIL-ZILEIA ZENITH RODRIGUES BAETA"],"qtd_paradas":1,"urnas":1,"distancia_km":2.12,"tempo_min":3.6,"trechos":[{"km":2.12,"min":3.6}],"calculada":true,"distancia_via_m":25}},{"type":"Feature","geometry":{"type":"LineString","coordinates":[[-43.79937,-20.24962],[-43.79946,-20.2488],[-43.79971,-20.24756],[-43.80063,-20.24767],[-43.80076,-20.24765],[-43.80098,-20.24723],[-43.80136,-20.24686],[-43.80397,-20.248],[-43.80472,-20.2462],[-43.80478,-20.24594],[-43.80472,-20.24509],[-43.80484,-20.24496],[-43.80503,-20.245],[-43.80521,-20.2454],[-43.80527,-20.2461],[-43.80732,-20.24689],[-43.80758,-20.2467],[-43.80783,-20.24669],[-43.80904,-20.24695],[-43.80945,-20.2464]]},"properties":{"tipo":"rota","id":"ITB-R07","rota":"ROTA 07","municipio":"Itabirito","id_saida":"ITB-S1","origem":"PONTO DE PARTIDA ITABIRITO","ueop":"52º BPM","cia":"250ª Cia PM","unidade":"250cia","bpm":"52bpm","modalidade":"NAO_INFORMADA","paradas":["ITB-1465"],"destinos":["CMEI - DONA BARATINHA"],"qtd_paradas":1,"urnas":3,"distancia_km":1.75,"tempo_min":3.3,"trechos":[{"km":1.75,"min":3.3}],"calculada":true,"distancia_via_m":17}},{"type":"Feature","geometry":{"type":"LineString","coordinates":[[-43.79937,-20.24962],[-43.79935,-20.2499],[-43.80001,-20.24995],[-43.8002,-20.25018],[-43.80021,-20.25051],[-43.79961,-20.25126],[-43.80052,-20.25137],[-43.80048,-20.252],[-43.80058,-20.25219],[-43.8006,-20.25261],[-43.80054,-20.25341],[-43.80069,-20.25348],[-43.80069,-20.25372],[-43.80067,-20.25396],[-43.8005,-20.2545],[-43.80049,-20.25479],[-43.80005,-20.25516],[-43.80001,-20.25524],[-43.79944,-20.25558],[-43.79921,-20.25564],[-43.79848,-20.25602],[-43.79776,-20.25619],[-43.79737,-20.25621],[-43.79717,-20.25616],[-43.79611,-20.25626],[-43.79526,-20.25656],[-43.79472,-20.25687],[-43.79432,-20.25723],[-43.79385,-20.25784],[-43.79354,-20.2586],[-43.79338,-20.25924],[-43.79336,-20.25972],[-43.7934,-20.26002],[-43.79371,-20.26102],[-43.79401,-20.26156],[-43.79456,-20.26216],[-43.79529,-20.26266],[-43.79604,-20.26302],[-43.79755,-20.26349],[-43.7987,-20.26371],[-43.79846,-20.26423],[-43.79836,-20.26488],[-43.7982,-20.2651],[-43.79799,-20.26583],[-43.79758,-20.26573],[-43.79749,-20.26575],[-43.79734,-20.26623],[-43.79717,-20.26635],[-43.79706,-20.26636],[-43.79688,-20.26626],[-43.79691,-20.26611]]},"properties":{"tipo":"rota","id":"ITB-R08","rota":"ROTA 08","municipio":"Itabirito","id_saida":"ITB-S1","origem":"PONTO DE PARTIDA ITABIRITO","ueop":"52º BPM","cia":"250ª Cia PM","unidade":"250cia","bpm":"52bpm","modalidade":"NAO_INFORMADA","paradas":["ITB-1570"],"destinos":["CMEI - TIA LOLINHA"],"qtd_paradas":1,"urnas":1,"distancia_km":3.0,"tempo_min":5.7,"trechos":[{"km":3.0,"min":5.7}],"calculada":true,"distancia_via_m":13}},{"type":"Feature","geometry":{"type":"LineString","coordinates":[[-43.79937,-20.24962],[-43.79951,-20.2485],[-43.79776,-20.24839],[-43.79769,-20.24855]]},"properties":{"tipo":"rota","id":"ITB-R09","rota":"ROTA 09","municipio":"Itabirito","id_saida":"ITB-S1","origem":"PONTO DE PARTIDA ITABIRITO","ueop":"52º BPM","cia":"250ª Cia PM","unidade":"250cia","bpm":"52bpm","modalidade":"NAO_INFORMADA","paradas":["ITB-1635"],"destinos":["CMEI MARIA HELENA ASSIS PARANHOS"],"qtd_paradas":1,"urnas":3,"distancia_km":0.33,"tempo_min":0.8,"trechos":[{"km":0.33,"min":0.8}],"calculada":true,"distancia_via_m":21}},{"type":"Feature","geometry":{"type":"LineString","coordinates":[[-43.79937,-20.24962],[-43.79935,-20.2499],[-43.80001,-20.24995],[-43.8002,-20.25018],[-43.80021,-20.25051],[-43.79961,-20.25126],[-43.80052,-20.25137],[-43.80048,-20.252],[-43.80058,-20.25219],[-43.8006,-20.25261],[-43.80054,-20.25341],[-43.80069,-20.25348],[-43.80069,-20.25372],[-43.80067,-20.25396],[-43.8005,-20.2545],[-43.80049,-20.25479],[-43.80005,-20.25516],[-43.80001,-20.25524],[-43.79944,-20.25558],[-43.79921,-20.25564],[-43.79848,-20.25602],[-43.79776,-20.25619],[-43.79737,-20.25621],[-43.79717,-20.25616],[-43.79611,-20.25626],[-43.79526,-20.25656],[-43.79472,-20.25687],[-43.79432,-20.25723],[-43.79385,-20.25784],[-43.79354,-20.2586],[-43.79338,-20.25924],[-43.79336,-20.25972],[-43.7934,-20.26002],[-43.79371,-20.26102],[-43.79401,-20.26156],[-43.79456,-20.26216],[-43.79529,-20.26266],[-43.79604,-20.26302],[-43.79755,-20.26349],[-43.7987,-20.26371],[-43.79866,-20.26379],[-43.7977,-20.26362],[-43.79564,-20.26298],[-43.79463,-20.26238],[-43.79436,-20.26214]]},"properties":{"tipo":"rota","id":"ITB-R10","rota":"ROTA 10","municipio":"Itabirito","id_saida":"ITB-S1","origem":"PONTO DE PARTIDA ITABIRITO","ueop":"52º BPM","cia":"250ª Cia PM","unidade":"250cia","bpm":"52bpm","modalidade":"NAO_INFORMADA","paradas":["ITB-1368"],"destinos":["CRAS - CASA DA FAMÍLIA"],"qtd_paradas":1,"urnas":4,"distancia_km":3.07,"tempo_min":5.4,"trechos":[{"km":3.07,"min":5.4}],"calculada":true,"distancia_via_m":13}},{"type":"Feature","geometry":{"type":"LineString","coordinates":[[-43.79937,-20.24962],[-43.79935,-20.2499],[-43.80001,-20.24995],[-43.80017,-20.25011],[-43.80021,-20.25051],[-43.79961,-20.25126],[-43.80052,-20.25137],[-43.80048,-20.252],[-43.80058,-20.25219],[-43.80061,-20.2514],[-43.80396,-20.25215],[-43.80448,-20.25231],[-43.80481,-20.25347],[-43.80391,-20.25435]]},"properties":{"tipo":"rota","id":"ITB-R11","rota":"ROTA 11","municipio":"Itabirito","id_saida":"ITB-S1","origem":"PONTO DE PARTIDA ITABIRITO","ueop":"52º BPM","cia":"250ª Cia PM","unidade":"250cia","bpm":"52bpm","modalidade":"NAO_INFORMADA","paradas":["ITB-1120"],"destinos":["ESCOLA ESTADUAL DR RAUL SOARES"],"qtd_paradas":1,"urnas":7,"distancia_km":1.24,"tempo_min":3.3,"trechos":[{"km":1.24,"min":3.3}],"calculada":true,"distancia_via_m":18}},{"type":"Feature","geometry":{"type":"LineString","coordinates":[[-43.79937,-20.24962],[-43.79946,-20.2488],[-43.79971,-20.24756],[-43.80063,-20.24767],[-43.80076,-20.24765],[-43.80098,-20.24723],[-43.80136,-20.24686],[-43.80718,-20.24938],[-43.80687,-20.25023],[-43.80694,-20.25066],[-43.80695,-20.25149],[-43.80691,-20.25169],[-43.80635,-20.25185],[-43.80607,-20.25211],[-43.8061,-20.25234],[-43.80597,-20.25268],[-43.80624,-20.25328],[-43.80647,-20.25366],[-43.80676,-20.25393],[-43.80702,-20.25407],[-43.8074,-20.25412],[-43.80769,-20.25408],[-43.80864,-20.2538],[-43.80971,-20.25398],[-43.81064,-20.25404],[-43.81106,-20.25418],[-43.8119,-20.25467],[-43.81292,-20.25501],[-43.81307,-20.2551],[-43.81336,-20.25551],[-43.81375,-20.25573]]},"properties":{"tipo":"rota","id":"ITB-R12","rota":"ROTA 12","municipio":"Itabirito","id_saida":"ITB-S1","origem":"PONTO DE PARTIDA ITABIRITO","ueop":"52º BPM","cia":"250ª Cia PM","unidade":"250cia","bpm":"52bpm","modalidade":"NAO_INFORMADA","paradas":["ITB-1252"],"destinos":["ESCOLA ESTADUAL HENRIQUE MICHEL"],"qtd_paradas":1,"urnas":7,"distancia_km":2.51,"tempo_min":4.5,"trechos":[{"km":2.51,"min":4.5}],"calculada":true,"distancia_via_m":22}},{"type":"Feature","geometry":{"type":"LineString","coordinates":[[-43.79937,-20.24962],[-43.79935,-20.2499],[-43.79856,-20.24986],[-43.79825,-20.25413],[-43.7977,-20.25455],[-43.79722,-20.25502],[-43.79664,-20.25543],[-43.79662,-20.25554],[-43.79622,-20.25551],[-43.79594,-20.2556],[-43.79506,-20.25624],[-43.79467,-20.25631],[-43.79403,-20.25666],[-43.79181,-20.2574],[-43.79169,-20.25736],[-43.79168,-20.2573],[-43.79189,-20.25694],[-43.79247,-20.25646],[-43.79282,-20.25633],[-43.79327,-20.25634]]},"properties":{"tipo":"rota","id":"ITB-R13","rota":"ROTA 13","municipio":"Itabirito","id_saida":"ITB-S1","origem":"PONTO DE PARTIDA ITABIRITO","ueop":"52º BPM","cia":"250ª Cia PM","unidade":"250cia","bpm":"52bpm","modalidade":"NAO_INFORMADA","paradas":["ITB-1554"],"destinos":["ESCOLA ESTADUAL INTENDENTE CÂMARA"],"qtd_paradas":1,"urnas":7,"distancia_km":1.62,"tempo_min":3.0,"trechos":[{"km":1.62,"min":3.0}],"calculada":true,"distancia_via_m":15}},{"type":"Feature","geometry":{"type":"LineString","coordinates":[[-43.79937,-20.24962],[-43.79946,-20.2488],[-43.79971,-20.24756],[-43.80063,-20.24767],[-43.80076,-20.24765],[-43.80098,-20.24723],[-43.80136,-20.24686],[-43.80718,-20.24938],[-43.80844,-20.24771],[-43.80833,-20.24764]]},"properties":{"tipo":"rota","id":"ITB-R14","rota":"ROTA 14","municipio":"Itabirito","id_saida":"ITB-S1","origem":"PONTO DE PARTIDA ITABIRITO","ueop":"52º BPM","cia":"250ª Cia PM","unidade":"250cia","bpm":"52bpm","modalidade":"NAO_INFORMADA","paradas":["ITB-1287"],"destinos":["ESCOLA ESTADUAL PROF TIBÚRCIO"],"qtd_paradas":1,"urnas":7,"distancia_km":1.36,"tempo_min":3.0,"trechos":[{"km":1.36,"min":3.0}],"calculada":true,"distancia_via_m":13}},{"type":"Feature","geometry":{"type":"LineString","coordinates":[[-43.79937,-20.24962],[-43.79946,-20.2488],[-43.79971,-20.24756],[-43.80063,-20.24767],[-43.80076,-20.24765],[-43.80098,-20.24723],[-43.80136,-20.24686],[-43.80718,-20.24938],[-43.80687,-20.25023],[-43.80694,-20.25066],[-43.80695,-20.25149],[-43.80691,-20.25169],[-43.80635,-20.25185],[-43.80607,-20.25211],[-43.8061,-20.25234],[-43.80597,-20.25268],[-43.80624,-20.25328],[-43.80647,-20.25366],[-43.80676,-20.25393],[-43.80702,-20.25407],[-43.8074,-20.25412],[-43.8082,-20.25394],[-43.80826,-20.25416],[-43.80846,-20.25434],[-43.8086,-20.25439],[-43.80907,-20.25437],[-43.80936,-20.25441],[-43.81029,-20.25472],[-43.81091,-20.255],[-43.8111,-20.25527],[-43.81132,-20.25682],[-43.8111,-20.25694],[-43.8111,-20.25756],[-43.81098,-20.25873],[-43.8109,-20.25934],[-43.81075,-20.25977],[-43.81081,-20.25982],[-43.81174,-20.25993],[-43.81123,-20.26002],[-43.81063,-20.26028],[-43.81024,-20.26053]]},"properties":{"tipo":"rota","id":"ITB-R15","rota":"ROTA 15","municipio":"Itabirito","id_saida":"ITB-S1","origem":"PONTO DE PARTIDA ITABIRITO","ueop":"52º BPM","cia":"250ª Cia PM","unidade":"250cia","bpm":"52bpm","modalidade":"NAO_INFORMADA","paradas":["ITB-1414"],"destinos":["ESCOLA MUNICIPAL ANA AMÉLIA QUEIROZ"],"qtd_paradas":1,"urnas":4,"distancia_km":3.03,"tempo_min":6.6,"trechos":[{"km":3.03,"min":6.6}],"calculada":true,"distancia_via_m":20}},{"type":"Feature","geometry":{"type":"LineString","coordinates":[[-43.79937,-20.24962],[-43.79935,-20.2499],[-43.79856,-20.24986],[-43.79825,-20.25413],[-43.7977,-20.25455],[-43.79722,-20.25502],[-43.79664,-20.25543],[-43.79662,-20.25554],[-43.79634,-20.2555],[-43.7961,-20.25553],[-43.79578,-20.25569],[-43.79506,-20.25624],[-43.79467,-20.25631],[-43.79403,-20.25666],[-43.79188,-20.25735],[-43.791,-20.25771],[-43.79076,-20.25787],[-43.78961,-20.25913],[-43.78884,-20.25898],[-43.78831,-20.25882],[-43.78686,-20.2589],[-43.78596,-20.25887],[-43.78563,-20.25899],[-43.78521,-20.25904],[-43.78506,-20.2591],[-43.78464,-20.25938],[-43.78396,-20.26],[-43.78342,-20.26028],[-43.78282,-20.26013],[-43.78101,-20.26102],[-43.78084,-20.26106],[-43.78051,-20.26106],[-43.78079,-20.26044],[-43.78074,-20.26031],[-43.78051,-20.26016]]},"properties":{"tipo":"rota","id":"ITB-R16","rota":"ROTA 16","municipio":"Itabirito","id_saida":"ITB-S1","origem":"PONTO DE PARTIDA ITABIRITO","ueop":"52º BPM","cia":"250ª Cia PM","unidade":"250cia","bpm":"52bpm","modalidade":"NAO_INFORMADA","paradas":["ITB-1503"],"destinos":["ESCOLA MUNICIPAL ANJINHO DOURADO"],"qtd_paradas":1,"urnas":3,"distancia_km":2.84,"tempo_min":5.0,"trechos":[{"km":2.84,"min":5.0}],"calculada":true,"distancia_via_m":13}},{"type":"Feature","geometry":{"type":"LineString","coordinates":[[-43.79937,-20.24962],[-43.79946,-20.2488],[-43.79971,-20.24756],[-43.80063,-20.24767],[-43.80076,-20.24765],[-43.80098,-20.24723],[-43.80136,-20.24686],[-43.80207,-20.24587],[-43.80132,-20.24525],[-43.80153,-20.24472],[-43.80155,-20.24443],[-43.80148,-20.24384],[-43.80111,-20.24239],[-43.80054,-20.24054],[-43.80066,-20.24037],[-43.80091,-20.23972],[-43.80102,-20.23958],[-43.80241,-20.23859],[-43.80262,-20.23827],[-43.80273,-20.23752],[-43.80274,-20.23672],[-43.80277,-20.23656],[-43.80288,-20.23643],[-43.80301,-20.23613],[-43.80331,-20.23336],[-43.80343,-20.23289],[-43.80388,-20.23188],[-43.8047,-20.23059],[-43.80478,-20.23025],[-43.80469,-20.2299],[-43.80445,-20.22954],[-43.80359,-20.22901],[-43.8034,-20.22878],[-43.80335,-20.22864],[-43.80337,-20.22826],[-43.80451,-20.22564],[-43.80448,-20.22498],[-43.80424,-20.22395],[-43.80358,-20.22287],[-43.80324,-20.22245],[-43.8022,-20.222],[-43.80178,-20.22162],[-43.80166,-20.22143],[-43.80151,-20.22103],[-43.80146,-20.22075],[-43.80151,-20.21965],[-43.8016,-20.21914],[-43.80181,-20.21863],[-43.8019,-20.21803],[-43.80201,-20.21777],[-43.80223,-20.2175],[-43.80262,-20.21719],[-43.80303,-20.21705],[-43.80312,-20.21681],[-43.80351,-20.21637],[-43.80362,-20.21614],[-43.80359,-20.21573],[-43.80335,-20.21504],[-43.80325,-20.2146],[-43.80251,-20.21293],[-43.80266,-20.21156],[-43.80274,-20.21124],[-43.80296,-20.21098],[-43.80321,-20.21074],[-43.80361,-20.21058],[-43.80378,-20.21045],[-43.80383,-20.21023],[-43.8039,-20.20824],[-43.80386,-20.20772],[-43.80395,-20.20734],[-43.80595,-20.20362],[-43.80629,-20.20316],[-43.80758,-20.20169],[-43.80777,-20.20111],[-43.80782,-20.2006],[-43.80783,-20.19934],[-43.80794,-20.19916],[-43.80852,-20.19874],[-43.80872,-20.19857],[-43.80878,-20.19845],[-43.80883,-20.1982],[-43.80879,-20.19801],[-43.80869,-20.19786],[-43.80767,-20.19721],[-43.8073,-20.1967],[-43.80705,-20.19614],[-43.80703,-20.1959],[-43.80708,-20.1957],[-43.80735,-20.19522],[-43.80783,-20.19467],[-43.80839,-20.1939],[-43.8085,-20.19354],[-43.80859,-20.1927],[-43.80875,-20.1921]]},"properties":{"tipo":"rota","id":"ITB-R17","rota":"ROTA 17","municipio":"Itabirito","id_saida":"ITB-S1","origem":"PONTO DE PARTIDA ITABIRITO","ueop":"52º BPM","cia":"250ª Cia PM","unidade":"250cia","bpm":"52bpm","modalidade":"NAO_INFORMADA","paradas":["ITB-1619"],"destinos":["ESCOLA MUNICIPAL ANTÔNIO TOLEDO SOBRINHO"],"qtd_paradas":1,"urnas":2,"distancia_km":7.39,"tempo_min":8.6,"trechos":[{"km":7.39,"min":8.6}],"calculada":true,"distancia_via_m":38}},{"type":"Feature","geometry":{"type":"LineString","coordinates":[[-43.79937,-20.24962],[-43.79935,-20.2499],[-43.79856,-20.24986],[-43.79825,-20.25413],[-43.7977,-20.25455],[-43.79722,-20.25502],[-43.79664,-20.25543],[-43.79662,-20.25554],[-43.79634,-20.2555],[-43.7961,-20.25553],[-43.79578,-20.25569],[-43.79506,-20.25624],[-43.79467,-20.25631],[-43.79403,-20.25666],[-43.79188,-20.25735],[-43.79085,-20.25779],[-43.78899,-20.25982],[-43.7887,-20.26009],[-43.78839,-20.26029],[-43.78646,-20.26103],[-43.78588,-20.2612],[-43.78544,-20.26125],[-43.78518,-20.26135],[-43.78345,-20.26252],[-43.78258,-20.26304],[-43.78144,-20.26353],[-43.7789,-20.26517],[-43.77798,-20.26559],[-43.7774,-20.26572],[-43.7768,-20.26574],[-43.77453,-20.26548],[-43.77413,-20.26547],[-43.77367,-20.26557],[-43.77225,-20.26606],[-43.77006,-20.26611],[-43.76928,-20.26626],[-43.76858,-20.26648],[-43.76763,-20.26701],[-43.76692,-20.26756],[-43.7624,-20.27162],[-43.76165,-20.27219],[-43.76094,-20.27265],[-43.7603,-20.27299],[-43.75881,-20.27362],[-43.75769,-20.27397],[-43.75629,-20.27425],[-43.75392,-20.27446],[-43.75299,-20.27469],[-43.75262,-20.27483],[-43.75185,-20.27529],[-43.75018,-20.27653],[-43.75002,-20.2764],[-43.74988,-20.2762],[-43.74972,-20.27544],[-43.74944,-20.27458],[-43.74879,-20.27363],[-43.74808,-20.27156],[-43.74806,-20.26976],[-43.74798,-20.26949],[-43.74722,-20.26827],[-43.74658,-20.26771],[-43.74607,-20.26741],[-43.74529,-20.2671],[-43.74499,-20.26703],[-43.74405,-20.26701],[-43.74343,-20.26711],[-43.74324,-20.26725],[-43.74317,-20.26784],[-43.74296,-20.26825],[-43.74253,-20.26862],[-43.74248,-20.26903],[-43.74204,-20.26966],[-43.74194,-20.26969],[-43.74085,-20.26915],[-43.74027,-20.26893],[-43.73992,-20.26887],[-43.7396,-20.26895],[-43.7388,-20.26941],[-43.73816,-20.26957],[-43.73657,-20.26949],[-43.736,-20.26931],[-43.73449,-20.26784],[-43.73379,-20.26689],[-43.73363,-20.26654],[-43.73422,-20.26595],[-43.7343,-20.2656],[-43.73421,-20.26542],[-43.73391,-20.26521],[-43.73301,-20.26439],[-43.73137,-20.26362],[-43.7311,-20.26332],[-43.73056,-20.26252],[-43.73035,-20.26234],[-43.72909,-20.26189],[-43.72839,-20.26153],[-43.72824,-20.26141],[-43.72801,-20.26115],[-43.72787,-20.26091],[-43.72743,-20.25987],[-43.72718,-20.25945],[-43.72659,-20.25897],[-43.72602,-20.25827],[-43.72585,-20.25795],[-43.72582,-20.25758],[-43.72586,-20.25742],[-43.72605,-20.25705],[-43.72676,-20.25623],[-43.72678,-20.256],[-43.72669,-20.25577],[-43.7259,-20.25517],[-43.72518,-20.25473],[-43.72389,-20.25463],[-43.72036,-20.25373],[-43.71893,-20.25308],[-43.71852,-20.25266],[-43.7182,-20.25149],[-43.71816,-20.25077],[-43.71801,-20.24986],[-43.71788,-20.2494],[-43.71762,-20.24881],[-43.71753,-20.24865],[-43.71735,-20.24849],[-43.71595,-20.24779],[-43.71573,-20.24761],[-43.71557,-20.24724],[-43.71508,-20.24456],[-43.71497,-20.24422],[-43.71491,-20.24414],[-43.71461,-20.24397],[-43.71383,-20.24379],[-43.71369,-20.24372],[-43.71356,-20.24353],[-43.71343,-20.2429],[-43.71303,-20.24158],[-43.71312,-20.24085],[-43.71307,-20.2405],[-43.7127,-20.23995],[-43.71264,-20.23967],[-43.71283,-20.23898],[-43.71288,-20.23858],[-43.71267,-20.23811],[-43.71238,-20.23766],[-43.71217,-20.2374],[-43.71124,-20.23687],[-43.71076,-20.23697],[-43.71056,-20.23696],[-43.71009,-20.23649],[-43.70821,-20.2362],[-43.7079,-20.23576],[-43.70732,-20.23539],[-43.70725,-20.23518],[-43.70732,-20.23485],[-43.70752,-20.23453],[-43.70778,-20.23445],[-43.70811,-20.2346],[-43.70835,-20.23457],[-43.70895,-20.23433],[-43.70938,-20.2344],[-43.71021,-20.23441],[-43.71106,-20.23432],[-43.71142,-20.23405],[-43.71138,-20.23376],[-43.71008,-20.23229],[-43.70945,-20.23175],[-43.70912,-20.23131],[-43.70813,-20.23103],[-43.7079,-20.2308],[-43.70727,-20.22964],[-43.7075,-20.22826],[-43.70732,-20.22785],[-43.70657,-20.22713],[-43.70518,-20.2268],[-43.70475,-20.22659],[-43.70308,-20.22533],[-43.70294,-20.22515],[-43.70323,-20.22403],[-43.70369,-20.22365],[-43.70377,-20.22326],[-43.70286,-20.2216],[-43.70274,-20.22118],[-43.70202,-20.22039],[-43.70119,-20.22027],[-43.70077,-20.22039],[-43.70061,-20.22026],[-43.70033,-20.21987],[-43.7,-20.21959],[-43.69941,-20.21951],[-43.69938,-20.21932],[-43.69963,-20.21839],[-43.69996,-20.21776],[-43.70077,-20.21736],[-43.70128,-20.21703],[-43.702,-20.21683],[-43.70234,-20.21679],[-43.70297,-20.21681],[-43.70325,-20.21673],[-43.70396,-20.21635],[-43.70444,-20.21617],[-43.705,-20.21603],[-43.70591,-20.2159],[-43.70667,-20.21594],[-43.70692,-20.21591],[-43.70721,-20.21581],[-43.7078,-20.21542],[-43.70812,-20.21529],[-43.70866,-20.21516],[-43.70939,-20.21523],[-43.70971,-20.21531],[-43.71046,-20.21561],[-43.71062,-20.21563],[-43.71097,-20.21547],[-43.71121,-20.21528],[-43.71315,-20.21348],[-43.71422,-20.21268],[-43.71461,-20.21224],[-43.71741,-20.21063],[-43.71798,-20.21048],[-43.72082,-20.21045],[-43.72263,-20.21003]]},"properties":{"tipo":"rota","id":"ITB-R18","rota":"ROTA 18","municipio":"Itabirito","id_saida":"ITB-S1","origem":"PONTO DE PARTIDA ITABIRITO","ueop":"52º BPM","cia":"250ª Cia PM","unidade":"250cia","bpm":"52bpm","modalidade":"NAO_INFORMADA","paradas":["ITB-1295"],"destinos":["ESCOLA MUNICIPAL DO ACURUÍ"],"qtd_paradas":1,"urnas":2,"distancia_km":20.16,"tempo_min":28.7,"trechos":[{"km":20.16,"min":28.7}],"calculada":true,"distancia_via_m":13}},{"type":"Feature","geometry":{"type":"LineString","coordinates":[[-43.79937,-20.24962],[-43.79935,-20.2499],[-43.80001,-20.24995],[-43.8002,-20.25018],[-43.80021,-20.25051],[-43.79961,-20.25126],[-43.80052,-20.25137],[-43.80048,-20.252],[-43.80058,-20.25219],[-43.8006,-20.25261],[-43.80054,-20.25341],[-43.80069,-20.25348],[-43.80082,-20.25368],[-43.80096,-20.25374],[-43.80111,-20.25425],[-43.80289,-20.25322],[-43.80313,-20.25336],[-43.80313,-20.25506],[-43.80309,-20.25555],[-43.80293,-20.25579],[-43.80109,-20.25599],[-43.8009,-20.25594],[-43.8007,-20.25581],[-43.80035,-20.25546]]},"properties":{"tipo":"rota","id":"ITB-R19","rota":"ROTA 19","municipio":"Itabirito","id_saida":"ITB-S1","origem":"PONTO DE PARTIDA ITABIRITO","ueop":"52º BPM","cia":"250ª Cia PM","unidade":"250cia","bpm":"52bpm","modalidade":"NAO_INFORMADA","paradas":["ITB-1589"],"destinos":["ADESITA/ADESIAP"],"qtd_paradas":1,"urnas":2,"distancia_km":1.54,"tempo_min":2.8,"trechos":[{"km":1.54,"min":2.8}],"calculada":true,"distancia_via_m":13}},{"type":"Feature","geometry":{"type":"LineString","coordinates":[[-43.79937,-20.24962],[-43.79946,-20.2488],[-43.79971,-20.24756],[-43.80063,-20.24767],[-43.80076,-20.24765],[-43.80098,-20.24723],[-43.80136,-20.24686],[-43.80397,-20.248],[-43.80466,-20.24637],[-43.80478,-20.24594],[-43.80472,-20.24455],[-43.80505,-20.24423],[-43.8065,-20.24383],[-43.80718,-20.24319],[-43.80751,-20.24313],[-43.80765,-20.2425],[-43.80796,-20.24171],[-43.80803,-20.24166],[-43.80815,-20.24167],[-43.80821,-20.24177]]},"properties":{"tipo":"rota","id":"ITB-R20","rota":"ROTA 20","municipio":"Itabirito","id_saida":"ITB-S1","origem":"PONTO DE PARTIDA ITABIRITO","ueop":"52º BPM","cia":"250ª Cia PM","unidade":"250cia","bpm":"52bpm","modalidade":"NAO_INFORMADA","paradas":["ITB-1325"],"destinos":["ESCOLA MUNICIPAL GUILHERME HALLAIS FRANÇA"],"qtd_paradas":1,"urnas":4,"distancia_km":1.69,"tempo_min":3.7,"trechos":[{"km":1.69,"min":3.7}],"calculada":true,"distancia_via_m":18}},{"type":"Feature","geometry":{"type":"LineString","coordinates":[[-43.79937,-20.24962],[-43.79935,-20.2499],[-43.80001,-20.24995],[-43.80017,-20.25011],[-43.80022,-20.25041],[-43.80021,-20.25051],[-43.79961,-20.25126],[-43.79936,-20.2514],[-43.79924,-20.2514],[-43.79927,-20.25095]]},"properties":{"tipo":"rota","id":"ITB-R21","rota":"ROTA 21","municipio":"Itabirito","id_saida":"ITB-S1","origem":"PONTO DE PARTIDA ITABIRITO","ueop":"52º BPM","cia":"250ª Cia PM","unidade":"250cia","bpm":"52bpm","modalidade":"NAO_INFORMADA","paradas":["ITB-1392"],"destinos":["ESCOLA MUNICIPAL JOSÉ FERREIRA BASTOS"],"qtd_paradas":1,"urnas":5,"distancia_km":0.37,"tempo_min":1.0,"trechos":[{"km":0.37,"min":1.0}],"calculada":true,"distancia_via_m":19}},{"type":"Feature","geometry":{"type":"LineString","coordinates":[[-43.79937,-20.24962],[-43.79946,-20.2488],[-43.79971,-20.24756],[-43.80063,-20.24767],[-43.80076,-20.24765],[-43.80098,-20.24723],[-43.80136,-20.24686],[-43.80207,-20.24587],[-43.80132,-20.24525],[-43.80153,-20.24472],[-43.80155,-20.24443],[-43.80148,-20.24384],[-43.80111,-20.24239],[-43.80064,-20.24078],[-43.80046,-20.24034],[-43.8003,-20.24008],[-43.79958,-20.23963],[-43.79838,-20.23866],[-43.79744,-20.23811],[-43.79714,-20.23815],[-43.79707,-20.2382],[-43.79697,-20.23818],[-43.79693,-20.23809],[-43.79698,-20.23779],[-43.79662,-20.23597],[-43.79659,-20.23567],[-43.79662,-20.23544],[-43.79672,-20.23507],[-43.797,-20.23469],[-43.79718,-20.23454],[-43.79837,-20.23385],[-43.79871,-20.23347],[-43.79888,-20.2331],[-43.79892,-20.23289],[-43.79892,-20.23205],[-43.79901,-20.23104],[-43.79924,-20.23055],[-43.79938,-20.23036],[-43.7997,-20.23008],[-43.80048,-20.22951],[-43.80123,-20.22887],[-43.80155,-20.22844],[-43.80177,-20.22799],[-43.80196,-20.22726],[-43.802,-20.2266],[-43.80196,-20.22546],[-43.80163,-20.22058],[-43.80167,-20.21976],[-43.80175,-20.21936],[-43.80224,-20.21814],[-43.80239,-20.21793],[-43.80263,-20.21777],[-43.80342,-20.21744],[-43.80364,-20.21726],[-43.80382,-20.21703],[-43.80413,-20.21601],[-43.80414,-20.21571],[-43.804,-20.21434],[-43.8041,-20.21414],[-43.80425,-20.214],[-43.80445,-20.21392],[-43.80468,-20.21391],[-43.80487,-20.21396],[-43.80502,-20.21408],[-43.80514,-20.21429],[-43.80538,-20.21507],[-43.80612,-20.21609],[-43.80632,-20.2171],[-43.8064,-20.21728],[-43.80655,-20.21743],[-43.80675,-20.21753],[-43.80699,-20.21756],[-43.80799,-20.21745],[-43.80834,-20.21746],[-43.80868,-20.21756],[-43.80909,-20.21781],[-43.81041,-20.21915],[-43.81065,-20.21932],[-43.81083,-20.21938],[-43.81105,-20.21937],[-43.81197,-20.21901],[-43.81227,-20.21905],[-43.8125,-20.21919],[-43.81341,-20.2201],[-43.81376,-20.22027],[-43.81411,-20.2203],[-43.81442,-20.22026],[-43.81466,-20.22016],[-43.81501,-20.21988],[-43.81513,-20.21971],[-43.81522,-20.21946],[-43.8153,-20.21866],[-43.81539,-20.21845],[-43.81571,-20.21818],[-43.8159,-20.21813],[-43.81627,-20.21816],[-43.81646,-20.21825],[-43.81793,-20.21938],[-43.81835,-20.21951],[-43.81863,-20.21951],[-43.81986,-20.21919],[-43.82046,-20.21915],[-43.82157,-20.21921],[-43.82199,-20.2191],[-43.82221,-20.21893],[-43.82234,-20.21875],[-43.82241,-20.21853],[-43.82245,-20.21806],[-43.82244,-20.21692],[-43.82251,-20.21676],[-43.82271,-20.21659],[-43.82291,-20.21651],[-43.82308,-20.2165],[-43.82339,-20.21659],[-43.82351,-20.21666],[-43.82361,-20.21682],[-43.82368,-20.21699],[-43.82381,-20.21797],[-43.82401,-20.21832],[-43.8244,-20.21853],[-43.82481,-20.21857],[-43.8257,-20.21838],[-43.82672,-20.21807],[-43.82827,-20.21768],[-43.82924,-20.21736],[-43.83025,-20.21729],[-43.8311,-20.21713],[-43.83364,-20.21626],[-43.83487,-20.21619],[-43.83542,-20.2161],[-43.83675,-20.21565],[-43.83976,-20.21497],[-43.83996,-20.21488],[-43.84026,-20.21457],[-43.84036,-20.21432],[-43.84032,-20.21388],[-43.84021,-20.21367],[-43.83921,-20.21246],[-43.83914,-20.21229],[-43.83911,-20.21195],[-43.83922,-20.21163],[-43.83938,-20.21142],[-43.83963,-20.21125],[-43.84029,-20.21095],[-43.84051,-20.21078],[-43.84085,-20.21032],[-43.84115,-20.20952],[-43.84117,-20.2091],[-43.84051,-20.20711],[-43.84054,-20.20672],[-43.84092,-20.20551],[-43.84087,-20.20493],[-43.84064,-20.20441],[-43.84058,-20.2041],[-43.8406,-20.2038],[-43.8408,-20.20336],[-43.84117,-20.20301],[-43.84497,-20.20115],[-43.84552,-20.20058],[-43.84895,-20.19644],[-43.84967,-20.19562],[-43.85007,-20.19525],[-43.85082,-20.19469],[-43.85585,-20.19167],[-43.85666,-20.19126],[-43.85765,-20.19093],[-43.85842,-20.19081],[-43.8593,-20.1908],[-43.85986,-20.19086],[-43.86073,-20.19105],[-43.86297,-20.1921],[-43.86294,-20.19232],[-43.86285,-20.19239],[-43.8627,-20.19242],[-43.86256,-20.19236],[-43.86224,-20.19235],[-43.8621,-20.19241],[-43.86202,-20.19251],[-43.86151,-20.19381],[-43.86116,-20.1956],[-43.86124,-20.19654],[-43.86136,-20.19687],[-43.8619,-20.19782],[-43.86238,-20.19837],[-43.86301,-20.19878],[-43.8638,-20.1992],[-43.86544,-20.19984],[-43.86637,-20.20004],[-43.86734,-20.20021],[-43.8686,-20.20033],[-43.87132,-20.20039],[-43.87161,-20.20038],[-43.87206,-20.20028],[-43.87238,-20.20015],[-43.87265,-20.19997],[-43.87304,-20.19955],[-43.87329,-20.199],[-43.87359,-20.19753],[-43.87371,-20.19723],[-43.87404,-20.19673],[-43.87452,-20.19635],[-43.87512,-20.19609],[-43.87913,-20.19492],[-43.8826,-20.19375],[-43.88333,-20.19335],[-43.88361,-20.19312],[-43.88403,-20.19263],[-43.88421,-20.19235],[-43.88601,-20.18857],[-43.88621,-20.18807],[-43.88631,-20.18763],[-43.88629,-20.18593],[-43.88644,-20.18537],[-43.88677,-20.18485],[-43.88839,-20.18318],[-43.88879,-20.18288],[-43.88936,-20.1826],[-43.8901,-20.18242],[-43.89057,-20.18236],[-43.89102,-20.18236],[-43.89222,-20.1825],[-43.89285,-20.18244],[-43.89333,-20.18226],[-43.89363,-20.18207],[-43.89487,-20.18103],[-43.89524,-20.18081],[-43.89553,-20.1807],[-43.89786,-20.18019],[-43.89832,-20.18014],[-43.89875,-20.18017],[-43.89906,-20.18025],[-43.89952,-20.18046],[-43.90324,-20.18293],[-43.9041,-20.18345],[-43.90463,-20.18363],[-43.90685,-20.18398],[-43.90796,-20.18397],[-43.90914,-20.18371],[-43.90983,-20.18338],[-43.91157,-20.18227],[-43.91208,-20.18208],[-43.91275,-20.18206],[-43.91406,-20.18234],[-43.91449,-20.18233],[-43.91496,-20.18222],[-43.91537,-20.18202],[-43.91788,-20.17976],[-43.91844,-20.17931],[-43.91882,-20.17908],[-43.92004,-20.17853],[-43.92598,-20.17618],[-43.92641,-20.17592],[-43.92666,-20.1755],[-43.92678,-20.17505],[-43.92667,-20.17339],[-43.92673,-20.17293],[-43.92698,-20.1722],[-43.92737,-20.17151],[-43.92782,-20.17107],[-43.92828,-20.17073],[-43.93107,-20.16957],[-43.93211,-20.16895],[-43.93247,-20.16866],[-43.93343,-20.1674],[-43.93441,-20.16566],[-43.93524,-20.16434],[-43.93574,-20.16381],[-43.93608,-20.16354],[-43.93652,-20.16326],[-43.93741,-20.16289],[-43.93826,-20.16276],[-43.9389,-20.16276],[-43.94273,-20.16331],[-43.94313,-20.16328],[-43.94352,-20.16315],[-43.94462,-20.16183],[-43.94475,-20.16181],[-43.94479,-20.16189],[-43.94431,-20.16244],[-43.94416,-20.16269],[-43.94419,-20.16301],[-43.94441,-20.16332],[-43.94472,-20.16347],[-43.94503,-20.16351],[-43.94619,-20.1633],[-43.9463,-20.16333],[-43.94637,-20.16342],[-43.94688,-20.16681],[-43.94711,-20.16726],[-43.94708,-20.1674],[-43.947,-20.16749],[-43.94703,-20.16781],[-43.94762,-20.17175],[-43.94777,-20.17227],[-43.94811,-20.17267],[-43.94877,-20.17285],[-43.9491,-20.173],[-43.95067,-20.17491],[-43.95071,-20.17509],[-43.95064,-20.1754],[-43.95043,-20.17591],[-43.95014,-20.17644],[-43.95002,-20.17679],[-43.9499,-20.1773],[-43.94988,-20.17773],[-43.94989,-20.17803],[-43.9501,-20.17874],[-43.95036,-20.17936],[-43.95049,-20.1794],[-43.95061,-20.17952],[-43.95075,-20.17984],[-43.95074,-20.18011],[-43.95066,-20.18024],[-43.95076,-20.18051],[-43.95083,-20.18103],[-43.95083,-20.18188],[-43.95067,-20.18265],[-43.9503,-20.1835],[-43.9498,-20.18415],[-43.94917,-20.18484],[-43.9488,-20.18538],[-43.94867,-20.1857],[-43.94885,-20.18589],[-43.94885,-20.18607],[-43.94874,-20.18621],[-43.94857,-20.18627],[-43.94857,-20.18688],[-43.94864,-20.18747],[-43.94896,-20.18863],[-43.94953,-20.18976],[-43.94994,-20.19078],[-43.95015,-20.19157],[-43.95033,-20.19278],[-43.95046,-20.19282],[-43.95061,-20.19303],[-43.95054,-20.19327],[-43.95042,-20.19335],[-43.95052,-20.19411],[-43.95106,-20.19757],[-43.95118,-20.19815],[-43.95145,-20.19894],[-43.95158,-20.1992],[-43.95184,-20.1995],[-43.95229,-20.19979],[-43.9527,-20.2002],[-43.95293,-20.20056],[-43.9533,-20.20142],[-43.95351,-20.20172],[-43.95381,-20.20199],[-43.95396,-20.20195],[-43.95411,-20.202],[-43.95422,-20.20216],[-43.95414,-20.20238],[-43.954,-20.20245],[-43.9539,-20.20244],[-43.95391,-20.20313],[-43.95385,-20.20328],[-43.95382,-20.20392],[-43.95359,-20.20449],[-43.95327,-20.20597],[-43.95297,-20.20626],[-43.95315,-20.20737]]},"properties":{"tipo":"rota","id":"ITB-R22","rota":"ROTA 22","municipio":"Itabirito","id_saida":"ITB-S1","origem":"PONTO DE PARTIDA ITABIRITO","ueop":"52º BPM","cia":"250ª Cia PM","unidade":"250cia","bpm":"52bpm","modalidade":"NAO_INFORMADA","paradas":["ITB-1546"],"destinos":["ESCOLA MUNICIPAL JUANITA DONADA FRANÇA (CMEI DE ÁGUA LIMPA)"],"qtd_paradas":1,"urnas":3,"distancia_km":31.62,"tempo_min":43.6,"trechos":[{"km":31.62,"min":43.6}],"calculada":true,"distancia_via_m":157}},{"type":"Feature","geometry":{"type":"LineString","coordinates":[[-43.79937,-20.24962],[-43.79946,-20.2488],[-43.79971,-20.24756],[-43.80063,-20.24767],[-43.80076,-20.24765],[-43.80098,-20.24723],[-43.80136,-20.24686],[-43.80207,-20.24587],[-43.80132,-20.24525],[-43.80153,-20.24472],[-43.80155,-20.24443],[-43.80148,-20.24384],[-43.80111,-20.24239],[-43.80054,-20.24054],[-43.80066,-20.24037],[-43.80091,-20.23972],[-43.80102,-20.23958],[-43.80241,-20.23859],[-43.80262,-20.23827],[-43.80273,-20.23752],[-43.80274,-20.23672],[-43.80277,-20.23656],[-43.80288,-20.23643],[-43.80301,-20.23613],[-43.80331,-20.23336],[-43.80343,-20.23289],[-43.80375,-20.23212],[-43.80459,-20.23079],[-43.80476,-20.23041],[-43.80475,-20.23007],[-43.80458,-20.2297],[-43.80426,-20.22939],[-43.80359,-20.22901],[-43.8034,-20.22878],[-43.80335,-20.22864],[-43.80337,-20.22826],[-43.80451,-20.22564],[-43.80448,-20.22498],[-43.80427,-20.22404],[-43.8042,-20.22388],[-43.80368,-20.22427],[-43.80345,-20.22439],[-43.80338,-20.22449],[-43.80336,-20.22501]]},"properties":{"tipo":"rota","id":"ITB-R23","rota":"ROTA 23","municipio":"Itabirito","id_saida":"ITB-S1","origem":"PONTO DE PARTIDA ITABIRITO","ueop":"52º BPM","cia":"250ª Cia PM","unidade":"250cia","bpm":"52bpm","modalidade":"NAO_INFORMADA","paradas":["ITB-1279"],"destinos":["ESCOLA MUNICIPAL LAURA QUEIROZ"],"qtd_paradas":1,"urnas":2,"distancia_km":3.47,"tempo_min":5.1,"trechos":[{"km":3.47,"min":5.1}],"calculada":true,"distancia_via_m":13}},{"type":"Feature","geometry":{"type":"LineString","coordinates":[[-43.79937,-20.24962],[-43.79946,-20.2488],[-43.79974,-20.24729],[-43.79776,-20.24702],[-43.79766,-20.24776],[-43.79756,-20.24794],[-43.79717,-20.24825],[-43.79677,-20.24836],[-43.79558,-20.24823],[-43.79518,-20.24836],[-43.79502,-20.24849],[-43.79491,-20.24862],[-43.79476,-20.249],[-43.79442,-20.25043],[-43.79437,-20.25081],[-43.79443,-20.25145],[-43.79476,-20.25265],[-43.79471,-20.25321],[-43.79459,-20.25357],[-43.79444,-20.25381],[-43.7939,-20.25419],[-43.79328,-20.25324],[-43.79266,-20.25304],[-43.79181,-20.25297],[-43.7912,-20.25261],[-43.7908,-20.25257],[-43.79066,-20.25251],[-43.7903,-20.25205],[-43.78992,-20.25185],[-43.78926,-20.25167],[-43.7887,-20.25135],[-43.78784,-20.25097],[-43.78619,-20.2497],[-43.78582,-20.2496],[-43.78484,-20.24891],[-43.78482,-20.24926],[-43.78443,-20.2494],[-43.78284,-20.2492],[-43.7826,-20.24932],[-43.78243,-20.24953],[-43.78229,-20.24961],[-43.77962,-20.25036],[-43.77938,-20.25038],[-43.77888,-20.25026],[-43.77851,-20.25029],[-43.77874,-20.25099],[-43.77875,-20.25117],[-43.77866,-20.25148],[-43.77922,-20.25141]]},"properties":{"tipo":"rota","id":"ITB-R24","rota":"ROTA 24","municipio":"Itabirito","id_saida":"ITB-S1","origem":"PONTO DE PARTIDA ITABIRITO","ueop":"52º BPM","cia":"250ª Cia PM","unidade":"250cia","bpm":"52bpm","modalidade":"NAO_INFORMADA","paradas":["ITB-1341"],"destinos":["ESCOLA MUNICIPAL MANOEL SALVADOR DE OLIVEIRA"],"qtd_paradas":1,"urnas":8,"distancia_km":3.63,"tempo_min":6.0,"trechos":[{"km":3.63,"min":6.0}],"calculada":true,"distancia_via_m":13}},{"type":"Feature","geometry":{"type":"LineString","coordinates":[[-43.79937,-20.24962],[-43.79935,-20.2499],[-43.79856,-20.24986],[-43.79825,-20.25413],[-43.7977,-20.25455],[-43.79722,-20.25502],[-43.79664,-20.25543],[-43.79662,-20.25554],[-43.79634,-20.2555],[-43.7961,-20.25553],[-43.79578,-20.25569],[-43.79506,-20.25624],[-43.79467,-20.25631],[-43.79403,-20.25666],[-43.79188,-20.25735],[-43.791,-20.25771],[-43.79076,-20.25787],[-43.79022,-20.25846]]},"properties":{"tipo":"rota","id":"ITB-R25","rota":"ROTA 25","municipio":"Itabirito","id_saida":"ITB-S1","origem":"PONTO DE PARTIDA ITABIRITO","ueop":"52º BPM","cia":"250ª Cia PM","unidade":"250cia","bpm":"52bpm","modalidade":"NAO_INFORMADA","paradas":["ITB-1406"],"destinos":["ESCOLA MUNICIPAL NATÁLIA DONADA MELILLO"],"qtd_paradas":1,"urnas":7,"distancia_km":1.59,"tempo_min":2.9,"trechos":[{"km":1.59,"min":2.9}],"calculada":true,"distancia_via_m":20}},{"type":"Feature","geometry":{"type":"LineString","coordinates":[[-43.79937,-20.24962],[-43.79946,-20.2488],[-43.79971,-20.24756],[-43.80063,-20.24767],[-43.80076,-20.24765],[-43.80098,-20.24723],[-43.80136,-20.24686],[-43.80718,-20.24938],[-43.80687,-20.25023],[-43.80694,-20.25066],[-43.80695,-20.25149],[-43.80691,-20.25169],[-43.80635,-20.25185],[-43.80607,-20.25211],[-43.8061,-20.25234],[-43.80597,-20.25268],[-43.80624,-20.25328],[-43.80647,-20.25366],[-43.80676,-20.25393],[-43.80702,-20.25407],[-43.8074,-20.25412],[-43.80769,-20.25408],[-43.80864,-20.2538],[-43.80971,-20.25398],[-43.81064,-20.25404],[-43.81106,-20.25418],[-43.8119,-20.25467],[-43.81292,-20.25501],[-43.81307,-20.2551],[-43.81336,-20.25551],[-43.81358,-20.25565],[-43.81415,-20.25591],[-43.81536,-20.25636],[-43.81631,-20.25728],[-43.81677,-20.25696],[-43.81714,-20.25679],[-43.81763,-20.25659],[-43.81788,-20.25656],[-43.81814,-20.25667],[-43.81911,-20.25746],[-43.81985,-20.25789],[-43.82002,-20.25825],[-43.82006,-20.25847],[-43.82001,-20.25887],[-43.82005,-20.25921],[-43.82056,-20.26053],[-43.8208,-20.26095],[-43.82126,-20.26142],[-43.82279,-20.26338],[-43.82288,-20.26372],[-43.82296,-20.26474],[-43.8229,-20.2649],[-43.82257,-20.26509],[-43.82232,-20.26509],[-43.8216,-20.26489],[-43.82127,-20.26502],[-43.8208,-20.26506],[-43.82069,-20.26511],[-43.82101,-20.26657],[-43.82116,-20.26677],[-43.82154,-20.26709],[-43.82161,-20.26726],[-43.82158,-20.26791],[-43.8214,-20.26836],[-43.82176,-20.26945],[-43.82191,-20.27047],[-43.82202,-20.27182],[-43.82215,-20.27221],[-43.82235,-20.2724],[-43.82264,-20.27255],[-43.82272,-20.27264],[-43.82277,-20.27286],[-43.82253,-20.27381],[-43.82254,-20.27392],[-43.82266,-20.27412],[-43.82268,-20.27436],[-43.82246,-20.27488],[-43.82235,-20.2758],[-43.82213,-20.27615],[-43.82139,-20.27675],[-43.82097,-20.27726],[-43.82074,-20.27793],[-43.82064,-20.27884],[-43.82029,-20.27971],[-43.8211,-20.27979],[-43.82152,-20.27995],[-43.82176,-20.2801],[-43.82334,-20.28148],[-43.82401,-20.28229],[-43.82472,-20.28296],[-43.8256,-20.28368],[-43.82607,-20.28374],[-43.82648,-20.28357],[-43.82668,-20.28356],[-43.82684,-20.28363],[-43.82706,-20.28396],[-43.82718,-20.28404],[-43.82757,-20.28399],[-43.82782,-20.28402],[-43.82838,-20.28442],[-43.82854,-20.28445],[-43.82878,-20.28437],[-43.82971,-20.28384],[-43.83073,-20.28345],[-43.83176,-20.28353],[-43.8323,-20.28366]]},"properties":{"tipo":"rota","id":"ITB-R26","rota":"ROTA 26","municipio":"Itabirito","id_saida":"ITB-S1","origem":"PONTO DE PARTIDA ITABIRITO","ueop":"52º BPM","cia":"250ª Cia PM","unidade":"250cia","bpm":"52bpm","modalidade":"NAO_INFORMADA","paradas":["ITB-1201"],"destinos":["ESCOLA MUNICIPAL PROF OLÍMPIA MALHEIROS"],"qtd_paradas":1,"urnas":2,"distancia_km":7.67,"tempo_min":12.6,"trechos":[{"km":7.67,"min":12.6}],"calculada":true,"distancia_via_m":13}},{"type":"Feature","geometry":{"type":"LineString","coordinates":[[-43.79937,-20.24962],[-43.79946,-20.2488],[-43.79971,-20.24756],[-43.80063,-20.24767],[-43.80076,-20.24765],[-43.80098,-20.24723],[-43.80136,-20.24686],[-43.80718,-20.24938],[-43.80687,-20.25023],[-43.80694,-20.25066],[-43.80695,-20.25149],[-43.80691,-20.25169],[-43.80635,-20.25185],[-43.80607,-20.25211],[-43.8061,-20.25234],[-43.80597,-20.25268],[-43.80624,-20.25328],[-43.80647,-20.25366],[-43.80676,-20.25393],[-43.80702,-20.25407],[-43.8074,-20.25412],[-43.80769,-20.25408],[-43.80864,-20.2538],[-43.80971,-20.25398],[-43.81064,-20.25404],[-43.81106,-20.25418],[-43.8119,-20.25467],[-43.81292,-20.25501],[-43.81307,-20.2551],[-43.81336,-20.25551],[-43.81358,-20.25565],[-43.81415,-20.25591],[-43.81536,-20.25636],[-43.81631,-20.25728],[-43.81677,-20.25696],[-43.81714,-20.25679],[-43.81763,-20.25659],[-43.81788,-20.25656],[-43.81814,-20.25667],[-43.81893,-20.25733],[-43.81991,-20.25796],[-43.82006,-20.25847],[-43.82001,-20.25887],[-43.82005,-20.25921],[-43.82056,-20.26053],[-43.8208,-20.26095],[-43.82126,-20.26142],[-43.82279,-20.26338],[-43.82288,-20.26372],[-43.82296,-20.26474],[-43.8229,-20.2649],[-43.82257,-20.26509],[-43.82232,-20.26509],[-43.8216,-20.26489],[-43.82127,-20.26502],[-43.8208,-20.26506],[-43.82069,-20.26511],[-43.82101,-20.26657],[-43.82116,-20.26677],[-43.82154,-20.26709],[-43.82161,-20.26726],[-43.82158,-20.26791],[-43.8214,-20.26836],[-43.82176,-20.26945],[-43.82191,-20.27047],[-43.82202,-20.27182],[-43.82215,-20.27221],[-43.82235,-20.2724],[-43.82264,-20.27255],[-43.82272,-20.27264],[-43.82277,-20.27286],[-43.82253,-20.27381],[-43.82254,-20.27392],[-43.82266,-20.27412],[-43.82268,-20.27436],[-43.82246,-20.27488],[-43.82235,-20.2758],[-43.82213,-20.27615],[-43.82139,-20.27675],[-43.82097,-20.27726],[-43.82074,-20.27793],[-43.82064,-20.27884],[-43.82029,-20.27971],[-43.8211,-20.27979],[-43.82152,-20.27995],[-43.82176,-20.2801],[-43.82334,-20.28148],[-43.82401,-20.28229],[-43.82472,-20.28296],[-43.8256,-20.28368],[-43.82607,-20.28374],[-43.82648,-20.28357],[-43.82668,-20.28356],[-43.82684,-20.28363],[-43.82706,-20.28396],[-43.82718,-20.28404],[-43.82757,-20.28399],[-43.82782,-20.28402],[-43.82838,-20.28442],[-43.82854,-20.28445],[-43.82878,-20.28437],[-43.82971,-20.28384],[-43.83073,-20.28345],[-43.83176,-20.28353],[-43.8325,-20.28369],[-43.8332,-20.2836],[-43.83355,-20.28378],[-43.83434,-20.28483],[-43.83524,-20.28571],[-43.8357,-20.28604],[-43.83578,-20.28606],[-43.83654,-20.28592],[-43.83709,-20.28568],[-43.8376,-20.2857],[-43.83797,-20.28583],[-43.83832,-20.28606],[-43.83983,-20.28686],[-43.84092,-20.28727],[-43.84108,-20.28728],[-43.84143,-20.28713],[-43.8416,-20.28712],[-43.84239,-20.28733],[-43.84301,-20.28737],[-43.84399,-20.28695],[-43.84421,-20.28697],[-43.84473,-20.28721],[-43.84517,-20.28712],[-43.84557,-20.2871],[-43.84635,-20.28734],[-43.8473,-20.28777],[-43.84742,-20.28787],[-43.84797,-20.28878],[-43.84877,-20.28951],[-43.84918,-20.28996],[-43.84992,-20.2909],[-43.85056,-20.29188],[-43.85062,-20.29206],[-43.85065,-20.29277],[-43.8505,-20.29353],[-43.8505,-20.29377],[-43.85,-20.29502],[-43.85,-20.29524],[-43.85014,-20.29547],[-43.85062,-20.29588],[-43.85103,-20.29666],[-43.85118,-20.29765],[-43.85117,-20.29824],[-43.85111,-20.29851],[-43.85123,-20.29906],[-43.85136,-20.29939],[-43.85149,-20.30018],[-43.85156,-20.30044],[-43.85206,-20.30161],[-43.85251,-20.3024],[-43.85266,-20.30299],[-43.8527,-20.3041],[-43.85308,-20.30518],[-43.8531,-20.30553],[-43.85297,-20.30601],[-43.85267,-20.30676],[-43.85237,-20.30723],[-43.85236,-20.30737],[-43.85349,-20.30999],[-43.85432,-20.31141],[-43.85466,-20.31211],[-43.85496,-20.31247],[-43.85528,-20.31268],[-43.85578,-20.31273],[-43.85589,-20.31278],[-43.85607,-20.31298],[-43.85619,-20.31351],[-43.85705,-20.31416],[-43.85718,-20.31488],[-43.85729,-20.31504],[-43.85754,-20.31519],[-43.85805,-20.31534],[-43.85822,-20.31544],[-43.85845,-20.31564],[-43.85877,-20.3161],[-43.85891,-20.31635],[-43.85894,-20.31681],[-43.85955,-20.31865],[-43.8598,-20.31919],[-43.85993,-20.31936],[-43.86037,-20.31967],[-43.86061,-20.32006],[-43.86071,-20.32074],[-43.86103,-20.3216],[-43.8614,-20.32296],[-43.86157,-20.32325],[-43.86176,-20.3234],[-43.86202,-20.32351],[-43.86229,-20.32355],[-43.86279,-20.32349],[-43.86303,-20.32352],[-43.86346,-20.32369],[-43.86359,-20.32393],[-43.86384,-20.32407],[-43.86405,-20.32407],[-43.86425,-20.32394],[-43.86453,-20.32386],[-43.86555,-20.32393],[-43.86583,-20.32407],[-43.86625,-20.32405],[-43.86695,-20.32411],[-43.86764,-20.32408],[-43.8684,-20.32419],[-43.8687,-20.32416],[-43.86912,-20.32433],[-43.87025,-20.32521],[-43.87202,-20.32505],[-43.87235,-20.32506],[-43.87294,-20.32519],[-43.87401,-20.32576],[-43.87473,-20.32644],[-43.87515,-20.32674],[-43.87578,-20.32702],[-43.87613,-20.3271],[-43.87657,-20.32707],[-43.87666,-20.32715],[-43.87732,-20.32851],[-43.87736,-20.32868],[-43.8773,-20.32954],[-43.87662,-20.33076],[-43.87649,-20.3311],[-43.87664,-20.33309],[-43.87676,-20.33328],[-43.87696,-20.33343],[-43.87719,-20.33378],[-43.87803,-20.33636],[-43.878,-20.33675],[-43.87771,-20.33787],[-43.87777,-20.33819],[-43.8788,-20.33977],[-43.8789,-20.34157],[-43.87873,-20.34236],[-43.87874,-20.34269],[-43.87882,-20.34326],[-43.87895,-20.34374],[-43.87912,-20.34414],[-43.8794,-20.34443],[-43.88055,-20.34536],[-43.88119,-20.34635],[-43.882,-20.34736],[-43.88361,-20.349],[-43.88396,-20.34986],[-43.88435,-20.35017],[-43.88472,-20.35055],[-43.8848,-20.35079],[-43.88478,-20.35113],[-43.88483,-20.35127],[-43.88544,-20.3518],[-43.8857,-20.35184],[-43.88585,-20.35181],[-43.88662,-20.35156],[-43.88713,-20.35123],[-43.88772,-20.351],[-43.88786,-20.35105],[-43.88831,-20.35136],[-43.88859,-20.35138],[-43.88944,-20.35131],[-43.88968,-20.35123],[-43.89006,-20.35132],[-43.89021,-20.35141],[-43.89026,-20.3515],[-43.8902,-20.35177],[-43.89011,-20.35191],[-43.88991,-20.35206],[-43.88957,-20.35217],[-43.88952,-20.35223],[-43.88951,-20.35245],[-43.88933,-20.35254],[-43.88858,-20.35257],[-43.88797,-20.35275],[-43.88785,-20.35288],[-43.88763,-20.35367],[-43.88648,-20.35477],[-43.88591,-20.35524],[-43.8855,-20.35551],[-43.88551,-20.35565],[-43.88564,-20.3557],[-43.88633,-20.35555],[-43.88688,-20.35553],[-43.88717,-20.35557],[-43.88719,-20.35568],[-43.8869,-20.35585],[-43.88664,-20.35624],[-43.88702,-20.35628],[-43.88719,-20.3564],[-43.88772,-20.35747],[-43.88831,-20.35799],[-43.88857,-20.35809],[-43.88919,-20.35813],[-43.88942,-20.35822],[-43.88954,-20.35832],[-43.89004,-20.359],[-43.89012,-20.35907],[-43.89061,-20.35926],[-43.89114,-20.35988],[-43.89137,-20.36002],[-43.89281,-20.36022],[-43.89341,-20.3601],[-43.89376,-20.36012],[-43.89412,-20.36036],[-43.89521,-20.36081],[-43.89528,-20.36087],[-43.89546,-20.36124],[-43.89628,-20.36182],[-43.89656,-20.36185],[-43.89715,-20.36177],[-43.8974,-20.36186],[-43.89787,-20.36214],[-43.8988,-20.36233],[-43.89908,-20.36229],[-43.89937,-20.36212],[-43.90038,-20.36206],[-43.90126,-20.36194],[-43.90204,-20.36161],[-43.90222,-20.36151],[-43.90244,-20.3613],[-43.90277,-20.3606],[-43.90289,-20.36001],[-43.90397,-20.35852],[-43.9042,-20.35785],[-43.90449,-20.35769],[-43.90571,-20.35729],[-43.9059,-20.35715],[-43.90642,-20.35657],[-43.90674,-20.35648],[-43.90753,-20.35642],[-43.90789,-20.35646],[-43.90898,-20.35703],[-43.90937,-20.35717],[-43.90973,-20.3572],[-43.90947,-20.35586],[-43.9096,-20.35538],[-43.90975,-20.35514],[-43.91009,-20.35481],[-43.912,-20.35343],[-43.91252,-20.35274],[-43.91298,-20.3518],[-43.91332,-20.35137],[-43.91355,-20.3512],[-43.91418,-20.35093],[-43.91546,-20.35066],[-43.91738,-20.3498],[-43.91758,-20.34977],[-43.91723,-20.34963],[-43.91712,-20.34951],[-43.91771,-20.34934],[-43.91778,-20.34833]]},"properties":{"tipo":"rota","id":"ITB-R27","rota":"ROTA 27","municipio":"Itabirito","id_saida":"ITB-S1","origem":"PONTO DE PARTIDA ITABIRITO","ueop":"52º BPM","cia":"250ª Cia PM","unidade":"250cia","bpm":"52bpm","modalidade":"NAO_INFORMADA","paradas":["ITB-1350"],"destinos":["ESCOLA MUNICIPAL MARIA DO CARMO PEREIRA - RIBEIRÃO DO EIXO"],"qtd_paradas":1,"urnas":1,"distancia_km":24.91,"tempo_min":48.0,"trechos":[{"km":24.91,"min":48.0}],"calculada":true,"distancia_via_m":39}},{"type":"Feature","geometry":{"type":"LineString","coordinates":[[-43.79937,-20.24962],[-43.79946,-20.2488],[-43.79971,-20.24756],[-43.80063,-20.24767],[-43.80076,-20.24765],[-43.80098,-20.24723],[-43.80136,-20.24686],[-43.80718,-20.24938],[-43.80687,-20.25023],[-43.80694,-20.25066],[-43.80695,-20.25149],[-43.80691,-20.25169],[-43.80635,-20.25185],[-43.80607,-20.25211],[-43.8061,-20.25234],[-43.80597,-20.25268],[-43.80624,-20.25328],[-43.80647,-20.25366],[-43.80676,-20.25393],[-43.80702,-20.25407],[-43.8074,-20.25412],[-43.80769,-20.25408],[-43.80864,-20.2538],[-43.80971,-20.25398],[-43.81064,-20.25404],[-43.81106,-20.25418],[-43.8119,-20.25467],[-43.81292,-20.25501],[-43.81307,-20.2551],[-43.81336,-20.25551],[-43.81358,-20.25565],[-43.81415,-20.25591],[-43.81536,-20.25636],[-43.81631,-20.25728],[-43.81677,-20.25696],[-43.81763,-20.25659],[-43.81788,-20.25656],[-43.81814,-20.25667],[-43.81893,-20.25733],[-43.81991,-20.25796],[-43.82006,-20.25847],[-43.82001,-20.25887],[-43.82005,-20.25921],[-43.82056,-20.26053],[-43.8208,-20.26095],[-43.82126,-20.26142],[-43.82279,-20.26338],[-43.82288,-20.26372],[-43.82296,-20.26474],[-43.8229,-20.2649],[-43.82267,-20.26506],[-43.82366,-20.26632]]},"properties":{"tipo":"rota","id":"ITB-R28","rota":"ROTA 28","municipio":"Itabirito","id_saida":"ITB-S1","origem":"PONTO DE PARTIDA ITABIRITO","ueop":"52º BPM","cia":"250ª Cia PM","unidade":"250cia","bpm":"52bpm","modalidade":"NAO_INFORMADA","paradas":["ITB-1597"],"destinos":["ESCOLA MUNICIPAL VÔ DOTE"],"qtd_paradas":1,"urnas":3,"distancia_km":4.35,"tempo_min":7.5,"trechos":[{"km":4.35,"min":7.5}],"calculada":true,"distancia_via_m":13}},{"type":"Feature","geometry":{"type":"LineString","coordinates":[[-43.79937,-20.24962],[-43.79935,-20.2499],[-43.80001,-20.24995],[-43.8002,-20.25018],[-43.80021,-20.25051],[-43.79961,-20.25126],[-43.80052,-20.25137],[-43.80048,-20.252],[-43.80058,-20.25219],[-43.8006,-20.25261],[-43.80054,-20.25341],[-43.80069,-20.25348],[-43.80082,-20.25368],[-43.80096,-20.25374],[-43.80111,-20.25425],[-43.80203,-20.25374],[-43.80218,-20.25398],[-43.80194,-20.25412]]},"properties":{"tipo":"rota","id":"ITB-R29","rota":"ROTA 29","municipio":"Itabirito","id_saida":"ITB-S1","origem":"PONTO DE PARTIDA ITABIRITO","ueop":"52º BPM","cia":"250ª Cia PM","unidade":"250cia","bpm":"52bpm","modalidade":"NAO_INFORMADA","paradas":["ITB-1139"],"destinos":["ESCOLA PROFESSOR JAYME DE SOUZA MARTINS"],"qtd_paradas":1,"urnas":4,"distancia_km":0.89,"tempo_min":2.3,"trechos":[{"km":0.89,"min":2.3}],"calculada":true,"distancia_via_m":13}},{"type":"Feature","geometry":{"type":"LineString","coordinates":[[-43.79937,-20.24962],[-43.79946,-20.2488],[-43.79971,-20.24756],[-43.80063,-20.24767],[-43.80076,-20.24765],[-43.80098,-20.24723],[-43.80136,-20.24686],[-43.80718,-20.24938],[-43.80687,-20.25023],[-43.80694,-20.25066],[-43.80695,-20.25149],[-43.80691,-20.25169],[-43.80635,-20.25185],[-43.80607,-20.25211],[-43.8061,-20.25234],[-43.80597,-20.25268],[-43.80624,-20.25328],[-43.80647,-20.25366],[-43.80676,-20.25393],[-43.80702,-20.25407],[-43.8074,-20.25412],[-43.80769,-20.25408],[-43.80864,-20.2538],[-43.80971,-20.25398],[-43.81064,-20.25404],[-43.81106,-20.25418],[-43.8119,-20.25467],[-43.81292,-20.25501],[-43.81307,-20.2551],[-43.81336,-20.25551],[-43.81358,-20.25565],[-43.81415,-20.25591],[-43.81536,-20.25636],[-43.81631,-20.25728],[-43.81677,-20.25696],[-43.81714,-20.25679],[-43.81763,-20.25659],[-43.81788,-20.25656],[-43.81814,-20.25667],[-43.81893,-20.25733],[-43.81991,-20.25796],[-43.82006,-20.25847],[-43.82001,-20.25887],[-43.82005,-20.25921],[-43.82056,-20.26053],[-43.8208,-20.26095],[-43.82126,-20.26142],[-43.82279,-20.26338],[-43.82288,-20.26372],[-43.82296,-20.26474],[-43.8229,-20.2649],[-43.82257,-20.26509],[-43.82232,-20.26509],[-43.8216,-20.26489],[-43.82127,-20.26502],[-43.8208,-20.26506],[-43.82069,-20.26511],[-43.82101,-20.26657],[-43.82116,-20.26677],[-43.82154,-20.26709],[-43.82161,-20.26726],[-43.82158,-20.26791],[-43.8214,-20.26836],[-43.82176,-20.26945],[-43.82191,-20.27047],[-43.82202,-20.27182],[-43.82215,-20.27221],[-43.82235,-20.2724],[-43.82264,-20.27255],[-43.82272,-20.27264],[-43.82277,-20.27286],[-43.82253,-20.27381],[-43.82254,-20.27392],[-43.82266,-20.27412],[-43.82268,-20.27436],[-43.82246,-20.27488],[-43.82235,-20.2758],[-43.82213,-20.27615],[-43.82139,-20.27675],[-43.82097,-20.27726],[-43.82074,-20.27793],[-43.82064,-20.27884],[-43.82029,-20.27971],[-43.82072,-20.27976],[-43.82076,-20.27983],[-43.82086,-20.28019],[-43.82102,-20.28122],[-43.82094,-20.28159],[-43.82062,-20.28217],[-43.82053,-20.28252],[-43.8205,-20.28298],[-43.82066,-20.28325],[-43.82096,-20.28356],[-43.8212,-20.28363],[-43.82181,-20.28367],[-43.82212,-20.28387],[-43.82418,-20.28631],[-43.82446,-20.28667],[-43.82471,-20.28719],[-43.82517,-20.28763],[-43.82537,-20.28791],[-43.82595,-20.2881],[-43.82664,-20.28868],[-43.82756,-20.28906],[-43.82778,-20.2892],[-43.82921,-20.29077],[-43.82959,-20.29126],[-43.82971,-20.29144],[-43.8298,-20.29198],[-43.82992,-20.29221],[-43.83025,-20.2925],[-43.83072,-20.29261],[-43.83137,-20.29256],[-43.83171,-20.29261],[-43.83185,-20.2927],[-43.83196,-20.2929],[-43.832,-20.29343],[-43.83206,-20.29359],[-43.83217,-20.29374],[-43.83247,-20.2939],[-43.83354,-20.29356],[-43.83417,-20.29341],[-43.83503,-20.29332],[-43.83519,-20.29333],[-43.83546,-20.29345],[-43.83561,-20.29368],[-43.83518,-20.29436],[-43.8351,-20.29458],[-43.83479,-20.29616],[-43.83476,-20.29643],[-43.83483,-20.29766],[-43.83476,-20.298],[-43.83433,-20.2988],[-43.83427,-20.29905],[-43.83429,-20.29929],[-43.83447,-20.29946],[-43.83484,-20.29967],[-43.83553,-20.29996],[-43.83784,-20.3007],[-43.83808,-20.30082],[-43.83827,-20.30105],[-43.83837,-20.30148],[-43.83838,-20.30192],[-43.83852,-20.30239],[-43.83867,-20.30255],[-43.83889,-20.30265],[-43.83999,-20.30252],[-43.84023,-20.3026],[-43.84053,-20.30295],[-43.84073,-20.30367],[-43.84075,-20.30401],[-43.8404,-20.30522],[-43.84025,-20.30549],[-43.84002,-20.30576],[-43.83884,-20.30669],[-43.83865,-20.30698],[-43.83854,-20.30729],[-43.83849,-20.30762],[-43.83848,-20.31079],[-43.83852,-20.3111],[-43.8386,-20.31131],[-43.83982,-20.31316],[-43.84014,-20.3143],[-43.84026,-20.31503],[-43.84023,-20.31521],[-43.83996,-20.3156],[-43.8396,-20.31599],[-43.8395,-20.31632],[-43.83961,-20.31902],[-43.83978,-20.31976],[-43.83994,-20.32007],[-43.84096,-20.32163],[-43.84106,-20.32189],[-43.84104,-20.32203],[-43.84092,-20.32227],[-43.84078,-20.32239],[-43.84053,-20.32248],[-43.83837,-20.32278],[-43.83812,-20.32284],[-43.83794,-20.32295],[-43.83678,-20.32394],[-43.83622,-20.32453],[-43.83608,-20.32478],[-43.83602,-20.32507],[-43.83604,-20.3255],[-43.83609,-20.32576],[-43.83621,-20.32602],[-43.83672,-20.32676],[-43.83693,-20.32693],[-43.83731,-20.32705],[-43.83778,-20.32712],[-43.83806,-20.32728],[-43.83821,-20.32745],[-43.83834,-20.32794],[-43.83846,-20.3282],[-43.83889,-20.32888],[-43.84049,-20.33045],[-43.84073,-20.33075],[-43.8408,-20.3311],[-43.84076,-20.33138],[-43.84063,-20.33175],[-43.84053,-20.33245],[-43.84079,-20.33423],[-43.84098,-20.33453],[-43.84219,-20.33566],[-43.84244,-20.33597],[-43.84271,-20.33638],[-43.84322,-20.33734],[-43.84328,-20.33754],[-43.84329,-20.33816],[-43.84322,-20.33902],[-43.84309,-20.33948],[-43.84336,-20.33941],[-43.84389,-20.33911],[-43.84501,-20.33824],[-43.84516,-20.3379],[-43.84514,-20.3374],[-43.84519,-20.33719],[-43.84586,-20.33634],[-43.84604,-20.33626],[-43.84663,-20.33618]]},"properties":{"tipo":"rota","id":"ITB-R30","rota":"ROTA 30","municipio":"Itabirito","id_saida":"ITB-S1","origem":"PONTO DE PARTIDA ITABIRITO","ueop":"52º BPM","cia":"250ª Cia PM","unidade":"250cia","bpm":"52bpm","modalidade":"NAO_INFORMADA","paradas":["ITB-1309"],"destinos":["ESCOLA PÚBLICA SÃO GONÇALO DO BAÇÃO"],"qtd_paradas":1,"urnas":2,"distancia_km":15.75,"tempo_min":28.5,"trechos":[{"km":15.75,"min":28.5}],"calculada":true,"distancia_via_m":34}},{"type":"Feature","geometry":{"type":"LineString","coordinates":[[-43.79937,-20.24962],[-43.79946,-20.2488],[-43.79971,-20.24756],[-43.80063,-20.24767],[-43.80076,-20.24765],[-43.80098,-20.24723],[-43.80136,-20.24686],[-43.80397,-20.248],[-43.80466,-20.24637],[-43.80478,-20.24594],[-43.80473,-20.24456],[-43.80497,-20.24491]]},"properties":{"tipo":"rota","id":"ITB-R31","rota":"ROTA 31","municipio":"Itabirito","id_saida":"ITB-S1","origem":"PONTO DE PARTIDA ITABIRITO","ueop":"52º BPM","cia":"250ª Cia PM","unidade":"250cia","bpm":"52bpm","modalidade":"NAO_INFORMADA","paradas":["ITB-1333"],"destinos":["GINÁSIO INDUSTRIAL EST. ENG. QUEIROZ JÚNIOR"],"qtd_paradas":1,"urnas":7,"distancia_km":1.19,"tempo_min":2.4,"trechos":[{"km":1.19,"min":2.4}],"calculada":true,"distancia_via_m":13}},{"type":"Feature","geometry":{"type":"LineString","coordinates":[[-43.79937,-20.24962],[-43.79946,-20.2488],[-43.79971,-20.24756],[-43.80063,-20.24767],[-43.80076,-20.24765],[-43.80098,-20.24723],[-43.80136,-20.24686],[-43.80718,-20.24938],[-43.80687,-20.25023],[-43.80694,-20.25066],[-43.80695,-20.25149],[-43.80691,-20.25169],[-43.80635,-20.25185],[-43.80607,-20.25211],[-43.8061,-20.25234],[-43.80597,-20.25268],[-43.80624,-20.25328],[-43.80647,-20.25366],[-43.80676,-20.25393],[-43.80702,-20.25407],[-43.8074,-20.25412],[-43.80769,-20.25408],[-43.80864,-20.2538],[-43.80971,-20.25398],[-43.81064,-20.25404],[-43.81106,-20.25418],[-43.8119,-20.25467],[-43.81292,-20.25501],[-43.81307,-20.2551],[-43.81336,-20.25551],[-43.81358,-20.25565],[-43.81415,-20.25591],[-43.81536,-20.25636],[-43.81645,-20.25743],[-43.8166,-20.25726],[-43.81677,-20.2572],[-43.81741,-20.25735],[-43.81765,-20.25745],[-43.81852,-20.25807]]},"properties":{"tipo":"rota","id":"ITB-R32","rota":"ROTA 32","municipio":"Itabirito","id_saida":"ITB-S1","origem":"PONTO DE PARTIDA ITABIRITO","ueop":"52º BPM","cia":"250ª Cia PM","unidade":"250cia","bpm":"52bpm","modalidade":"NAO_INFORMADA","paradas":["ITB-1147"],"destinos":["GINÁSIO POLIESPORTIVO FRANCISCO CARLOS BERNARDES DE OLIVEIRA"],"qtd_paradas":1,"urnas":6,"distancia_km":3.12,"tempo_min":5.7,"trechos":[{"km":3.12,"min":5.7}],"calculada":true,"distancia_via_m":13}},{"type":"Feature","geometry":{"type":"LineString","coordinates":[[-43.79937,-20.24962],[-43.79946,-20.2488],[-43.79974,-20.24729],[-43.79776,-20.24702],[-43.79766,-20.24776],[-43.79756,-20.24794],[-43.79717,-20.24825],[-43.79677,-20.24836],[-43.79558,-20.24823],[-43.79518,-20.24836],[-43.79502,-20.24849],[-43.79491,-20.24862],[-43.79476,-20.249],[-43.79442,-20.25043],[-43.79437,-20.25081],[-43.79443,-20.25145],[-43.79476,-20.25265],[-43.79467,-20.25336],[-43.79444,-20.25381],[-43.7943,-20.25394],[-43.7939,-20.25419],[-43.79291,-20.25462],[-43.79287,-20.25535]]},"properties":{"tipo":"rota","id":"ITB-R33","rota":"ROTA 33","municipio":"Itabirito","id_saida":"ITB-S1","origem":"PONTO DE PARTIDA ITABIRITO","ueop":"52º BPM","cia":"250ª Cia PM","unidade":"250cia","bpm":"52bpm","modalidade":"NAO_INFORMADA","paradas":["ITB-1244"],"destinos":["IFMG"],"qtd_paradas":1,"urnas":8,"distancia_km":1.74,"tempo_min":2.7,"trechos":[{"km":1.74,"min":2.7}],"calculada":true,"distancia_via_m":13}},{"type":"Feature","geometry":{"type":"LineString","coordinates":[[-43.79937,-20.24962],[-43.79946,-20.2488],[-43.79971,-20.24756],[-43.80063,-20.24767],[-43.80076,-20.24765],[-43.80098,-20.24723],[-43.80136,-20.24686],[-43.80718,-20.24938],[-43.80687,-20.25023],[-43.80694,-20.25066],[-43.80695,-20.25149],[-43.80691,-20.25169],[-43.80635,-20.25185],[-43.80607,-20.25211],[-43.8061,-20.25234],[-43.80597,-20.25268],[-43.80624,-20.25328],[-43.80647,-20.25366],[-43.80676,-20.25393],[-43.80702,-20.25407],[-43.8074,-20.25412],[-43.80769,-20.25408],[-43.80864,-20.2538],[-43.80971,-20.25398],[-43.81064,-20.25404],[-43.81106,-20.25418],[-43.8119,-20.25467],[-43.81292,-20.25501],[-43.81307,-20.2551],[-43.81336,-20.25551],[-43.81358,-20.25565],[-43.81415,-20.25591],[-43.81536,-20.25636],[-43.81631,-20.25728],[-43.81677,-20.25696],[-43.81714,-20.25679],[-43.81763,-20.25659],[-43.81788,-20.25656],[-43.81814,-20.25667],[-43.81911,-20.25746],[-43.81985,-20.25789],[-43.82002,-20.25825],[-43.82006,-20.25847],[-43.82001,-20.25887],[-43.82005,-20.25921],[-43.82056,-20.26053],[-43.8208,-20.26095],[-43.82126,-20.26142],[-43.82279,-20.26338],[-43.82288,-20.26372],[-43.82296,-20.26474],[-43.8229,-20.2649],[-43.82257,-20.26509],[-43.82232,-20.26509],[-43.8216,-20.26489],[-43.82127,-20.26502],[-43.8208,-20.26506],[-43.82069,-20.26511],[-43.82101,-20.26657],[-43.82116,-20.26677],[-43.82154,-20.26709],[-43.82161,-20.26726],[-43.82158,-20.26791],[-43.8214,-20.26836],[-43.82176,-20.26945],[-43.82191,-20.27047],[-43.82202,-20.27182],[-43.82215,-20.27221],[-43.82235,-20.2724],[-43.82264,-20.27255],[-43.82272,-20.27264],[-43.82277,-20.27286],[-43.82253,-20.27381],[-43.82254,-20.27392],[-43.82266,-20.27412],[-43.82268,-20.27436],[-43.82246,-20.27488],[-43.82235,-20.2758],[-43.82213,-20.27615],[-43.82139,-20.27675],[-43.82097,-20.27726],[-43.82074,-20.27793],[-43.82064,-20.27884],[-43.82029,-20.27971],[-43.8211,-20.27979],[-43.82152,-20.27995],[-43.82176,-20.2801],[-43.82334,-20.28148],[-43.82401,-20.28229],[-43.82472,-20.28296],[-43.8256,-20.28368],[-43.82607,-20.28374],[-43.82648,-20.28357],[-43.82668,-20.28356],[-43.82684,-20.28363],[-43.82706,-20.28396],[-43.82718,-20.28404],[-43.82757,-20.28399],[-43.82782,-20.28402],[-43.82838,-20.28442],[-43.82854,-20.28445],[-43.82878,-20.28437],[-43.82971,-20.28384],[-43.83073,-20.28345],[-43.83176,-20.28353],[-43.8325,-20.28369],[-43.8332,-20.2836],[-43.83355,-20.28378],[-43.83434,-20.28483],[-43.83524,-20.28571],[-43.8357,-20.28604],[-43.83578,-20.28606],[-43.83654,-20.28592],[-43.83709,-20.28568],[-43.8376,-20.2857],[-43.83797,-20.28583],[-43.83832,-20.28606],[-43.83983,-20.28686],[-43.84092,-20.28727],[-43.84108,-20.28728],[-43.84143,-20.28713],[-43.8416,-20.28712],[-43.84239,-20.28733],[-43.84301,-20.28737],[-43.84399,-20.28695],[-43.84421,-20.28697],[-43.84473,-20.28721],[-43.84533,-20.2871],[-43.84572,-20.28714],[-43.84635,-20.28734],[-43.8473,-20.28777],[-43.84742,-20.28787],[-43.84797,-20.28878],[-43.84897,-20.28971],[-43.84992,-20.2909],[-43.85056,-20.29188],[-43.85062,-20.29206],[-43.85065,-20.29277],[-43.8505,-20.29353],[-43.8505,-20.29377],[-43.85,-20.29502],[-43.85,-20.29524],[-43.85014,-20.29547],[-43.85062,-20.29588],[-43.85103,-20.29666],[-43.85118,-20.29765],[-43.85117,-20.29824],[-43.85111,-20.29851],[-43.85123,-20.29906],[-43.85136,-20.29939],[-43.85149,-20.30018],[-43.85156,-20.30044],[-43.85206,-20.30161],[-43.85244,-20.30223],[-43.85266,-20.30299],[-43.8527,-20.3041],[-43.85308,-20.30518],[-43.8531,-20.30553],[-43.85285,-20.30636],[-43.85267,-20.30676],[-43.85237,-20.30723],[-43.85236,-20.30737],[-43.85244,-20.3076],[-43.85349,-20.30999],[-43.85432,-20.31141],[-43.85466,-20.31211],[-43.85496,-20.31247],[-43.85528,-20.31268],[-43.85578,-20.31273],[-43.85589,-20.31278],[-43.85607,-20.31298],[-43.85619,-20.31351],[-43.85705,-20.31416],[-43.85718,-20.31488],[-43.85729,-20.31504],[-43.85754,-20.31519],[-43.85805,-20.31534],[-43.85822,-20.31544],[-43.85845,-20.31564],[-43.85877,-20.3161],[-43.85891,-20.31635],[-43.85894,-20.31681],[-43.8591,-20.31723],[-43.85922,-20.31774],[-43.85965,-20.31887],[-43.85993,-20.31936],[-43.86037,-20.31967],[-43.86061,-20.32006],[-43.86071,-20.32074],[-43.86103,-20.3216],[-43.8614,-20.32296],[-43.86157,-20.32325],[-43.86176,-20.3234],[-43.86202,-20.32351],[-43.86229,-20.32355],[-43.86291,-20.32349],[-43.86337,-20.32364],[-43.86352,-20.32375],[-43.86359,-20.32393],[-43.86384,-20.32407],[-43.86405,-20.32407],[-43.86425,-20.32394],[-43.86453,-20.32386],[-43.86555,-20.32393],[-43.86583,-20.32407],[-43.86625,-20.32405],[-43.86695,-20.32411],[-43.86764,-20.32408],[-43.8684,-20.32419],[-43.8687,-20.32416],[-43.86912,-20.32433],[-43.87025,-20.32521],[-43.87202,-20.32505],[-43.87235,-20.32506],[-43.87294,-20.32519],[-43.87401,-20.32576],[-43.87473,-20.32644],[-43.87515,-20.32674],[-43.87578,-20.32702],[-43.87613,-20.3271],[-43.87657,-20.32707],[-43.87666,-20.32715],[-43.87732,-20.32851],[-43.87736,-20.32868],[-43.8773,-20.32954],[-43.87662,-20.33076],[-43.87649,-20.3311],[-43.87664,-20.33309],[-43.87676,-20.33328],[-43.87696,-20.33343],[-43.87719,-20.33378],[-43.87803,-20.33636],[-43.878,-20.33675],[-43.87771,-20.33787],[-43.87777,-20.33819],[-43.8788,-20.33977],[-43.8789,-20.34157],[-43.87873,-20.34236],[-43.87874,-20.34269],[-43.87882,-20.34326],[-43.87895,-20.34374],[-43.87912,-20.34414],[-43.8794,-20.34443],[-43.88055,-20.34536],[-43.88119,-20.34635],[-43.882,-20.34736],[-43.88361,-20.349],[-43.88396,-20.34986],[-43.88435,-20.35017],[-43.88472,-20.35055],[-43.8848,-20.35079],[-43.88478,-20.35113],[-43.88483,-20.35127],[-43.88529,-20.3517],[-43.88554,-20.35183],[-43.88585,-20.35181],[-43.88662,-20.35156],[-43.88713,-20.35123],[-43.88763,-20.35101],[-43.88786,-20.35105],[-43.8882,-20.35132],[-43.88799,-20.35134],[-43.88772,-20.35157],[-43.88758,-20.3516],[-43.88684,-20.35252],[-43.88663,-20.35265],[-43.88566,-20.35298],[-43.88518,-20.35324],[-43.88455,-20.354],[-43.88436,-20.35413],[-43.8841,-20.35424],[-43.88389,-20.35427],[-43.88291,-20.35424],[-43.88249,-20.3544],[-43.8823,-20.35463],[-43.88189,-20.35534],[-43.88154,-20.35561],[-43.88129,-20.3557],[-43.88035,-20.35571],[-43.87973,-20.3556],[-43.87909,-20.35538],[-43.87881,-20.35536],[-43.87813,-20.35544],[-43.8776,-20.35571],[-43.87738,-20.35592],[-43.87694,-20.35652],[-43.87649,-20.35695],[-43.87589,-20.35743],[-43.87514,-20.35783],[-43.87496,-20.35799],[-43.87482,-20.35822],[-43.87464,-20.3592],[-43.87456,-20.35936],[-43.87441,-20.3595],[-43.87386,-20.3597],[-43.87373,-20.35984],[-43.87365,-20.36003],[-43.87363,-20.36054],[-43.87356,-20.36076],[-43.87321,-20.36123],[-43.8732,-20.36155],[-43.87346,-20.36218],[-43.87346,-20.36233],[-43.87338,-20.3625],[-43.87306,-20.36277],[-43.87248,-20.36309],[-43.87169,-20.36361],[-43.87103,-20.36394]]},"properties":{"tipo":"rota","id":"ITB-R34","rota":"ROTA 34","municipio":"Itabirito","id_saida":"ITB-S1","origem":"PONTO DE PARTIDA ITABIRITO","ueop":"52º BPM","cia":"250ª Cia PM","unidade":"250cia","bpm":"52bpm","modalidade":"NAO_INFORMADA","paradas":["ITB-1376"],"destinos":["POSTO DE SAÚDE DO SABOEIRO"],"qtd_paradas":1,"urnas":1,"distancia_km":21.68,"tempo_min":43.9,"trechos":[{"km":21.68,"min":43.9}],"calculada":true,"distancia_via_m":81}},{"type":"Feature","geometry":{"type":"LineString","coordinates":[[-43.79937,-20.24962],[-43.79946,-20.2488],[-43.79971,-20.24756],[-43.80063,-20.24767],[-43.80076,-20.24765],[-43.80098,-20.24723],[-43.80136,-20.24686],[-43.80718,-20.24938],[-43.80687,-20.25023],[-43.80694,-20.25066],[-43.80693,-20.25162],[-43.80691,-20.25169],[-43.80669,-20.25178],[-43.80687,-20.25229]]},"properties":{"tipo":"rota","id":"ITB-R35","rota":"ROTA 35","municipio":"Itabirito","id_saida":"ITB-S1","origem":"PONTO DE PARTIDA ITABIRITO","ueop":"52º BPM","cia":"250ª Cia PM","unidade":"250cia","bpm":"52bpm","modalidade":"NAO_INFORMADA","paradas":["ITB-1015"],"destinos":["SALÃO PAROQUIAL NOSSA SRA DA BOA VIAGEM"],"qtd_paradas":1,"urnas":4,"distancia_km":1.47,"tempo_min":3.0,"trechos":[{"km":1.47,"min":3.0}],"calculada":true,"distancia_via_m":13}},{"type":"Feature","geometry":{"type":"LineString","coordinates":[[-43.79937,-20.24962],[-43.79935,-20.2499],[-43.80001,-20.24995],[-43.8002,-20.25018],[-43.80021,-20.25051],[-43.79961,-20.25126],[-43.80052,-20.25137],[-43.80048,-20.252],[-43.80058,-20.25219],[-43.8006,-20.25261],[-43.80054,-20.25341],[-43.80069,-20.25348],[-43.80067,-20.25396],[-43.8005,-20.2545],[-43.8005,-20.25477],[-43.80014,-20.25509]]},"properties":{"tipo":"rota","id":"ITB-R36","rota":"ROTA 36","municipio":"Itabirito","id_saida":"ITB-S1","origem":"PONTO DE PARTIDA ITABIRITO","ueop":"52º BPM","cia":"250ª Cia PM","unidade":"250cia","bpm":"52bpm","modalidade":"NAO_INFORMADA","paradas":["ITB-1104"],"destinos":["SECRETARIA DE DESENVOLVIMENTO ECONÔMICO DE ITABIRITO/MG"],"qtd_paradas":1,"urnas":1,"distancia_km":0.82,"tempo_min":2.0,"trechos":[{"km":0.82,"min":2.0}],"calculada":true,"distancia_via_m":13}},{"type":"Feature","geometry":{"type":"LineString","coordinates":[[-43.79937,-20.24962],[-43.79946,-20.2488],[-43.79971,-20.24756],[-43.80063,-20.24767],[-43.80076,-20.24765],[-43.80098,-20.24723],[-43.80136,-20.24686],[-43.80556,-20.2487],[-43.80577,-20.24825],[-43.80459,-20.24776],[-43.80439,-20.24817]]},"properties":{"tipo":"rota","id":"ITB-R37","rota":"ROTA 37","municipio":"Itabirito","id_saida":"ITB-S1","origem":"PONTO DE PARTIDA ITABIRITO","ueop":"52º BPM","cia":"250ª Cia PM","unidade":"250cia","bpm":"52bpm","modalidade":"NAO_INFORMADA","paradas":["ITB-1317"],"destinos":["UBS - NOSSA SENHORA DO BONSUCESSO"],"qtd_paradas":1,"urnas":1,"distancia_km":1.17,"tempo_min":2.7,"trechos":[{"km":1.17,"min":2.7}],"calculada":true,"distancia_via_m":13}},{"type":"Feature","geometry":{"type":"Point","coordinates":[-43.578392,-20.3129456]},"properties":{"tipo":"destino","id":"OPR-1341","municipio":"Ouro Preto","id_saida":"OPR-S1","nome":"ASSOCIAÇÃO EMENDAS ARTESANAIS DE MACIEL","endereco":"MACIEL - DISTRITO DE SAO BARTOLOMEU","bairro":"MACIEL","urnas":1,"cia":"248ª Cia PM","unidade":"248cia","bpm":"52bpm","rotas":["OPR-R34"],"sem_rota":false}},{"type":"Feature","geometry":{"type":"Point","coordinates":[-43.6781254,-20.367109]},"properties":{"tipo":"destino","id":"OPR-1660","municipio":"Ouro Preto","id_saida":"OPR-S1","nome":"CAIC - ESCOLA MUNICIPAL PROF. HAYDEE ANTUNES","endereco":"AV. UM, S/N - CRUZ DOS MONGES - VILA ALEGRE - DIST. CACHOEIRA DO CAMPO","bairro":"DISTRITO CACHOEIRA DO CAMPO","urnas":5,"cia":"248ª Cia PM","unidade":"248cia","bpm":"52bpm","rotas":["OPR-R37"],"sem_rota":false}},{"type":"Feature","geometry":{"type":"Point","coordinates":[-43.499061,-20.5352399]},"properties":{"tipo":"destino","id":"OPR-1570","municipio":"Ouro Preto","id_saida":"OPR-S1","nome":"CAPELA SANTA EFIGÊNIA","endereco":"CANAVIAL - DIST. SANTA RITA","bairro":"CANAVIAL","urnas":1,"cia":"248ª Cia PM","unidade":"248cia","bpm":"52bpm","rotas":["OPR-R21"],"sem_rota":false}},{"type":"Feature","geometry":{"type":"Point","coordinates":[-43.6245096,-20.3442101]},"properties":{"tipo":"destino","id":"OPR-1465","municipio":"Ouro Preto","id_saida":"OPR-S1","nome":"CAPELA SANTO ANTONIO","endereco":"RUA SÃO JOÃO S/N TABUOES","bairro":"TABUOES DE BAIXO","urnas":1,"cia":"248ª Cia PM","unidade":"248cia","bpm":"52bpm","rotas":["OPR-R31"],"sem_rota":false}},{"type":"Feature","geometry":{"type":"Point","coordinates":[-43.5159284,-20.3817218]},"properties":{"tipo":"destino","id":"OPR-1031","municipio":"Ouro Preto","id_saida":"OPR-S1","nome":"COLEGIO ARQUIDIOCESANO DE OURO PRETO","endereco":"RUA ALVARENGA, 519","bairro":"CABEÇAS","urnas":9,"cia":"248ª Cia PM","unidade":"248cia","bpm":"52bpm","rotas":["OPR-R05"],"sem_rota":false}},{"type":"Feature","geometry":{"type":"Point","coordinates":[-43.4747245,-20.292839]},"properties":{"tipo":"destino","id":"OPR-1740","municipio":"Ouro Preto","id_saida":"OPR-S1","nome":"COLEGIO RENASCER","endereco":"RUA PERIMETRAL DO OURO , 2 - VILA RESIDENCIAL ANTONIO PEREIRA","bairro":"VILA SAMARCO","urnas":1,"cia":"248ª Cia PM","unidade":"248cia","bpm":"52bpm","rotas":["OPR-R16"],"sem_rota":false}},{"type":"Feature","geometry":{"type":"Point","coordinates":[-43.5053991,-20.3812734]},"properties":{"tipo":"destino","id":"OPR-1678","municipio":"Ouro Preto","id_saida":"OPR-S1","nome":"CRECHE MUNICIPAL NOÊMIA VELOSO","endereco":"RUA PADRE SIMÕES, 55","bairro":"SAO CRISTOVAO","urnas":3,"cia":"248ª Cia PM","unidade":"248cia","bpm":"52bpm","rotas":["OPR-R06"],"sem_rota":false}},{"type":"Feature","geometry":{"type":"Point","coordinates":[-43.5085077,-20.3870954]},"properties":{"tipo":"destino","id":"OPR-1040","municipio":"Ouro Preto","id_saida":"OPR-S1","nome":"ESCOLA  ESTADUAL DOM VELLOSO","endereco":"RUA CLODOMIRO DE OLIVEIRA, 45","bairro":"PILAR","urnas":7,"cia":"248ª Cia PM","unidade":"248cia","bpm":"52bpm","rotas":["OPR-R09"],"sem_rota":false}},{"type":"Feature","geometry":{"type":"Point","coordinates":[-43.487335,-20.3916518]},"properties":{"tipo":"destino","id":"OPR-1546","municipio":"Ouro Preto","id_saida":"OPR-S1","nome":"ESCOLA  MUNICIPAL  PROFESSOR  HELIO HOMEM DE FARIA","endereco":"RUA DESIDERIO DE MATOS, 1030 - PADRE FARIA","bairro":"CAMINHO DA FABRICA","urnas":9,"cia":"248ª Cia PM","unidade":"248cia","bpm":"52bpm","rotas":["OPR-R04"],"sem_rota":false}},{"type":"Feature","geometry":{"type":"Point","coordinates":[-43.5779703,-20.3148616]},"properties":{"tipo":"destino","id":"OPR-1333","municipio":"Ouro Preto","id_saida":"OPR-S1","nome":"ESCOLA  MUNICIPAL DOUTOR WASHINGTON DE ARAÚJO DIAS","endereco":"RUA DO CARMO, S/N CENTRO - DIST. SÃO BARTOLOMEU","bairro":"DISTRITO SÃO BARTOLOMEU","urnas":2,"cia":"248ª Cia PM","unidade":"248cia","bpm":"52bpm","rotas":["OPR-R33"],"sem_rota":false}},{"type":"Feature","geometry":{"type":"Point","coordinates":[-43.7115957,-20.3641281]},"properties":{"tipo":"destino","id":"OPR-1309","municipio":"Ouro Preto","id_saida":"OPR-S1","nome":"ESCOLA  MUNICIPAL DR. PEDROSA","endereco":"RUA PEDRO GONCALVES DA SILVA, S/N CENTRO - DIST. STO ANTONIO DO LEITE","bairro":"DISTRITO SANTO ANTONIO DO LEITE","urnas":4,"cia":"248ª Cia PM","unidade":"248cia","bpm":"52bpm","rotas":["OPR-R41"],"sem_rota":false}},{"type":"Feature","geometry":{"type":"Point","coordinates":[-43.5036747,-20.3847423]},"properties":{"tipo":"destino","id":"OPR-1058","municipio":"Ouro Preto","id_saida":"OPR-S1","nome":"ESCOLA DE MINAS","endereco":"PRAÇA TIRADENTES, 20","bairro":"CENTRO","urnas":7,"cia":"248ª Cia PM","unidade":"248cia","bpm":"52bpm","rotas":["OPR-R07"],"sem_rota":false}},{"type":"Feature","geometry":{"type":"Point","coordinates":[-43.509042,-20.3980112]},"properties":{"tipo":"destino","id":"OPR-1732","municipio":"Ouro Preto","id_saida":"OPR-S1","nome":"ESCOLA DE MINAS - CAMPUS","endereco":"CAMPUS UNIVERSITARIO","bairro":"MORRO DO CRUZEIRO","urnas":3,"cia":"248ª Cia PM","unidade":"248cia","bpm":"52bpm","rotas":["OPR-R12"],"sem_rota":false}},{"type":"Feature","geometry":{"type":"Point","coordinates":[-43.5131558,-20.4029383]},"properties":{"tipo":"destino","id":"OPR-1163","municipio":"Ouro Preto","id_saida":"OPR-S1","nome":"ESCOLA ESTADUAL DE OURO PRETO","endereco":"RUA SIMAO LACERDA, S/ N","bairro":"BAUXITA","urnas":9,"cia":"248ª Cia PM","unidade":"248cia","bpm":"52bpm","rotas":["OPR-R11"],"sem_rota":false}},{"type":"Feature","geometry":{"type":"Point","coordinates":[-43.4942018,-20.3886395]},"properties":{"tipo":"destino","id":"OPR-1104","municipio":"Ouro Preto","id_saida":"OPR-S1","nome":"ESCOLA ESTADUAL DESEMBARGADOR HORACIO ANDRADE","endereco":"RUA DESIDERIO DE MATOS, S/ N","bairro":"ALTO DA CRUZ","urnas":9,"cia":"248ª Cia PM","unidade":"248cia","bpm":"52bpm","rotas":["OPR-R03"],"sem_rota":false}},{"type":"Feature","geometry":{"type":"Point","coordinates":[-43.5046177,-20.3845982]},"properties":{"tipo":"destino","id":"OPR-1082","municipio":"Ouro Preto","id_saida":"OPR-S1","nome":"ESCOLA ESTADUAL DOM PEDRO II","endereco":"RUA SENADOR ROCHA LAGOA, 94","bairro":"CENTRO","urnas":7,"cia":"248ª Cia PM","unidade":"248cia","bpm":"52bpm","rotas":["OPR-R07"],"sem_rota":false}},{"type":"Feature","geometry":{"type":"Point","coordinates":[-43.5503493,-20.5359943]},"properties":{"tipo":"destino","id":"OPR-1180","municipio":"Ouro Preto","id_saida":"OPR-S1","nome":"ESCOLA ESTADUAL JOSE LEANDRO","endereco":"AV. JOSE LEANDRO, 329 CENTRO - DIST. SANTA RITA","bairro":"DISTRITO SANTA RITA DE OURO PRETO","urnas":9,"cia":"248ª Cia PM","unidade":"248cia","bpm":"52bpm","rotas":["OPR-R20"],"sem_rota":false}},{"type":"Feature","geometry":{"type":"Point","coordinates":[-43.4996321,-20.3876983]},"properties":{"tipo":"destino","id":"OPR-1090","municipio":"Ouro Preto","id_saida":"OPR-S1","nome":"ESCOLA ESTADUAL MARILIA DE DIRCEU","endereco":"LARGO MARILIA DE DIRCEU, 40","bairro":"ANTONIO DIAS","urnas":10,"cia":"248ª Cia PM","unidade":"248cia","bpm":"52bpm","rotas":["OPR-R08"],"sem_rota":false}},{"type":"Feature","geometry":{"type":"Point","coordinates":[-43.677201,-20.347747]},"properties":{"tipo":"destino","id":"OPR-1708","municipio":"Ouro Preto","id_saida":"OPR-S1","nome":"ESCOLA ESTADUAL NOSSA SENHORA  AUXILIADORA","endereco":"RODOVIA DOS INCONFIDENTES S/N, KM 45 - DIST. CACHOEIRA DO CAMPO","bairro":"DISTRITO CACHOEIRA DO CAMPO","urnas":3,"cia":"248ª Cia PM","unidade":"248cia","bpm":"52bpm","rotas":["OPR-R36"],"sem_rota":false}},{"type":"Feature","geometry":{"type":"Point","coordinates":[-43.6707962,-20.3469572]},"properties":{"tipo":"destino","id":"OPR-1244","municipio":"Ouro Preto","id_saida":"OPR-S1","nome":"ESCOLA ESTADUAL PADRE AFONSO DE LEMOS","endereco":"RUA AFONSO MAXIMIANO DIAS, S/N CENTRO - DIST. CACHOEIRA DO CAMPO","bairro":"DISTRITO CACHOEIRA DO CAMPO","urnas":10,"cia":"248ª Cia PM","unidade":"248cia","bpm":"52bpm","rotas":["OPR-R35"],"sem_rota":false}},{"type":"Feature","geometry":{"type":"Point","coordinates":[-43.478931,-20.2950024]},"properties":{"tipo":"destino","id":"OPR-1414","municipio":"Ouro Preto","id_saida":"OPR-S1","nome":"ESCOLA ESTADUAL PROFESSORA DAURA DE CARVALHO NETO","endereco":"RUA C, N 15 -LOTEAMENTO DOM LUCIANO - DIST. ANTONIO PEREIRA","bairro":"DISTRITO ANTONIO PEREIRA","urnas":8,"cia":"248ª Cia PM","unidade":"248cia","bpm":"52bpm","rotas":["OPR-R15"],"sem_rota":false}},{"type":"Feature","geometry":{"type":"Point","coordinates":[-43.643473,-20.2932614]},"properties":{"tipo":"destino","id":"OPR-1384","municipio":"Ouro Preto","id_saida":"OPR-S1","nome":"ESCOLA MUNICIPAL  BENEDITO XAVIER","endereco":"RUA PADRE MANOEL MARIA, 133 - DIST. GLAURA","bairro":"DISTRITO GLAURA","urnas":3,"cia":"248ª Cia PM","unidade":"248cia","bpm":"52bpm","rotas":["OPR-R43"],"sem_rota":false}},{"type":"Feature","geometry":{"type":"Point","coordinates":[-43.455189,-20.4969227]},"properties":{"tipo":"destino","id":"OPR-1430","municipio":"Ouro Preto","id_saida":"OPR-S1","nome":"ESCOLA MUNICIPAL ALEIJADINHO","endereco":"RUA DO ALEIJADINHO, S/N - DIST. STO ANTONIO DO SALTO","bairro":"DISTRITO SANTO ANTONIO DO SALTO","urnas":3,"cia":"248ª Cia PM","unidade":"248cia","bpm":"52bpm","rotas":["OPR-R18"],"sem_rota":false}},{"type":"Feature","geometry":{"type":"Point","coordinates":[-43.5148481,-20.382048]},"properties":{"tipo":"destino","id":"OPR-1554","municipio":"Ouro Preto","id_saida":"OPR-S1","nome":"ESCOLA MUNICIPAL ALFREDO BAETA","endereco":"RUA ALVARENGA, 400","bairro":"CABEÇAS","urnas":4,"cia":"248ª Cia PM","unidade":"248cia","bpm":"52bpm","rotas":["OPR-R05"],"sem_rota":false}},{"type":"Feature","geometry":{"type":"Point","coordinates":[-43.6696703,-20.3481743]},"properties":{"tipo":"destino","id":"OPR-1260","municipio":"Ouro Preto","id_saida":"OPR-S1","nome":"ESCOLA MUNICIPAL BONEQUINHA PRETA - EDUCAÇÃO INFANTIL","endereco":"AVENIDA PEDRO ALEIXO, 218- CENTRO - DIST. CACHOEIRA DO CAMPO","bairro":"DISTRITO CACHOEIRA DO CAMPO","urnas":4,"cia":"248ª Cia PM","unidade":"248cia","bpm":"52bpm","rotas":["OPR-R35"],"sem_rota":false}},{"type":"Feature","geometry":{"type":"Point","coordinates":[-43.52397,-20.4758518]},"properties":{"tipo":"destino","id":"OPR-1449","municipio":"Ouro Preto","id_saida":"OPR-S1","nome":"ESCOLA MUNICIPAL DE LAVRAS NOVAS","endereco":"RUA PRINCIPAL, 690 - DIST. LAVRAS NOVAS","bairro":"DISTRITO LAVRAS NOVAS","urnas":3,"cia":"248ª Cia PM","unidade":"248cia","bpm":"52bpm","rotas":["OPR-R19"],"sem_rota":false}},{"type":"Feature","geometry":{"type":"Point","coordinates":[-43.629997,-20.3794391]},"properties":{"tipo":"destino","id":"OPR-1376","municipio":"Ouro Preto","id_saida":"OPR-S1","nome":"ESCOLA MUNICIPAL DR. ALBERTO MAGALHAES","endereco":"ARROZAL - DIST. CACHOEIRA DO CAMPO","bairro":"ARROZAL - DIST. CACHOEIRA DO CAMPO","urnas":1,"cia":"248ª Cia PM","unidade":"248cia","bpm":"52bpm","rotas":["OPR-R29"],"sem_rota":false}},{"type":"Feature","geometry":{"type":"Point","coordinates":[-43.615279,-20.424423]},"properties":{"tipo":"destino","id":"OPR-1350","municipio":"Ouro Preto","id_saida":"OPR-S1","nome":"ESCOLA MUNICIPAL DR. ALVES DE BRITO","endereco":"RUA DO CAMPO, 26 CENTRO - DIST. RODRIGO SILVA","bairro":"DISTRITO RODRIGO SILVA","urnas":3,"cia":"248ª Cia PM","unidade":"248cia","bpm":"52bpm","rotas":["OPR-R28"],"sem_rota":false}},{"type":"Feature","geometry":{"type":"Point","coordinates":[-43.469874,-20.6075925]},"properties":{"tipo":"destino","id":"OPR-1619","municipio":"Ouro Preto","id_saida":"OPR-S1","nome":"ESCOLA MUNICIPAL INACIO DE SOUZA","endereco":"PIEDADE - DIST. SANTA RITA","bairro":"PIEDADE - SANTA RITA DE OURO PRETO","urnas":1,"cia":"248ª Cia PM","unidade":"248cia","bpm":"52bpm","rotas":["OPR-R26"],"sem_rota":false}},{"type":"Feature","geometry":{"type":"Point","coordinates":[-43.4880865,-20.3821897]},"properties":{"tipo":"destino","id":"OPR-1155","municipio":"Ouro Preto","id_saida":"OPR-S1","nome":"ESCOLA MUNICIPAL INFANTIL CIRANDINHA","endereco":"RUA 24 DE JUNHO, 315","bairro":"MORRO SANTANA","urnas":3,"cia":"248ª Cia PM","unidade":"248cia","bpm":"52bpm","rotas":["OPR-R01"],"sem_rota":false}},{"type":"Feature","geometry":{"type":"Point","coordinates":[-43.4853125,-20.3853954]},"properties":{"tipo":"destino","id":"OPR-1724","municipio":"Ouro Preto","id_saida":"OPR-S1","nome":"ESCOLA MUNICIPAL ISAURA MENDES - PREDIO NOVO","endereco":"PRAÇA NOSSA SENHORA DA PIEDADE,  S/N","bairro":"PIEDADE","urnas":5,"cia":"248ª Cia PM","unidade":"248cia","bpm":"52bpm","rotas":["OPR-R02"],"sem_rota":false}},{"type":"Feature","geometry":{"type":"Point","coordinates":[-43.770391,-20.3500352]},"properties":{"tipo":"destino","id":"OPR-1325","municipio":"Ouro Preto","id_saida":"OPR-S1","nome":"ESCOLA MUNICIPAL JOSE ESTEVAM BRAGA","endereco":"RUA DA CAPELINHA, S/N CENTRO - DIST. ENG. CORREIA","bairro":"DISTRITO ENGENHEIRO CORREIA","urnas":1,"cia":"248ª Cia PM","unidade":"248cia","bpm":"52bpm","rotas":["OPR-R44"],"sem_rota":false}},{"type":"Feature","geometry":{"type":"Point","coordinates":[-43.550529,-20.5312596]},"properties":{"tipo":"destino","id":"OPR-1490","municipio":"Ouro Preto","id_saida":"OPR-S1","nome":"ESCOLA MUNICIPAL LEANDRA DONA COTA 2","endereco":"ESCOLA DE BANDEIRAS - DIST. SANTA RITA","bairro":"BANDEIRAS","urnas":1,"cia":"248ª Cia PM","unidade":"248cia","bpm":"52bpm","rotas":["OPR-R23"],"sem_rota":false}},{"type":"Feature","geometry":{"type":"Point","coordinates":[-43.7084276,-20.3134043]},"properties":{"tipo":"destino","id":"OPR-1406","municipio":"Ouro Preto","id_saida":"OPR-S1","nome":"ESCOLA MUNICIPAL MAJOR RAIMUNDO FELICISSIMO","endereco":"RUA FRANCISCO COELHO, 00 -  CENTRO - DIST. AMARANTINA","bairro":"DISTRITO AMARANTINA","urnas":7,"cia":"248ª Cia PM","unidade":"248cia","bpm":"52bpm","rotas":["OPR-R38"],"sem_rota":false}},{"type":"Feature","geometry":{"type":"Point","coordinates":[-43.5020486,-20.3904445]},"properties":{"tipo":"destino","id":"OPR-1112","municipio":"Ouro Preto","id_saida":"OPR-S1","nome":"ESCOLA MUNICIPAL MONSENHOR JOÃO CASTILHO BARBOSA","endereco":"RUA PREFEITO WASHINGTON DIAS, 29","bairro":"BARRA","urnas":5,"cia":"248ª Cia PM","unidade":"248cia","bpm":"52bpm","rotas":["OPR-R08"],"sem_rota":false}},{"type":"Feature","geometry":{"type":"Point","coordinates":[-43.773127,-20.4345733]},"properties":{"tipo":"destino","id":"OPR-1279","municipio":"Ouro Preto","id_saida":"OPR-S1","nome":"ESCOLA MUNICIPAL MONSENHOR RAFAEL","endereco":"RUA NOVA, S/N CENTRO - DIST. MIGUEL BURNIER","bairro":"DISTRITO MIGUEL BURNIER","urnas":1,"cia":"248ª Cia PM","unidade":"248cia","bpm":"52bpm","rotas":["OPR-R13"],"sem_rota":false}},{"type":"Feature","geometry":{"type":"Point","coordinates":[-43.612234,-20.4209355]},"properties":{"tipo":"destino","id":"OPR-1368","municipio":"Ouro Preto","id_saida":"OPR-S1","nome":"ESCOLA MUNICIPAL NOSSA SENHORA DAS GRAÇAS","endereco":"RUA PRINCIPAL, S/N BOCAINA - DIST. RODRIGO SILVA","bairro":"BOCAINA - DIST. RODRIGO SILVA","urnas":2,"cia":"248ª Cia PM","unidade":"248cia","bpm":"52bpm","rotas":["OPR-R27"],"sem_rota":false}},{"type":"Feature","geometry":{"type":"Point","coordinates":[-43.6963507,-20.3159147]},"properties":{"tipo":"destino","id":"OPR-1422","municipio":"Ouro Preto","id_saida":"OPR-S1","nome":"ESCOLA MUNICIPAL PADRE ANTONIO PEDROSA","endereco":"POVOADO DE COELHOS - DIST. AMARANTINA","bairro":"COELHOS - DIST. AMARANTINA","urnas":2,"cia":"248ª Cia PM","unidade":"248cia","bpm":"52bpm","rotas":["OPR-R39"],"sem_rota":false}},{"type":"Feature","geometry":{"type":"Point","coordinates":[-43.551264,-20.5320935]},"properties":{"tipo":"destino","id":"OPR-1481","municipio":"Ouro Preto","id_saida":"OPR-S1","nome":"ESCOLA MUNICIPAL PADRE MARTINS","endereco":"ESCOLA DE SANTO ANTONIO - DIST. SANTA RITA","bairro":"DISTRITO SANTA RITA DE OURO PRETO","urnas":1,"cia":"248ª Cia PM","unidade":"248cia","bpm":"52bpm","rotas":["OPR-R24"],"sem_rota":false}},{"type":"Feature","geometry":{"type":"Point","coordinates":[-43.489019,-20.3813846]},"properties":{"tipo":"destino","id":"OPR-1694","municipio":"Ouro Preto","id_saida":"OPR-S1","nome":"ESCOLA MUNICIPAL PROF. JUVENTINA DRUMMOND - PRÉDIO NOVO","endereco":"RUA SAO PEDRO, 20","bairro":"MORRO SANTANA","urnas":6,"cia":"248ª Cia PM","unidade":"248cia","bpm":"52bpm","rotas":["OPR-R01"],"sem_rota":false}},{"type":"Feature","geometry":{"type":"Point","coordinates":[-43.4952915,-20.4054351]},"properties":{"tipo":"destino","id":"OPR-1643","municipio":"Ouro Preto","id_saida":"OPR-S1","nome":"ESCOLA MUNICIPAL PROFESSOR ADHALMIR SANTOS MAIA","endereco":"RUA JORGE CARAM, S/N","bairro":"NOVO HORIZONTE","urnas":3,"cia":"248ª Cia PM","unidade":"248cia","bpm":"52bpm","rotas":["OPR-R03"],"sem_rota":false}},{"type":"Feature","geometry":{"type":"Point","coordinates":[-43.49421,-20.5759407]},"properties":{"tipo":"destino","id":"OPR-1503","municipio":"Ouro Preto","id_saida":"OPR-S1","nome":"ESCOLA MUNICIPAL PROFESSOR FRANCISCO PIGNATARO","endereco":"POVOADO MATA DOS PALMITOS - DIST. SANTA RITA","bairro":"MATA DOS PALMITOS - DIST. SANTA RITA","urnas":1,"cia":"248ª Cia PM","unidade":"248cia","bpm":"52bpm","rotas":["OPR-R22"],"sem_rota":false}},{"type":"Feature","geometry":{"type":"Point","coordinates":[-43.4294632,-20.5371915]},"properties":{"tipo":"destino","id":"OPR-1597","municipio":"Ouro Preto","id_saida":"OPR-S1","nome":"ESCOLA MUNICIPAL PROFESSOR WASHINGTON ANDRADE","endereco":"SERRA DOS CARDOSOS - DIST. SANTA RITA","bairro":"SERRA DOS CARDOSOS - DIST. SANTA RITA","urnas":1,"cia":"248ª Cia PM","unidade":"248cia","bpm":"52bpm","rotas":["OPR-R25"],"sem_rota":false}},{"type":"Feature","geometry":{"type":"Point","coordinates":[-43.823297,-20.4389293]},"properties":{"tipo":"destino","id":"OPR-1520","municipio":"Ouro Preto","id_saida":"OPR-S1","nome":"ESCOLA MUNICIPAL PROFESSORA CELINA DE MELO CRUZ","endereco":"RUA PRINCIPAL, S/N MOTTA - DIST. MIGUEL BURNIER","bairro":"MOTTA","urnas":1,"cia":"248ª Cia PM","unidade":"248cia","bpm":"52bpm","rotas":["OPR-R14"],"sem_rota":false}},{"type":"Feature","geometry":{"type":"Point","coordinates":[-43.5264775,-20.4083719]},"properties":{"tipo":"destino","id":"OPR-1635","municipio":"Ouro Preto","id_saida":"OPR-S1","nome":"ESCOLA MUNICIPAL RENÉ GIANNETTI","endereco":"RUA ADELAIDE ANSALONI, 1873","bairro":"SARAMENHA","urnas":2,"cia":"248ª Cia PM","unidade":"248cia","bpm":"52bpm","rotas":["OPR-R10"],"sem_rota":false}},{"type":"Feature","geometry":{"type":"Point","coordinates":[-43.5024637,-20.3812922]},"properties":{"tipo":"destino","id":"OPR-1120","municipio":"Ouro Preto","id_saida":"OPR-S1","nome":"ESCOLA MUNICIPAL SAO SEBASTIAO","endereco":"RUA RIO DAS VELHAS, S/N","bairro":"MORRO SAO SEBASTIAO","urnas":3,"cia":"248ª Cia PM","unidade":"248cia","bpm":"52bpm","rotas":["OPR-R01"],"sem_rota":false}},{"type":"Feature","geometry":{"type":"Point","coordinates":[-43.5095382,-20.4025903]},"properties":{"tipo":"destino","id":"OPR-1651","municipio":"Ouro Preto","id_saida":"OPR-S1","nome":"ESCOLA MUNICIPAL SIMAO LACERDA","endereco":"AV. PRES. JUSCELINO KUBITSCHEK, 132","bairro":"BAUXITA","urnas":4,"cia":"248ª Cia PM","unidade":"248cia","bpm":"52bpm","rotas":["OPR-R11"],"sem_rota":false}},{"type":"Feature","geometry":{"type":"Point","coordinates":[-43.5175088,-20.3974936]},"properties":{"tipo":"destino","id":"OPR-1236","municipio":"Ouro Preto","id_saida":"OPR-S1","nome":"ESCOLA MUNICIPAL TOMÁS ANTÔNIO GONZAGA","endereco":"RUA TOMÁS ANTÔNIO GONZAGA, 80","bairro":"SARAMENHA","urnas":6,"cia":"248ª Cia PM","unidade":"248cia","bpm":"52bpm","rotas":["OPR-R10"],"sem_rota":false}},{"type":"Feature","geometry":{"type":"Point","coordinates":[-43.5010148,-20.3955539]},"properties":{"tipo":"destino","id":"OPR-1716","municipio":"Ouro Preto","id_saida":"OPR-S1","nome":"INSTITUTO FEDERAL DE MINAS GERAIS","endereco":"RUA PANDIA CALOGERAS, 898","bairro":"MORRO DO CRUZEIRO","urnas":3,"cia":"248ª Cia PM","unidade":"248cia","bpm":"52bpm","rotas":["OPR-R12"],"sem_rota":false}},{"type":"Feature","geometry":{"type":"Point","coordinates":[-43.6190209,-20.3578918]},"properties":{"tipo":"destino","id":"OPR-1457","municipio":"Ouro Preto","id_saida":"OPR-S1","nome":"POSTO DE SAUDE - SERRA DO SIQUEIRA","endereco":"RUA SANTANA, 350 - DIST. CACHOEIRA DO CAMPO","bairro":"SERRA DO SIQUEIRA - DIST. CACHOEIRA DO CAMPO","urnas":1,"cia":"248ª Cia PM","unidade":"248cia","bpm":"52bpm","rotas":["OPR-R30"],"sem_rota":false}},{"type":"Feature","geometry":{"type":"Point","coordinates":[-43.66076,-20.2592801]},"properties":{"tipo":"destino","id":"OPR-1511","municipio":"Ouro Preto","id_saida":"OPR-S1","nome":"POSTO DE SAUDE - SOARES","endereco":"RUA DO CAMPO S/N SOARES - DIST. GLAURA","bairro":"SOARES GLAURA","urnas":1,"cia":"248ª Cia PM","unidade":"248cia","bpm":"52bpm","rotas":["OPR-R42"],"sem_rota":false}},{"type":"Feature","geometry":{"type":"Point","coordinates":[-43.578936,-20.312796]},"properties":{"tipo":"destino","id":"OPR-1600","municipio":"Ouro Preto","id_saida":"OPR-S1","nome":"SALAO COMUNITARIO DOUTOR","endereco":"VIRGILIO AMERICO LOPES S/N DOUTOR","bairro":"DISTRITO SÃO BARTOLOMEU","urnas":1,"cia":"248ª Cia PM","unidade":"248cia","bpm":"52bpm","rotas":["OPR-R32"],"sem_rota":false}},{"type":"Feature","geometry":{"type":"Point","coordinates":[-43.716977,-20.3555003]},"properties":{"tipo":"destino","id":"OPR-1317","municipio":"Ouro Preto","id_saida":"OPR-S1","nome":"SALÃO CLUBE DAS MÃES UNIDAS VENCEREMOS DO CATETE- ANTIG E. ANA RAFAELA","endereco":"RUA SANTA LUZIA - CATETE - DIST. SANTO ANTONIO DO LEITE","bairro":"CATETE - SANTO ANTONIO DO LEITE","urnas":1,"cia":"248ª Cia PM","unidade":"248cia","bpm":"52bpm","rotas":["OPR-R40"],"sem_rota":false}},{"type":"Feature","geometry":{"type":"Point","coordinates":[-43.5334935,-20.45785]},"properties":{"tipo":"destino","id":"OPR-1627","municipio":"Ouro Preto","id_saida":"OPR-S1","nome":"SALÃO COMUNITÁRIO - CHAPADA","endereco":"VILA CHAPADA, 173 - CHAPADA - DIST. LAVRAS NOVAS","bairro":"CHAPADA","urnas":1,"cia":"248ª Cia PM","unidade":"248cia","bpm":"52bpm","rotas":["OPR-R17"],"sem_rota":false}},{"type":"Feature","geometry":{"type":"Point","coordinates":[-43.413161,-20.3855794]},"properties":{"tipo":"destino","id":"MRN-1627","municipio":"Mariana","id_saida":"MRN-S1","nome":"ASSOCIAÇÃO DOS MORADORES DO BAIRRO SÃO JOSÉ","endereco":"RUA SALOMÃO DE VASCONCELOS, N 07","bairro":"SAO JOSE CHACARA","urnas":1,"cia":"239ª Cia PM","unidade":"239cia","bpm":"52bpm","rotas":["MRN-R39"],"sem_rota":false}},{"type":"Feature","geometry":{"type":"Point","coordinates":[-43.2936674,-20.3454794]},"properties":{"tipo":"destino","id":"MRN-1554","municipio":"Mariana","id_saida":"MRN-S1","nome":"CASA SÃO VICENTE DE PARACATU DE CIMA","endereco":"MARIANA","bairro":"PARACATU","urnas":1,"cia":"239ª Cia PM","unidade":"239cia","bpm":"52bpm","rotas":["MRN-R34"],"sem_rota":false}},{"type":"Feature","geometry":{"type":"Point","coordinates":[-43.407805,-20.3481425]},"properties":{"tipo":"destino","id":"MRN-1422","municipio":"Mariana","id_saida":"MRN-S1","nome":"CENTRO DE EDUCACAO MUNICIPAL PADRE AVELAR - CEMPA","endereco":"RODOVIA DO CONTORNO, 327","bairro":"SAO SEBASTIAO COLINA","urnas":14,"cia":"239ª Cia PM","unidade":"239cia","bpm":"52bpm","rotas":["MRN-R28"],"sem_rota":false}},{"type":"Feature","geometry":{"type":"Point","coordinates":[-43.417772,-20.3724323]},"properties":{"tipo":"destino","id":"MRN-1635","municipio":"Mariana","id_saida":"MRN-S1","nome":"CENTRO DE ESPECIALIDADES PREVINE","endereco":"RUA WENCESLAU BRAZ, N 461","bairro":"CENTRO","urnas":7,"cia":"239ª Cia PM","unidade":"239cia","bpm":"52bpm","rotas":["MRN-R40"],"sem_rota":false}},{"type":"Feature","geometry":{"type":"Point","coordinates":[-43.221685,-20.2528506]},"properties":{"tipo":"destino","id":"MRN-1244","municipio":"Mariana","id_saida":"MRN-S1","nome":"E. M.  PROFESSORA CELINA CÉLIA GOMES","endereco":"PRAÇA CARLOS LOBO, S/N","bairro":"AGUAS CLARAS","urnas":2,"cia":"239ª Cia PM","unidade":"239cia","bpm":"52bpm","rotas":["MRN-R11"],"sem_rota":false}},{"type":"Feature","geometry":{"type":"Point","coordinates":[-43.153736,-20.3350345]},"properties":{"tipo":"destino","id":"MRN-1287","municipio":"Mariana","id_saida":"MRN-S1","nome":"E. M. JOAQUIM EMÍLIO BAPTISTA","endereco":"RUA CUIABÁ, S/N","bairro":"GOIABEIRAS","urnas":1,"cia":"239ª Cia PM","unidade":"239cia","bpm":"52bpm","rotas":["MRN-R15"],"sem_rota":false}},{"type":"Feature","geometry":{"type":"Point","coordinates":[-43.418369,-20.3944912]},"properties":{"tipo":"destino","id":"MRN-1619","municipio":"Mariana","id_saida":"MRN-S1","nome":"E.E. JOÃO RAMOS FILHO","endereco":"RUA DIAMANTINA, 751","bairro":"CABANAS","urnas":5,"cia":"239ª Cia PM","unidade":"239cia","bpm":"52bpm","rotas":["MRN-R38"],"sem_rota":false}},{"type":"Feature","geometry":{"type":"Point","coordinates":[-43.417123,-20.3777725]},"properties":{"tipo":"destino","id":"MRN-1171","municipio":"Mariana","id_saida":"MRN-S1","nome":"ESCOLA ESTADUAL C. MAURO DE FARIA BANDEIRANTES","endereco":"RUA DA GLORIA, S/N","bairro":"BANDEIRANTES","urnas":4,"cia":"239ª Cia PM","unidade":"239cia","bpm":"52bpm","rotas":["MRN-R06"],"sem_rota":false}},{"type":"Feature","geometry":{"type":"Point","coordinates":[-43.416758,-20.3826639]},"properties":{"tipo":"destino","id":"MRN-1147","municipio":"Mariana","id_saida":"MRN-S1","nome":"ESCOLA ESTADUAL DOM BENEVIDES","endereco":"PRAÇA DOM BENEVIDES, 23","bairro":"CENTRO","urnas":10,"cia":"239ª Cia PM","unidade":"239cia","bpm":"52bpm","rotas":["MRN-R04"],"sem_rota":false}},{"type":"Feature","geometry":{"type":"Point","coordinates":[-43.416271,-20.3703114]},"properties":{"tipo":"destino","id":"MRN-1074","municipio":"Mariana","id_saida":"MRN-S1","nome":"ESCOLA ESTADUAL DOM SILVERIO","endereco":"AV MANOEL LEANDRO CORREA S/N","bairro":"CENTRO","urnas":13,"cia":"239ª Cia PM","unidade":"239cia","bpm":"52bpm","rotas":["MRN-R02"],"sem_rota":false}},{"type":"Feature","geometry":{"type":"Point","coordinates":[-43.208475,-20.3581312]},"properties":{"tipo":"destino","id":"MRN-1260","municipio":"Mariana","id_saida":"MRN-S1","nome":"ESCOLA ESTADUAL MONSENHOR MORAES FURQUIM","endereco":"PRACA MAGALHAES PINTO  , 08","bairro":"FURQUIM","urnas":4,"cia":"239ª Cia PM","unidade":"239cia","bpm":"52bpm","rotas":["MRN-R13"],"sem_rota":false}},{"type":"Feature","geometry":{"type":"Point","coordinates":[-43.353131,-20.3949629]},"properties":{"tipo":"destino","id":"MRN-1333","municipio":"Mariana","id_saida":"MRN-S1","nome":"ESCOLA ESTADUAL PADRE VIEGAS","endereco":"RUA PEDRO MARINHO GOMES, 67A","bairro":"PADRE VIEGAS","urnas":3,"cia":"239ª Cia PM","unidade":"239cia","bpm":"52bpm","rotas":["MRN-R20"],"sem_rota":false}},{"type":"Feature","geometry":{"type":"Point","coordinates":[-43.4442844,-20.3952361]},"properties":{"tipo":"destino","id":"MRN-1708","municipio":"Mariana","id_saida":"MRN-S1","nome":"ESCOLA MUNICIPAL AMÉLIA SANTOS","endereco":"RUA DO CAMPINHO, 210","bairro":"PASSAGEM DE MARIANA","urnas":8,"cia":"239ª Cia PM","unidade":"239cia","bpm":"52bpm","rotas":["MRN-R24"],"sem_rota":false}},{"type":"Feature","geometry":{"type":"Point","coordinates":[-43.198529,-20.213872]},"properties":{"tipo":"destino","id":"MRN-1236","municipio":"Mariana","id_saida":"MRN-S1","nome":"ESCOLA MUNICIPAL ANTONIO GABRIEL DE CARVALHO CLÁUDIO MANOEL","endereco":"RUA PROFESSOR DRUMOND, 23","bairro":"CLAUDIO MANOEL","urnas":3,"cia":"239ª Cia PM","unidade":"239cia","bpm":"52bpm","rotas":["MRN-R10"],"sem_rota":false}},{"type":"Feature","geometry":{"type":"Point","coordinates":[-43.271035,-20.3953584]},"properties":{"tipo":"destino","id":"MRN-1643","municipio":"Mariana","id_saida":"MRN-S1","nome":"ESCOLA MUNICIPAL ANÍBAL DE FREITAS","endereco":"RUA FIRMINO ULHÔA, S/N","bairro":"CACHOEIRA DO BRUMADO","urnas":6,"cia":"239ª Cia PM","unidade":"239cia","bpm":"52bpm","rotas":["MRN-R07"],"sem_rota":false}},{"type":"Feature","geometry":{"type":"Point","coordinates":[-43.438481,-20.3489478]},"properties":{"tipo":"destino","id":"MRN-1481","municipio":"Mariana","id_saida":"MRN-S1","nome":"ESCOLA MUNICIPAL CÔNEGO PAULO DILÁSCIO","endereco":"RUA OURO, 200","bairro":"morro santana","urnas":2,"cia":"239ª Cia PM","unidade":"239cia","bpm":"52bpm","rotas":["MRN-R31"],"sem_rota":false}},{"type":"Feature","geometry":{"type":"Point","coordinates":[-43.301279,-20.4415974]},"properties":{"tipo":"destino","id":"MRN-1341","municipio":"Mariana","id_saida":"MRN-S1","nome":"ESCOLA MUNICIPAL DE BARRO BRANCO","endereco":"RUA NOSSA SENHORA DA GLÓRIA, S/N","bairro":"BARRO BRANCO","urnas":2,"cia":"239ª Cia PM","unidade":"239cia","bpm":"52bpm","rotas":["MRN-R21"],"sem_rota":false}},{"type":"Feature","geometry":{"type":"Point","coordinates":[-43.407815,-20.3566492]},"properties":{"tipo":"destino","id":"MRN-1198","municipio":"Mariana","id_saida":"MRN-S1","nome":"ESCOLA MUNICIPAL DE BARROCA","endereco":"RUA SALOMÃO NEME, 361","bairro":"BARROCA","urnas":2,"cia":"239ª Cia PM","unidade":"239cia","bpm":"52bpm","rotas":["MRN-R08"],"sem_rota":false}},{"type":"Feature","geometry":{"type":"Point","coordinates":[-43.449094,-20.2975729]},"properties":{"tipo":"destino","id":"MRN-1201","municipio":"Mariana","id_saida":"MRN-S1","nome":"ESCOLA MUNICIPAL DE BENTO RODRIGUES","endereco":"RUA SAO BENTO, 620","bairro":"BENTO RODRIGUES","urnas":2,"cia":"239ª Cia PM","unidade":"239cia","bpm":"52bpm","rotas":["MRN-R09"],"sem_rota":false}},{"type":"Feature","geometry":{"type":"Point","coordinates":[-43.173861,-20.2621584]},"properties":{"tipo":"destino","id":"MRN-1252","municipio":"Mariana","id_saida":"MRN-S1","nome":"ESCOLA MUNICIPAL DE CAMPINAS","endereco":"RUA SANTA CRUZ, S/N","bairro":"CAMPINAS","urnas":1,"cia":"239ª Cia PM","unidade":"239cia","bpm":"52bpm","rotas":["MRN-R12"],"sem_rota":false}},{"type":"Feature","geometry":{"type":"Point","coordinates":[-43.338185,-20.4822183]},"properties":{"tipo":"destino","id":"MRN-1350","municipio":"Mariana","id_saida":"MRN-S1","nome":"ESCOLA MUNICIPAL DE MAINART","endereco":"PRAÇA SÃO GUILHERME, S/N","bairro":"MAINART","urnas":1,"cia":"239ª Cia PM","unidade":"239cia","bpm":"52bpm","rotas":["MRN-R22"],"sem_rota":false}},{"type":"Feature","geometry":{"type":"Point","coordinates":[-43.236851,-20.3256784]},"properties":{"tipo":"destino","id":"MRN-1694","municipio":"Mariana","id_saida":"MRN-S1","nome":"ESCOLA MUNICIPAL DE NOVO PARACATU DE BAIXO","endereco":"RUA MONSENHOR HORTA, 23","bairro":"Novo Paracatu de Baixo","urnas":1,"cia":"239ª Cia PM","unidade":"239cia","bpm":"52bpm","rotas":["MRN-R18"],"sem_rota":false}},{"type":"Feature","geometry":{"type":"Point","coordinates":[-43.429133,-20.3656131]},"properties":{"tipo":"destino","id":"MRN-1538","municipio":"Mariana","id_saida":"MRN-S1","nome":"ESCOLA MUNICIPAL DOM LUCIANO PEDRO MENDES DE ALMEIDA ROSARIO","endereco":"RUA PERIMETRAL SUCUPIRA,  S/N","bairro":"ROSARIO","urnas":8,"cia":"239ª Cia PM","unidade":"239cia","bpm":"52bpm","rotas":["MRN-R33"],"sem_rota":false}},{"type":"Feature","geometry":{"type":"Point","coordinates":[-43.41915,-20.3960472]},"properties":{"tipo":"destino","id":"MRN-1490","municipio":"Mariana","id_saida":"MRN-S1","nome":"ESCOLA MUNICIPAL DOM OSCAR DE OLIVEIRA","endereco":"RUA PASSAGEM DE MARIANA, 360","bairro":"SANTA RITA DE CASSIA","urnas":10,"cia":"239ª Cia PM","unidade":"239cia","bpm":"52bpm","rotas":["MRN-R32"],"sem_rota":false}},{"type":"Feature","geometry":{"type":"Point","coordinates":[-43.296635,-20.3449299]},"properties":{"tipo":"destino","id":"MRN-1309","municipio":"Mariana","id_saida":"MRN-S1","nome":"ESCOLA MUNICIPAL JADIR MACEDO MONSENHOR HORTA","endereco":"RUA SANTO ANTÔNIO, S/N","bairro":"MONSENHOR HORTA","urnas":4,"cia":"239ª Cia PM","unidade":"239cia","bpm":"52bpm","rotas":["MRN-R17"],"sem_rota":false}},{"type":"Feature","geometry":{"type":"Point","coordinates":[-43.418117,-20.3912899]},"properties":{"tipo":"destino","id":"MRN-1155","municipio":"Mariana","id_saida":"MRN-S1","nome":"ESCOLA MUNICIPAL MONSENHOR JOSE COTTA","endereco":"RUA DIAMANTINA, 281","bairro":"CABANAS","urnas":10,"cia":"239ª Cia PM","unidade":"239cia","bpm":"52bpm","rotas":["MRN-R05"],"sem_rota":false}},{"type":"Feature","geometry":{"type":"Point","coordinates":[-43.417475,-20.3719727]},"properties":{"tipo":"destino","id":"MRN-1457","municipio":"Mariana","id_saida":"MRN-S1","nome":"ESCOLA MUNICIPAL SANTA GODOY","endereco":"RUA WENCESLAU BRAS, S/N","bairro":"CENTRO","urnas":6,"cia":"239ª Cia PM","unidade":"239cia","bpm":"52bpm","rotas":["MRN-R30"],"sem_rota":false}},{"type":"Feature","geometry":{"type":"Point","coordinates":[-43.374775,-20.5313104]},"properties":{"tipo":"destino","id":"MRN-1368","municipio":"Mariana","id_saida":"MRN-S1","nome":"ESCOLA MUNICIPAL SERRA DO CARMO (POMBAL)","endereco":"POVOADO DO POMBAL / VARGEM","bairro":"VARGEM","urnas":2,"cia":"239ª Cia PM","unidade":"239cia","bpm":"52bpm","rotas":["MRN-R23"],"sem_rota":false}},{"type":"Feature","geometry":{"type":"Point","coordinates":[-43.414978,-20.1823405]},"properties":{"tipo":"destino","id":"MRN-1384","municipio":"Mariana","id_saida":"MRN-S1","nome":"ESCOLA MUNICIPAL SINHO MACHADO SANTA RITA DURÃO","endereco":"PRACA MATRIZ","bairro":"SANTA RITA DURÃO","urnas":5,"cia":"239ª Cia PM","unidade":"239cia","bpm":"52bpm","rotas":["MRN-R25"],"sem_rota":false}},{"type":"Feature","geometry":{"type":"Point","coordinates":[-43.42408,-20.3748871]},"properties":{"tipo":"destino","id":"MRN-1449","municipio":"Mariana","id_saida":"MRN-S1","nome":"ESCOLA MUNICIPAL WILSON PIMENTA FERREIRA","endereco":"RUA L,  S/N","bairro":"SANTO ANTONIO","urnas":4,"cia":"239ª Cia PM","unidade":"239cia","bpm":"52bpm","rotas":["MRN-R29"],"sem_rota":false}},{"type":"Feature","geometry":{"type":"Point","coordinates":[-43.415846,-20.3753111]},"properties":{"tipo":"destino","id":"MRN-1414","municipio":"Mariana","id_saida":"MRN-S1","nome":"GRUPO ESCOLAR DR. GOMES FREIRE","endereco":"AV. GETULIO VARGAS  , 54","bairro":"CENTRO","urnas":8,"cia":"239ª Cia PM","unidade":"239cia","bpm":"52bpm","rotas":["MRN-R27"],"sem_rota":false}},{"type":"Feature","geometry":{"type":"Point","coordinates":[-43.414416,-20.3817128]},"properties":{"tipo":"destino","id":"MRN-1686","municipio":"Mariana","id_saida":"MRN-S1","nome":"ICHS/UFOP - INSTITUTO DE CIENCIAS HUMANAS E SOCIAIS","endereco":"RUA DO SEMINARIO, S/N","bairro":"CENTRO","urnas":11,"cia":"239ª Cia PM","unidade":"239cia","bpm":"52bpm","rotas":["MRN-R41"],"sem_rota":false}},{"type":"Feature","geometry":{"type":"Point","coordinates":[-43.419125,-20.3771988]},"properties":{"tipo":"destino","id":"MRN-1058","municipio":"Mariana","id_saida":"MRN-S1","nome":"INSTITUTO DE CIÊNCIAS SOCIAIS APLICADAS - UFOP","endereco":"RUA DO CATETE, 166","bairro":"CENTRO","urnas":22,"cia":"239ª Cia PM","unidade":"239cia","bpm":"52bpm","rotas":["MRN-R01","MRN-R03"],"sem_rota":false}},{"type":"Feature","geometry":{"type":"Point","coordinates":[-43.402772,-20.2603817]},"properties":{"tipo":"destino","id":"MRN-1570","municipio":"Mariana","id_saida":"MRN-S1","nome":"POSTO DE SAÚDE DE CAMARGOS","endereco":"RUA DO CRUZEIRO, S/N","bairro":"CAMARGOS","urnas":2,"cia":"239ª Cia PM","unidade":"239cia","bpm":"52bpm","rotas":["MRN-R35"],"sem_rota":false}},{"type":"Feature","geometry":{"type":"Point","coordinates":[-43.143555,-20.433857]},"properties":{"tipo":"destino","id":"MRN-1279","municipio":"Mariana","id_saida":"MRN-S1","nome":"POSTO DE SAÚDE DE CONSTANTINO","endereco":"RUA SAGRADO CORAÇÃO DE JESUS, S/N","bairro":"CONSTANTINO","urnas":1,"cia":"239ª Cia PM","unidade":"239cia","bpm":"52bpm","rotas":["MRN-R14"],"sem_rota":false}},{"type":"Feature","geometry":{"type":"Point","coordinates":[-43.174901,-20.3178973]},"properties":{"tipo":"destino","id":"MRN-1406","municipio":"Mariana","id_saida":"MRN-S1","nome":"POSTO DE SAÚDE DE CUIABA","endereco":"RUA PRINCIPAL, S/N","bairro":"CUIABA","urnas":1,"cia":"239ª Cia PM","unidade":"239cia","bpm":"52bpm","rotas":["MRN-R26"],"sem_rota":false}},{"type":"Feature","geometry":{"type":"Point","coordinates":[-43.190422,-20.2795224]},"properties":{"tipo":"destino","id":"MRN-1295","municipio":"Mariana","id_saida":"MRN-S1","nome":"POSTO DE SAÚDE DE PEDRAS","endereco":"RUA ANTÔNIO, S/N","bairro":"PEDRAS","urnas":1,"cia":"239ª Cia PM","unidade":"239cia","bpm":"52bpm","rotas":["MRN-R16"],"sem_rota":false}},{"type":"Feature","geometry":{"type":"Point","coordinates":[-43.296988,-20.2701604]},"properties":{"tipo":"destino","id":"MRN-1325","municipio":"Mariana","id_saida":"MRN-S1","nome":"SALÃO COMUNITÁRIO DE PONTE DO GAMA","endereco":"PONTE DO GAMA","bairro":"PONTE DO GAMA","urnas":1,"cia":"239ª Cia PM","unidade":"239cia","bpm":"52bpm","rotas":["MRN-R19"],"sem_rota":false}},{"type":"Feature","geometry":{"type":"Point","coordinates":[-43.414077,-20.364823]},"properties":{"tipo":"destino","id":"MRN-1597","municipio":"Mariana","id_saida":"MRN-S1","nome":"SENAI - MARIANA","endereco":"RODOVIA DO CONTORNO, S/N.","bairro":"SAO SEBASTIAO COLINA","urnas":5,"cia":"239ª Cia PM","unidade":"239cia","bpm":"52bpm","rotas":["MRN-R37"],"sem_rota":false}},{"type":"Feature","geometry":{"type":"Point","coordinates":[-43.418534,-20.3592451]},"properties":{"tipo":"destino","id":"MRN-1589","municipio":"Mariana","id_saida":"MRN-S1","nome":"UNIPAC - FACULDADE PRESIDENTE ANTÔNIO CARLOS","endereco":"RUA ANTÔNIO ALVES, 78","bairro":"SAO CRISTOVAO","urnas":10,"cia":"239ª Cia PM","unidade":"239cia","bpm":"52bpm","rotas":["MRN-R36"],"sem_rota":false}},{"type":"Feature","geometry":{"type":"Point","coordinates":[-43.8004247,-20.255387]},"properties":{"tipo":"destino","id":"ITB-1589","municipio":"Itabirito","id_saida":"ITB-S1","nome":"ADESITA/ADESIAP","endereco":"RUA DR. GUILHERME, 44","bairro":"CENTRO","urnas":3,"cia":"250ª Cia PM","unidade":"250cia","bpm":"52bpm","rotas":["ITB-R01","ITB-R19"],"sem_rota":false}},{"type":"Feature","geometry":{"type":"Point","coordinates":[-43.8035687,-20.2483285]},"properties":{"tipo":"destino","id":"ITB-1449","municipio":"Itabirito","id_saida":"ITB-S1","nome":"APAE","endereco":"RUA DR. EURICO RODRIGUES 378","bairro":"PRAIA","urnas":6,"cia":"250ª Cia PM","unidade":"250cia","bpm":"52bpm","rotas":["ITB-R02"],"sem_rota":false}},{"type":"Feature","geometry":{"type":"Point","coordinates":[-43.7926578,-20.2533837]},"properties":{"tipo":"destino","id":"ITB-1481","municipio":"Itabirito","id_saida":"ITB-S1","nome":"ASSOCIAÇÃO COMUNITÁRIA DO ALTO DA ANTENA","endereco":"RUA DONA CRISTINA, 440","bairro":"INCONFIDENTES","urnas":2,"cia":"250ª Cia PM","unidade":"250cia","bpm":"52bpm","rotas":["ITB-R03"],"sem_rota":false}},{"type":"Feature","geometry":{"type":"Point","coordinates":[-43.8067698,-20.2505526]},"properties":{"tipo":"destino","id":"ITB-1260","municipio":"Itabirito","id_saida":"ITB-S1","nome":"CEAE - CENTRO ESTADUAL DE ATENÇÃO ESPECIALIZADA - BAIRRO SAUDADE","endereco":"RUA ANTÔNIO CARLOS, 282","bairro":"SAUDADE","urnas":3,"cia":"250ª Cia PM","unidade":"250cia","bpm":"52bpm","rotas":["ITB-R04"],"sem_rota":false}},{"type":"Feature","geometry":{"type":"Point","coordinates":[-43.8004101,-20.2531581]},"properties":{"tipo":"destino","id":"ITB-1627","municipio":"Itabirito","id_saida":"ITB-S1","nome":"CMEI - CELINA SALOMÉ ALVES DE OLIVEIRA","endereco":"RUA BELO HORIZONTE, 998","bairro":"LOURDES","urnas":6,"cia":"250ª Cia PM","unidade":"250cia","bpm":"52bpm","rotas":["ITB-R05"],"sem_rota":false}},{"type":"Feature","geometry":{"type":"Point","coordinates":[-43.793661,-20.2381514]},"properties":{"tipo":"destino","id":"ITB-1562","municipio":"Itabirito","id_saida":"ITB-S1","nome":"CMEI - CENTRO MUNICIPAL DE ED. INFANTIL-ZILEIA ZENITH RODRIGUES BAETA","endereco":"ALAMEDA ALVARENGA PEIXOTO, N 20","bairro":"QUINTA DOS INCONFIDENTES","urnas":1,"cia":"250ª Cia PM","unidade":"250cia","bpm":"52bpm","rotas":["ITB-R06"],"sem_rota":false}},{"type":"Feature","geometry":{"type":"Point","coordinates":[-43.8095835,-20.2464921]},"properties":{"tipo":"destino","id":"ITB-1465","municipio":"Itabirito","id_saida":"ITB-S1","nome":"CMEI - DONA BARATINHA","endereco":"RUA RODRIGUES SILVA, N 389","bairro":"VILA GONÇALO","urnas":3,"cia":"250ª Cia PM","unidade":"250cia","bpm":"52bpm","rotas":["ITB-R07"],"sem_rota":false}},{"type":"Feature","geometry":{"type":"Point","coordinates":[-43.7969203,-20.2661127]},"properties":{"tipo":"destino","id":"ITB-1570","municipio":"Itabirito","id_saida":"ITB-S1","nome":"CMEI - TIA LOLINHA","endereco":"RUA ACURUÍ, N 518","bairro":"PADRE ADELMO FERREIRA DA SILVA","urnas":1,"cia":"250ª Cia PM","unidade":"250cia","bpm":"52bpm","rotas":["ITB-R08"],"sem_rota":false}},{"type":"Feature","geometry":{"type":"Point","coordinates":[-43.7975115,-20.2484705]},"properties":{"tipo":"destino","id":"ITB-1635","municipio":"Itabirito","id_saida":"ITB-S1","nome":"CMEI MARIA HELENA ASSIS PARANHOS","endereco":"AVENIDA MANOEL SALVADOR DE OLIVEIRA, 1828","bairro":"BELA VISTA","urnas":3,"cia":"250ª Cia PM","unidade":"250cia","bpm":"52bpm","rotas":["ITB-R09"],"sem_rota":false}},{"type":"Feature","geometry":{"type":"Point","coordinates":[-43.7942811,-20.2622027]},"properties":{"tipo":"destino","id":"ITB-1368","municipio":"Itabirito","id_saida":"ITB-S1","nome":"CRAS - CASA DA FAMÍLIA","endereco":"RUA ANA MARIA TEIXEIRA, 435","bairro":"CARDOSO","urnas":4,"cia":"250ª Cia PM","unidade":"250cia","bpm":"52bpm","rotas":["ITB-R10"],"sem_rota":false}},{"type":"Feature","geometry":{"type":"Point","coordinates":[-43.8037555,-20.2542742]},"properties":{"tipo":"destino","id":"ITB-1120","municipio":"Itabirito","id_saida":"ITB-S1","nome":"ESCOLA ESTADUAL DR RAUL SOARES","endereco":"RUA GETÚLIO VARGAS, 148","bairro":"CENTRO","urnas":7,"cia":"250ª Cia PM","unidade":"250cia","bpm":"52bpm","rotas":["ITB-R11"],"sem_rota":false}},{"type":"Feature","geometry":{"type":"Point","coordinates":[-43.8138421,-20.2555515]},"properties":{"tipo":"destino","id":"ITB-1252","municipio":"Itabirito","id_saida":"ITB-S1","nome":"ESCOLA ESTADUAL HENRIQUE MICHEL","endereco":"RUA DA CARIOCA, 628","bairro":"SANTA RITA","urnas":7,"cia":"250ª Cia PM","unidade":"250cia","bpm":"52bpm","rotas":["ITB-R12"],"sem_rota":false}},{"type":"Feature","geometry":{"type":"Point","coordinates":[-43.7932969,-20.2562018]},"properties":{"tipo":"destino","id":"ITB-1554","municipio":"Itabirito","id_saida":"ITB-S1","nome":"ESCOLA ESTADUAL INTENDENTE CÂMARA","endereco":"RUA CAPITÃO SERAFIM, N 43","bairro":"SANTA EFIGÊNIA","urnas":7,"cia":"250ª Cia PM","unidade":"250cia","bpm":"52bpm","rotas":["ITB-R13"],"sem_rota":false}},{"type":"Feature","geometry":{"type":"Point","coordinates":[-43.808276,-20.2477096]},"properties":{"tipo":"destino","id":"ITB-1287","municipio":"Itabirito","id_saida":"ITB-S1","nome":"ESCOLA ESTADUAL PROF TIBÚRCIO","endereco":"RUA RODRIGUES SILVA, 186","bairro":"VILA GONÇALO","urnas":7,"cia":"250ª Cia PM","unidade":"250cia","bpm":"52bpm","rotas":["ITB-R14"],"sem_rota":false}},{"type":"Feature","geometry":{"type":"Point","coordinates":[-43.8103762,-20.2606624]},"properties":{"tipo":"destino","id":"ITB-1414","municipio":"Itabirito","id_saida":"ITB-S1","nome":"ESCOLA MUNICIPAL ANA AMÉLIA QUEIROZ","endereco":"RUA PETÚNIA, S/N","bairro":"VILA GUTIERREZ","urnas":4,"cia":"250ª Cia PM","unidade":"250cia","bpm":"52bpm","rotas":["ITB-R15"],"sem_rota":false}},{"type":"Feature","geometry":{"type":"Point","coordinates":[-43.7805187,-20.2601513]},"properties":{"tipo":"destino","id":"ITB-1503","municipio":"Itabirito","id_saida":"ITB-S1","nome":"ESCOLA MUNICIPAL ANJINHO DOURADO","endereco":"RUA CECÍLIA MEIRELES","bairro":"NOVO ITABIRITO","urnas":3,"cia":"250ª Cia PM","unidade":"250cia","bpm":"52bpm","rotas":["ITB-R16"],"sem_rota":false}},{"type":"Feature","geometry":{"type":"Point","coordinates":[-43.808393,-20.1920573]},"properties":{"tipo":"destino","id":"ITB-1619","municipio":"Itabirito","id_saida":"ITB-S1","nome":"ESCOLA MUNICIPAL ANTÔNIO TOLEDO SOBRINHO","endereco":"MARZAGÃO","bairro":"MARZAGAo - 22 KM","urnas":2,"cia":"250ª Cia PM","unidade":"250cia","bpm":"52bpm","rotas":["ITB-R17"],"sem_rota":false}},{"type":"Feature","geometry":{"type":"Point","coordinates":[-43.7226234,-20.2100178]},"properties":{"tipo":"destino","id":"ITB-1295","municipio":"Itabirito","id_saida":"ITB-S1","nome":"ESCOLA MUNICIPAL DO ACURUÍ","endereco":"RUA PRINCIPAL","bairro":"DISTRITO ACURUÍ","urnas":2,"cia":"250ª Cia PM","unidade":"250cia","bpm":"52bpm","rotas":["ITB-R18"],"sem_rota":false}},{"type":"Feature","geometry":{"type":"Point","coordinates":[-43.7747998,-20.2157188]},"properties":{"tipo":"destino","id":"ITB-1600","municipio":"Itabirito","id_saida":"ITB-S1","nome":"ESCOLA MUNICIPAL DÁRIA ALVES DA SILVA COUTO","endereco":"ALAMEDA DOS JACARANDÁS, N 581","bairro":"PORTÕES - 18 KM","urnas":2,"cia":"250ª Cia PM","unidade":"250cia","bpm":"52bpm","rotas":[],"sem_rota":true}},{"type":"Feature","geometry":{"type":"Point","coordinates":[-43.8083904,-20.2417596]},"properties":{"tipo":"destino","id":"ITB-1325","municipio":"Itabirito","id_saida":"ITB-S1","nome":"ESCOLA MUNICIPAL GUILHERME HALLAIS FRANÇA","endereco":"RUA PADRE JOSÉ TORQUATO, 234","bairro":"SANTO ANTÔNIO","urnas":4,"cia":"250ª Cia PM","unidade":"250cia","bpm":"52bpm","rotas":["ITB-R20"],"sem_rota":false}},{"type":"Feature","geometry":{"type":"Point","coordinates":[-43.7990872,-20.2509369]},"properties":{"tipo":"destino","id":"ITB-1392","municipio":"Itabirito","id_saida":"ITB-S1","nome":"ESCOLA MUNICIPAL JOSÉ FERREIRA BASTOS","endereco":"RUA CORONEL AFONSO DE MOURA CASTRO, 255","bairro":"BELA VISTA","urnas":5,"cia":"250ª Cia PM","unidade":"250cia","bpm":"52bpm","rotas":["ITB-R21"],"sem_rota":false}},{"type":"Feature","geometry":{"type":"Point","coordinates":[-43.953346,-20.208777]},"properties":{"tipo":"destino","id":"ITB-1546","municipio":"Itabirito","id_saida":"ITB-S1","nome":"ESCOLA MUNICIPAL JUANITA DONADA FRANÇA (CMEI DE ÁGUA LIMPA)","endereco":"RUA ISOLINA MARIA DOS REIS SILVA, N 175","bairro":"ÁGUA LIMPA - 80 KM","urnas":3,"cia":"250ª Cia PM","unidade":"250cia","bpm":"52bpm","rotas":["ITB-R22"],"sem_rota":false}},{"type":"Feature","geometry":{"type":"Point","coordinates":[-43.8033739,-20.2250094]},"properties":{"tipo":"destino","id":"ITB-1279","municipio":"Itabirito","id_saida":"ITB-S1","nome":"ESCOLA MUNICIPAL LAURA QUEIROZ","endereco":"RUA ADELINO FERNANDES, S/ N","bairro":"ESPERANÇA","urnas":2,"cia":"250ª Cia PM","unidade":"250cia","bpm":"52bpm","rotas":["ITB-R23"],"sem_rota":false}},{"type":"Feature","geometry":{"type":"Point","coordinates":[-43.7792193,-20.2513216]},"properties":{"tipo":"destino","id":"ITB-1341","municipio":"Itabirito","id_saida":"ITB-S1","nome":"ESCOLA MUNICIPAL MANOEL SALVADOR DE OLIVEIRA","endereco":"RUA 13, S/N (PRÓXIMO AO N 1095 DA RUA FRANCISCO JOSÉ DE CARVALHO)","bairro":"SÃO JOSÉ","urnas":8,"cia":"250ª Cia PM","unidade":"250cia","bpm":"52bpm","rotas":["ITB-R24"],"sem_rota":false}},{"type":"Feature","geometry":{"type":"Point","coordinates":[-43.9181587,-20.3483514]},"properties":{"tipo":"destino","id":"ITB-1350","municipio":"Itabirito","id_saida":"ITB-S1","nome":"ESCOLA MUNICIPAL MARIA DO CARMO PEREIRA - RIBEIRÃO DO EIXO","endereco":"RIBEIRÃO DO EIXO","bairro":"RIBEIRÃO DO EIXO ESTRADA - 70 KM","urnas":1,"cia":"250ª Cia PM","unidade":"250cia","bpm":"52bpm","rotas":["ITB-R27"],"sem_rota":false}},{"type":"Feature","geometry":{"type":"Point","coordinates":[-43.7900792,-20.2583495]},"properties":{"tipo":"destino","id":"ITB-1406","municipio":"Itabirito","id_saida":"ITB-S1","nome":"ESCOLA MUNICIPAL NATÁLIA DONADA MELILLO","endereco":"RUA JOÃO PINHEIRO, 1071","bairro":"SANTA EFIGÊNIA","urnas":7,"cia":"250ª Cia PM","unidade":"250cia","bpm":"52bpm","rotas":["ITB-R25"],"sem_rota":false}},{"type":"Feature","geometry":{"type":"Point","coordinates":[-43.8323161,-20.2835901]},"properties":{"tipo":"destino","id":"ITB-1201","municipio":"Itabirito","id_saida":"ITB-S1","nome":"ESCOLA MUNICIPAL PROF OLÍMPIA MALHEIROS","endereco":"DISTRITO DO CÓRREGO DO BAÇÃO","bairro":"CÓRREGO DO BAÇÃO","urnas":2,"cia":"250ª Cia PM","unidade":"250cia","bpm":"52bpm","rotas":["ITB-R26"],"sem_rota":false}},{"type":"Feature","geometry":{"type":"Point","coordinates":[-43.823606,-20.266353]},"properties":{"tipo":"destino","id":"ITB-1597","municipio":"Itabirito","id_saida":"ITB-S1","nome":"ESCOLA MUNICIPAL VÔ DOTE","endereco":"RUA AIMORÉS, N 245","bairro":"MUNU","urnas":3,"cia":"250ª Cia PM","unidade":"250cia","bpm":"52bpm","rotas":["ITB-R28"],"sem_rota":false}},{"type":"Feature","geometry":{"type":"Point","coordinates":[-43.8019574,-20.2541503]},"properties":{"tipo":"destino","id":"ITB-1139","municipio":"Itabirito","id_saida":"ITB-S1","nome":"ESCOLA PROFESSOR JAYME DE SOUZA MARTINS","endereco":"PRAÇA SÃO SEBASTIÃO, 159","bairro":"CENTRO","urnas":4,"cia":"250ª Cia PM","unidade":"250cia","bpm":"52bpm","rotas":["ITB-R29"],"sem_rota":false}},{"type":"Feature","geometry":{"type":"Point","coordinates":[-43.8465822,-20.3358739]},"properties":{"tipo":"destino","id":"ITB-1309","municipio":"Itabirito","id_saida":"ITB-S1","nome":"ESCOLA PÚBLICA SÃO GONÇALO DO BAÇÃO","endereco":"DISTRITO DE SÃO GONÇALO DO BAÇÃO","bairro":"DISTRITO DE SÃO GONÇALO DO BAÇÃO","urnas":2,"cia":"250ª Cia PM","unidade":"250cia","bpm":"52bpm","rotas":["ITB-R30"],"sem_rota":false}},{"type":"Feature","geometry":{"type":"Point","coordinates":[-43.8049535,-20.2449191]},"properties":{"tipo":"destino","id":"ITB-1333","municipio":"Itabirito","id_saida":"ITB-S1","nome":"GINÁSIO INDUSTRIAL EST. ENG. QUEIROZ JÚNIOR","endereco":"AVENIDA QUEIROZ JUNIOR, 1675","bairro":"SANTO ANTÔNIO","urnas":7,"cia":"250ª Cia PM","unidade":"250cia","bpm":"52bpm","rotas":["ITB-R31"],"sem_rota":false}},{"type":"Feature","geometry":{"type":"Point","coordinates":[-43.8184457,-20.2581587]},"properties":{"tipo":"destino","id":"ITB-1147","municipio":"Itabirito","id_saida":"ITB-S1","nome":"GINÁSIO POLIESPORTIVO FRANCISCO CARLOS BERNARDES DE OLIVEIRA","endereco":"RUA VINTE E DOIS DE MAIO, 247","bairro":"SANTA RITA","urnas":6,"cia":"250ª Cia PM","unidade":"250cia","bpm":"52bpm","rotas":["ITB-R32"],"sem_rota":false}},{"type":"Feature","geometry":{"type":"Point","coordinates":[-43.7929366,-20.2553568]},"properties":{"tipo":"destino","id":"ITB-1244","municipio":"Itabirito","id_saida":"ITB-S1","nome":"IFMG","endereco":"R. JOSÉ BENEDITO, 139","bairro":"SANTA EFIGÊNIA","urnas":8,"cia":"250ª Cia PM","unidade":"250cia","bpm":"52bpm","rotas":["ITB-R33"],"sem_rota":false}},{"type":"Feature","geometry":{"type":"Point","coordinates":[-43.8707162,-20.3632674]},"properties":{"tipo":"destino","id":"ITB-1376","municipio":"Itabirito","id_saida":"ITB-S1","nome":"POSTO DE SAÚDE DO SABOEIRO","endereco":"SABOEIRO","bairro":"SABOEIRO","urnas":1,"cia":"250ª Cia PM","unidade":"250cia","bpm":"52bpm","rotas":["ITB-R34"],"sem_rota":false}},{"type":"Feature","geometry":{"type":"Point","coordinates":[-43.8067874,-20.2523165]},"properties":{"tipo":"destino","id":"ITB-1015","municipio":"Itabirito","id_saida":"ITB-S1","nome":"SALÃO PAROQUIAL NOSSA SRA DA BOA VIAGEM","endereco":"PRAÇA DOM SILVÉRIO, 40","bairro":"BAIRRO BOA VIAGEM","urnas":4,"cia":"250ª Cia PM","unidade":"250cia","bpm":"52bpm","rotas":["ITB-R35"],"sem_rota":false}},{"type":"Feature","geometry":{"type":"Point","coordinates":[-43.8001639,-20.2551195]},"properties":{"tipo":"destino","id":"ITB-1104","municipio":"Itabirito","id_saida":"ITB-S1","nome":"SECRETARIA DE DESENVOLVIMENTO ECONÔMICO DE ITABIRITO/MG","endereco":"PRAÇA DR. GUILHERME, 169","bairro":"CENTRO","urnas":1,"cia":"250ª Cia PM","unidade":"250cia","bpm":"52bpm","rotas":["ITB-R36"],"sem_rota":false}},{"type":"Feature","geometry":{"type":"Point","coordinates":[-43.8043936,-20.2481745]},"properties":{"tipo":"destino","id":"ITB-1317","municipio":"Itabirito","id_saida":"ITB-S1","nome":"UBS - NOSSA SENHORA DO BONSUCESSO","endereco":"BONSUCESSO","bairro":"BONSUCESSO","urnas":1,"cia":"250ª Cia PM","unidade":"250cia","bpm":"52bpm","rotas":["ITB-R37"],"sem_rota":false}}]}